delivered,local_fresh,raw_scan,conditional_expected,graph_connected,telemetry_stale,command_stale,range_rmse,offset_rmse,range_interval90,offset_interval90,capped_aoi_s,aoi_cap_fraction,early_report_rate,early_local_rate,eligible_targets,early_reports,energy_wh,distance_km,min_separation_m,collision_steps,switches,calibration_fraction,observations,scenario,seed,policy,source_sha256,exogenous_sha256,run_id,runtime_s,extension_sha256,delivered_p10,delivered_below_half_fraction,dataset,accepted_moves,mean_recruited_vessels
0.7595168962011235,0.7989246409160073,0.455885698413168,0.45715513175092415,0.5234493192133132,0.016893595562279373,0.0,0.0968456918216426,0.24172777111775323,1.0,1.0,40.28823714256997,0.05909646223393652,0.9166666666666666,0.9444444444444444,36,33,363.80309017338766,0.9020373986000637,2496.3470673188476,0,0,0.0,13409,moving_front,7010,fixed_ring,24bfb8b9aac5b87f9f268595cf4462964bd3a01da9d8089f51ed740d780fee86,5c27fd92e06c33f2542baf1700cf25e04b52092d15caab1ec4dc802b1a93834e,005444f8ab4a84e1b559ccfb,6.264661973999864,f000d324411431a807bac72657424c44472cc457a2b2f856442e941850c00046,0.4886926527325636,0.11043872919818457,main_nominal,,
0.8416725602077839,0.8536751772137169,0.5198271077230832,0.521670412733378,0.6671709531013615,0.0,0.0,0.13096170191161646,0.38428278548881195,1.0,1.0,25.73148119810385,0.030830694407230144,0.8888888888888888,0.8888888888888888,36,32,363.79675408598905,0.8821280422290942,2496.5469586240915,0,0,0.0,15996,moving_front,7014,fixed_ring,24bfb8b9aac5b87f9f268595cf4462964bd3a01da9d8089f51ed740d780fee86,358f3d3ac5e4c7943da7c4ded7230c7e4afe2570f3a3d3555871e5543b789f00,01e4d00c9e7bfb63ed69d9f1,6.702853362000042,f000d324411431a807bac72657424c44472cc457a2b2f856442e941850c00046,0.6302437521986901,0.019667170953101363,main_nominal,,
0.7706048285426121,0.783015002521432,0.4161623802319717,0.41623147431421215,0.8804841149773072,0.0,0.0,0.16509500226913912,0.4019044993876837,1.0,1.0,33.51928895612708,0.033188350983358546,0.9444444444444444,0.9444444444444444,36,34,363.4354048300562,0.906298851515332,2496.9812993656305,0,0,0.0,17873,sensor_fault,7016,fixed_ring,24bfb8b9aac5b87f9f268595cf4462964bd3a01da9d8089f51ed740d780fee86,c01d3e850dcea516d0864d501fedc94fd615e60fababbc941400707247a8bedb,021329c26b177b7cc1c1febc,7.168692194999949,f000d324411431a807bac72657424c44472cc457a2b2f856442e941850c00046,0.6927083333333333,0.0030257186081694403,main_nominal,,
0.8807389073998351,0.8891477721630331,0.5600700092017377,0.5608714146132965,0.7034795763993948,0.0,0.0,0.15030285381770497,0.3909832696501511,1.0,1.0,21.976538258367906,0.03289733267378526,1.0,1.0,36,36,487.0653689739111,9.584779107349176,1542.2075128097506,0,55,0.0,16932,moving_front,7014,greedy_sparse,24bfb8b9aac5b87f9f268595cf4462964bd3a01da9d8089f51ed740d780fee86,358f3d3ac5e4c7943da7c4ded7230c7e4afe2570f3a3d3555871e5543b789f00,021e9eb2a041400a64b88fa2,17.88884012099993,f000d324411431a807bac72657424c44472cc457a2b2f856442e941850c00046,0.7038147665642669,0.01361573373676248,main_nominal,55.0,1.8333333333333333
0.8206408082438904,0.8334784102709943,0.5052252149937219,0.5060004457951334,0.7473524962178517,0.0,0.0,0.0878574113184274,0.181063563210593,1.0,1.0,33.74605320120664,0.06037550446254651,0.8888888888888888,0.8888888888888888,36,32,2116.1574838156093,42.04588917585824,1074.9923101484198,0,10,0.0,17001,moving_front,7013,adaptive,24bfb8b9aac5b87f9f268595cf4462964bd3a01da9d8089f51ed740d780fee86,0aace0ec30ee371a7c2663e2411d8b6b713bd3c12b78091846cea85ee9e6f3b4,028da571bdbb4bedab682b22,10.745168659,f000d324411431a807bac72657424c44472cc457a2b2f856442e941850c00046,0.6006920813901074,0.03328290468986384,main_nominal,,
0.7333427887039837,0.7634423852748361,0.39762985375693394,0.39744677857418625,0.6081694402420574,0.004286434694906707,0.0,0.175788990497202,0.2618709559610363,0.9523449319213313,1.0,35.52067574382249,0.028555219364599094,1.0,1.0,36,36,363.43374751221853,0.9067021394510542,2497.109581653059,0,0,0.0,14196,sensor_fault,7010,fixed_ring,24bfb8b9aac5b87f9f268595cf4462964bd3a01da9d8089f51ed740d780fee86,c0265f2f5da1b8f1e6334a7d1da15d24852be86831d4583cf0a020b238d73be2,039b019a1bf757087d8c5db6,12.65486292200012,f000d324411431a807bac72657424c44472cc457a2b2f856442e941850c00046,0.609375,0.028744326777609682,main_nominal,,
0.7925176500252141,0.8126260716086736,0.4415973272818961,0.44122932593190456,0.8154311649016641,0.005799293998991427,0.0,0.16474334511715666,0.3960769135851914,0.9596570852244074,1.0,28.0950973903177,0.02196009833585476,1.0,1.0,36,36,385.75114783702406,3.804677217278385,2229.1185253612907,0,31,0.0,17139,sensor_fault,7018,greedy_sparse,24bfb8b9aac5b87f9f268595cf4462964bd3a01da9d8089f51ed740d780fee86,20cbee7be12f3041b6f80dfbab6cf06c7cd24e2dceeb098a373acea1952196d8,03c8ce91fc25a36ff57f5be2,18.309187284000018,f000d324411431a807bac72657424c44472cc457a2b2f856442e941850c00046,0.6927083333333333,0.012102874432677761,main_nominal,31.0,1.0333333333333334
0.4193299293998991,0.5413278492183559,0.2941408219868885,0.29397612269643364,0.24962178517397882,0.15708522440746342,0.00151285930408472,0.04771680704143572,0.29289110566664905,1.0,1.0,112.13868664901665,0.24924357034795763,0.5555555555555556,0.5833333333333334,36,20,363.9401459394874,1.2254032090478664,2494.2900632974706,0,0,0.0,8377,storm,7006,fixed_ring,24bfb8b9aac5b87f9f268595cf4462964bd3a01da9d8089f51ed740d780fee86,5772c05e39ffe56db9fe4d550c615751b591862ac0732ff00bde5b9c136479f3,04837f80b599c08234061135,4.611231367999949,f000d324411431a807bac72657424c44472cc457a2b2f856442e941850c00046,0.057291666666666664,0.6732223903177005,main_nominal,,
0.785142460917801,0.7934789460413514,0.4151065305093292,0.41478550855474394,0.9304084720121029,0.0,0.0,0.1610693121550175,0.40243472177968775,1.0,1.0,31.895801815431167,0.03177004538577912,0.9722222222222222,0.9722222222222222,36,35,407.5785898351785,4.58143307399527,2208.2054831060877,0,11,0.0,19386,sensor_fault,7016,fungal,24bfb8b9aac5b87f9f268595cf4462964bd3a01da9d8089f51ed740d780fee86,c01d3e850dcea516d0864d501fedc94fd615e60fababbc941400707247a8bedb,059f73c40e361a08b0fcfa18,18.219277951000095,f000d324411431a807bac72657424c44472cc457a2b2f856442e941850c00046,0.6979166666666665,0.0,main_nominal,11.0,1.1
0.8259733648671059,0.8518674567106358,0.5076888782425274,0.5102141745968513,0.5264750378214826,0.0017650025214321732,0.0,0.10234127854328998,0.22946768462926062,1.0,1.0,30.536034808507733,0.04380987699049762,0.9166666666666666,0.9166666666666666,36,33,463.1818444525833,8.723347241893087,1390.9808040199055,0,58,0.0,13800,moving_front,7007,greedy_sparse,24bfb8b9aac5b87f9f268595cf4462964bd3a01da9d8089f51ed740d780fee86,4359898ad5beb32bbf1d8eff13ccc594cdb32a36c3aec06531a94f326fed618b,05af4a7b6a9ad3a94216ad50,14.905694591000156,f000d324411431a807bac72657424c44472cc457a2b2f856442e941850c00046,0.5973931397025677,0.05597579425113464,main_nominal,58.0,1.9333333333333333
0.8402404719278768,0.8513374183317491,0.5173334366528033,0.5183113937893296,0.6732223903177005,0.0005042864346949066,0.0,0.06030952180075768,0.24605520023443625,1.0,1.0,29.70904612238927,0.04947756089399772,0.9444444444444444,0.9444444444444444,36,34,489.699731024299,9.346267195909602,1444.3742280288516,0,56,0.0,16153,moving_front,7004,greedy_sparse,24bfb8b9aac5b87f9f268595cf4462964bd3a01da9d8089f51ed740d780fee86,33909bb95a53710954872d70bc5591af92a450651324e9fef7a21e0a1cd4da1e,05ca25889f0deb3d03a5de8d,15.185377848000144,f000d324411431a807bac72657424c44472cc457a2b2f856442e941850c00046,0.6099566211571565,0.025718608169440244,main_nominal,56.0,1.8666666666666667
0.8460583079740605,0.8553096656968596,0.5077329944934035,0.5071342959260208,0.7397881996974282,0.0,0.0,0.09111925708766548,0.24476314299093657,1.0,1.0,25.974495002185048,0.03408639689861818,1.0,1.0,36,36,510.7471342665693,12.4693004757001,1476.7697772008758,0,50,0.0,17129,moving_front,7003,deadline_fusion,24bfb8b9aac5b87f9f268595cf4462964bd3a01da9d8089f51ed740d780fee86,ddbf34503eff23fbcd394039890145ec197c5f33f339d9222c1ea54ac42702a6,05d8f96d45b7f5ac0cfd6cf0,41.35731674900012,f000d324411431a807bac72657424c44472cc457a2b2f856442e941850c00046,0.6310054628384836,0.039334341906202726,main_nominal,50.0,4.933333333333334
0.7557362581946545,0.7834404942007059,0.4203306227937468,0.4210811133122449,0.5385779122541604,0.0020171457387796266,0.0,0.17673232707263578,0.39518032060322594,0.953857791225416,1.0,33.3392035426122,0.027326021180030254,0.9444444444444444,0.9444444444444444,36,34,363.5782375527266,1.16557598665155,2481.8764150741313,0,17,0.0,13433,sensor_fault,7007,adaptive,24bfb8b9aac5b87f9f268595cf4462964bd3a01da9d8089f51ed740d780fee86,b9aa9c192ff362205c201c037cc4f3c7c2aba8b7e0c4fd0ef068255fea54f756,05e5ccc3d295fa13de422440,7.0330726389997835,f000d324411431a807bac72657424c44472cc457a2b2f856442e941850c00046,0.6354166666666665,0.024205748865355523,main_nominal,,
0.8134393328155063,0.8256577023749456,0.5214700116160447,0.5210268009296332,0.7261724659606656,0.0,0.0,0.07742866225646264,0.2513201218029825,1.0,1.0,37.4445073067182,0.06870545980480734,1.0,1.0,36,36,1874.9398930473733,36.76883967506438,989.5347073864477,0,11,0.0,16800,moving_front,7011,adaptive,24bfb8b9aac5b87f9f268595cf4462964bd3a01da9d8089f51ed740d780fee86,a045df01d14234cb96176801d87713dde0c5b1030233001228c3094e00dd4a73,06539b4ff2bf1f50b8a1b6c2,9.29038401799994,f000d324411431a807bac72657424c44472cc457a2b2f856442e941850c00046,0.5970187482141649,0.036308623298033284,main_nominal,,
0.8438901928429936,0.8551498264614337,0.5247960591113713,0.5256120182801824,0.7246596066565809,0.0,0.0,0.10667271007194926,0.19815503467576814,1.0,1.0,26.535745765055328,0.03489417179185553,0.9722222222222222,0.9722222222222222,36,35,501.3419052493301,11.779201167752275,1523.575606858102,0,49,0.0,16816,moving_front,7009,deadline_fusion,24bfb8b9aac5b87f9f268595cf4462964bd3a01da9d8089f51ed740d780fee86,6e2d005a512f8f795588b53a08d35435fd833e215d9a9396f9ada02b8104fa48,067f78e8e4b3484453256bb6,43.49301916199988,f000d324411431a807bac72657424c44472cc457a2b2f856442e941850c00046,0.6380151875795013,0.037821482602118005,main_nominal,49.0,4.883333333333334
0.4722169692385274,0.5561097453353504,0.30767776096822996,0.3081793456645175,0.2526475037821483,0.040090771558245086,0.0,0.059144029281143005,0.23838010493486023,1.0,1.0,104.6310829551185,0.23787348714069592,0.6944444444444444,0.75,36,25,414.5001744446763,5.56805804758396,1759.3478313830005,0,42,0.0,9301,storm,7010,greedy_sparse,24bfb8b9aac5b87f9f268595cf4462964bd3a01da9d8089f51ed740d780fee86,c0265f2f5da1b8f1e6334a7d1da15d24852be86831d4583cf0a020b238d73be2,07742233ac2f7a8614f2bbba,16.99493554700007,f000d324411431a807bac72657424c44472cc457a2b2f856442e941850c00046,0.14583333333333331,0.6747352496217852,main_nominal,42.0,1.5666666666666667
0.7716606782652546,0.7834483736762481,0.41547686585980825,0.4155103021310013,0.7549167927382754,0.0,0.0,0.15262294903198295,0.29150916083150447,1.0,1.0,31.442456190115983,0.02155036560766515,0.9444444444444444,0.9444444444444444,36,34,363.43476179170125,0.9097252225183037,2496.7555652072747,0,0,0.0,16295,sensor_fault,7004,fixed_ring,24bfb8b9aac5b87f9f268595cf4462964bd3a01da9d8089f51ed740d780fee86,1ffbd60f44c9f81edacbd6236060262a241240e41dabbe8776c51fac2266503a,07b258ed0c0b4918a0d81c7c,5.905427622999923,f000d324411431a807bac72657424c44472cc457a2b2f856442e941850c00046,0.6822916666666666,0.0015128593040847202,main_nominal,,
0.4714053832576903,0.5665500504286435,0.31375283661119513,0.3131318239814979,0.24357034795763993,0.04790721129601613,0.0,0.08271401517773788,0.3165336019043006,1.0,1.0,101.75479860060513,0.2245729324256177,0.7777777777777778,0.7777777777777778,36,28,440.91322142865147,8.760072953521135,1803.9449904469361,0,39,0.0,8717,storm,7015,economic,24bfb8b9aac5b87f9f268595cf4462964bd3a01da9d8089f51ed740d780fee86,b549dfc41676c63078393edb7074f42e4f0927a271f4a7ecca93c1f6bdaa8078,07ef50d0a71484f8dbdc9d6b,13.489314025999875,f000d324411431a807bac72657424c44472cc457a2b2f856442e941850c00046,0.16145833333333331,0.6732223903177005,main_nominal,39.0,3.8833333333333333
0.8393371923396743,0.8586765059376652,0.5426683366751263,0.5430338391279463,0.5824508320726173,0.0025214321734745334,0.0,0.1261153879361736,0.28016134657079506,1.0,1.0,26.5595786189602,0.03307196460069128,0.9166666666666666,0.9166666666666666,36,33,478.27790376023046,8.836194059527967,1515.0003086547554,0,56,0.0,14423,moving_front,7000,recruitment,24bfb8b9aac5b87f9f268595cf4462964bd3a01da9d8089f51ed740d780fee86,5bd218142e142fa4278b4a5cda21ab3f6b168aad1e4f87cf0725f2f9c148a9ed,0a4faa08725e5cb0c4b42f1e,14.586424636999936,f000d324411431a807bac72657424c44472cc457a2b2f856442e941850c00046,0.6095118006876077,0.049924357034795766,main_nominal,56.0,1.8666666666666667
0.5246233610690871,0.5842394730206757,0.3189926878466969,0.3200669800644119,0.3177004538577912,0.024205748865355523,0.0,0.07867072721353507,0.32568122875951255,1.0,1.0,93.59997478567826,0.2087036686838124,0.7777777777777778,0.7777777777777778,36,28,432.25492007195476,7.517179375406138,1417.5180809028416,0,23,0.0,10880,storm,7008,deadline_fusion,24bfb8b9aac5b87f9f268595cf4462964bd3a01da9d8089f51ed740d780fee86,61fbc2c3c47ea0b2f394bf19d5d944ff33916305affd279efd1232b2237e443b,0b0a756a6d4f8c4e9d1214a5,37.627215731000206,f000d324411431a807bac72657424c44472cc457a2b2f856442e941850c00046,0.21354166666666669,0.6414523449319214,main_nominal,23.0,2.25
0.8550018910741302,0.860919377206253,0.4665279878971256,0.46735929682292104,0.9288956127080181,0.0,0.0,0.19964881167446824,0.42876122734113403,1.0,1.0,20.065478441754912,0.014033345940494197,0.9444444444444444,0.9444444444444444,36,34,386.4925796723357,4.80362045462645,2128.9424370871193,0,34,0.0,19271,sensor_fault,7014,economic,24bfb8b9aac5b87f9f268595cf4462964bd3a01da9d8089f51ed740d780fee86,ac5fa5d877e58450b21b5619aadcad71ab1db9e7cd210fd1cd516ef4a934c028,0b0d3f2534080b4915e20989,19.27557372199999,f000d324411431a807bac72657424c44472cc457a2b2f856442e941850c00046,0.7760416666666666,0.0,main_nominal,34.0,3.3833333333333333
0.795133635905194,0.8042186712052445,0.41249842410489146,0.41302219413867314,0.8940998487140696,0.0,0.0,0.18114883991013553,0.4016192232308885,0.8908219868885526,1.0,27.15247573121533,0.017988842662632374,0.9444444444444444,0.9444444444444444,36,34,410.65643759317334,4.611198867662264,2115.9290516224532,0,16,0.0,18831,sensor_fault,7009,fungal,24bfb8b9aac5b87f9f268595cf4462964bd3a01da9d8089f51ed740d780fee86,956a9ceb80df2feb4bb3b76f79213a7f0cb93b60e4835d44d36852e549355e78,0b459436eb33dc2eb4796140,15.981934785999783,f000d324411431a807bac72657424c44472cc457a2b2f856442e941850c00046,0.6927083333333333,0.0045385779122541605,main_nominal,16.0,1.5166666666666666
0.7632611573373677,0.7869074634392333,0.40580874936964195,0.40595925650879155,0.7579425113464447,0.0037821482602118004,0.0,0.17244008343803402,0.26207874458457425,0.9578920827029752,1.0,31.0690872415532,0.02061270801815431,1.0,1.0,36,36,379.36570722036936,2.863080566215401,2235.542212631508,0,23,0.0,16175,sensor_fault,7010,recruitment,24bfb8b9aac5b87f9f268595cf4462964bd3a01da9d8089f51ed740d780fee86,c0265f2f5da1b8f1e6334a7d1da15d24852be86831d4583cf0a020b238d73be2,0bec75269a5a7022399130af,22.821128183999917,f000d324411431a807bac72657424c44472cc457a2b2f856442e941850c00046,0.65625,0.02723146747352496,main_nominal,23.0,0.7833333333333333
0.7727322869389813,0.7962367624810892,0.4431811018658597,0.44344960600805616,0.6686838124054463,0.00680786686838124,0.0,0.17059527444678757,0.3954406748453264,0.9576399394856279,1.0,31.690738464447808,0.0267744578920827,0.9444444444444444,0.9444444444444444,36,34,376.0806618168509,3.156407765964856,2437.248175153342,0,15,0.0,15275,sensor_fault,7018,adaptive,24bfb8b9aac5b87f9f268595cf4462964bd3a01da9d8089f51ed740d780fee86,20cbee7be12f3041b6f80dfbab6cf06c7cd24e2dceeb098a373acea1952196d8,0cc50c0b61a41a9f7a4c7df6,9.541022912999779,f000d324411431a807bac72657424c44472cc457a2b2f856442e941850c00046,0.671875,0.015128593040847202,main_nominal,,
0.8090741086048929,0.842869569906279,0.5102475796409124,0.5105213611958959,0.6066565809379728,0.01059001512859304,0.0,0.10556281497835546,0.2447053298791876,1.0,1.0,32.22445431073824,0.05113156905547361,0.9722222222222222,1.0,36,35,503.9846309946353,13.054818445371327,1478.637081888947,0,58,0.0,14795,moving_front,7010,economic,24bfb8b9aac5b87f9f268595cf4462964bd3a01da9d8089f51ed740d780fee86,5c27fd92e06c33f2542baf1700cf25e04b52092d15caab1ec4dc802b1a93834e,0da37e48d36ebbe17e1cdaab,16.41403173499998,f000d324411431a807bac72657424c44472cc457a2b2f856442e941850c00046,0.5459470020283084,0.09228441754916793,main_nominal,58.0,5.8
0.452250378214826,0.533590204236006,0.2819512733232476,0.28122004831313413,0.2813918305597579,0.05068078668683811,0.0,0.05307562173156426,0.29211019450899817,1.0,1.0,106.40778649773071,0.2372904059505799,0.5555555555555556,0.6388888888888888,36,20,447.8495792612347,8.835223792971709,1517.2834141447568,0,31,0.0,9751,storm,7006,deadline_fusion,24bfb8b9aac5b87f9f268595cf4462964bd3a01da9d8089f51ed740d780fee86,5772c05e39ffe56db9fe4d550c615751b591862ac0732ff00bde5b9c136479f3,0e72791b94d1fee1ec9cbe34,36.91445527600001,f000d324411431a807bac72657424c44472cc457a2b2f856442e941850c00046,0.12499999999999999,0.6686838124054463,main_nominal,31.0,3.1
0.7965834594049419,0.801917864346949,0.4255389561270802,0.4243097969729705,0.9167927382753404,0.0,0.0,0.18231124336195267,0.5665536804665771,0.9581442259203227,0.967221381744831,28.9339069591528,0.025600416036308624,0.9166666666666666,0.9166666666666666,36,33,396.963427242648,4.006508624351129,2172.351274763957,0,11,0.0,19495,sensor_fault,7012,fungal,24bfb8b9aac5b87f9f268595cf4462964bd3a01da9d8089f51ed740d780fee86,6ef10a6f8528f48913779ce02125f8ae67ac504fa24b04f7d539448adf330dc7,0ec52a6a71f878a0116dc9fc,37.607769350000126,f000d324411431a807bac72657424c44472cc457a2b2f856442e941850c00046,0.7135416666666666,0.0,main_nominal,11.0,1.1
0.444441817952597,0.5835775970751387,0.3270849092284417,0.32707750356723375,0.25113464447806355,0.17498739283913264,0.004034291477559253,0.03478708154357339,0.22770636691157933,1.0,1.0,102.32377552950075,0.21506240544629346,0.8055555555555556,0.8333333333333334,36,29,363.9281156606999,1.2037570953607837,2493.861060638701,0,0,0.0,8287,storm,7007,fixed_ring,24bfb8b9aac5b87f9f268595cf4462964bd3a01da9d8089f51ed740d780fee86,b9aa9c192ff362205c201c037cc4f3c7c2aba8b7e0c4fd0ef068255fea54f756,0ff428cd1b7e0d3657a79f9c,4.618048306999981,f000d324411431a807bac72657424c44472cc457a2b2f856442e941850c00046,0.0625,0.6792738275340393,main_nominal,,
0.7852291351487644,0.7989630610186584,0.4359556227937469,0.4375001583664859,0.7760968229954615,0.0005042864346949066,0.0,0.20086163746587013,0.49072202746867677,0.9573877962682803,0.9989914271306103,33.196545637922334,0.041225416036308624,0.9166666666666666,0.9166666666666666,36,33,385.1944793164715,3.1767659754483666,2178.73606357427,0,23,0.0,16278,sensor_fault,7000,recruitment,24bfb8b9aac5b87f9f268595cf4462964bd3a01da9d8089f51ed740d780fee86,5f8536aad221b558feae01abd9e48012ffd43f0d986448ef31076303591affbe,1026ab8222db95c2e44dc32a,18.102117765999992,f000d324411431a807bac72657424c44472cc457a2b2f856442e941850c00046,0.6614583333333333,0.006051437216338881,main_nominal,23.0,0.7666666666666667
0.8208366902181092,0.8290868041493004,0.5091517438943997,0.5106676558874453,0.7881996974281392,0.0,0.0,0.09501099554777809,0.23575972418923408,1.0,1.0,33.29418464755126,0.0557202579738048,0.9444444444444444,0.9444444444444444,36,34,2073.589002780999,40.806335890706386,934.0744593799201,0,6,0.0,17887,moving_front,7003,adaptive,24bfb8b9aac5b87f9f268595cf4462964bd3a01da9d8089f51ed740d780fee86,ddbf34503eff23fbcd394039890145ec197c5f33f339d9222c1ea54ac42702a6,1040f7c978b03ba97907f0b9,11.260482045000117,f000d324411431a807bac72657424c44472cc457a2b2f856442e941850c00046,0.5988954704094156,0.04236006051437216,main_nominal,,
0.7993143870589074,0.8115958911675728,0.46102129221859817,0.4625633332010112,0.7700453857791225,0.0,0.0,0.11357127989333596,0.1895020773999511,1.0,1.0,31.439311737721365,0.03728639006865043,1.0,1.0,36,36,409.2448333315724,2.360920385492573,2246.3478151461377,0,0,0.0,17370,moving_front,7013,static_tuned,24bfb8b9aac5b87f9f268595cf4462964bd3a01da9d8089f51ed740d780fee86,0aace0ec30ee371a7c2663e2411d8b6b713bd3c12b78091846cea85ee9e6f3b4,11c85f041c17257e39f54bf3,7.199179609000112,f000d324411431a807bac72657424c44472cc457a2b2f856442e941850c00046,0.528704322455013,0.08472012102874432,main_nominal,0.0,0.0
0.4716417675239536,0.5986352748361069,0.3446561396873424,0.3439301384232874,0.24357034795763993,0.11800302571860817,0.0,0.04904931813516175,0.31301912948916566,1.0,1.0,95.20092662632375,0.19574193141704488,0.6388888888888888,0.6388888888888888,36,23,363.9476153288737,1.2460881671246629,2494.870140049163,0,0,0.0,8300,storm,7005,fixed_ring,24bfb8b9aac5b87f9f268595cf4462964bd3a01da9d8089f51ed740d780fee86,e5eb0adce92def657b42daaff1168729498af6b7f7eacaec91555308393fbb04,12bddb42a320ac4e924319ea,5.104864912000039,f000d324411431a807bac72657424c44472cc457a2b2f856442e941850c00046,0.125,0.6580937972768532,main_nominal,,
0.8093876071608672,0.8240591906202721,0.4233721003530004,0.42422272412249035,0.8835098335854765,0.0020171457387796266,0.0,0.18426531945260788,0.4902229538287009,0.9606656580937972,1.0,23.091078857791224,0.010416666666666668,0.9714285714285714,0.9714285714285714,35,34,384.4296201300842,3.435768095897341,2118.98937046112,0,24,0.0,18284,sensor_fault,7001,recruitment,24bfb8b9aac5b87f9f268595cf4462964bd3a01da9d8089f51ed740d780fee86,9b5a428363b62ad024a6d518c6bdc283191d1cf8739502f5298786104f688bf6,12e25d4daff207d5857e3be0,18.588142150000294,f000d324411431a807bac72657424c44472cc457a2b2f856442e941850c00046,0.6927083333333333,0.0045385779122541605,main_nominal,24.0,0.7833333333333333
0.85032936207766,0.8560577407967723,0.46371501512859303,0.4644599218268804,0.9485627836611196,0.0,0.0,0.20905369111906502,0.4298569620747544,1.0,1.0,21.34806007312153,0.01895013867876954,0.9444444444444444,0.9444444444444444,36,34,408.8675103302386,2.342935687603033,2247.2519720152345,0,0,0.0,19665,sensor_fault,7014,static_tuned,24bfb8b9aac5b87f9f268595cf4462964bd3a01da9d8089f51ed740d780fee86,ac5fa5d877e58450b21b5619aadcad71ab1db9e7cd210fd1cd516ef4a934c028,133d40d021a53deba236429b,15.268921182999748,f000d324411431a807bac72657424c44472cc457a2b2f856442e941850c00046,0.7708333333333333,0.0,main_nominal,0.0,0.0
0.7651782871427179,0.7804767874981519,0.42206419717270777,0.42170501990543985,0.6475037821482602,0.0,0.0,0.09010548067700655,0.291026605554782,1.0,1.0,39.49461233624098,0.05627403816504466,0.9444444444444444,0.9444444444444444,36,34,409.2634474529176,2.3415459792760887,2246.8239086519193,0,0,0.0,15751,moving_front,7006,static_tuned,24bfb8b9aac5b87f9f268595cf4462964bd3a01da9d8089f51ed740d780fee86,ab258b21f7221620284a3215d026dafd75f9efdf5bedb3e529bdff643d2065af,13bff28917e629c1b16bcf37,5.818040084999893,f000d324411431a807bac72657424c44472cc457a2b2f856442e941850c00046,0.46824443867385784,0.14523449319213314,main_nominal,0.0,0.0
0.5118034543620776,0.5636976802824003,0.31024646999495714,0.3104324175541193,0.3040847201210287,0.022440746343923346,0.0,0.06240748731973212,0.1894663278283001,1.0,1.0,99.10126701966715,0.22547907211296014,0.6944444444444444,0.7222222222222222,36,25,466.91147453814756,10.30243645062816,1763.1479462615814,0,36,0.0,10790,storm,7013,deadline_fusion,24bfb8b9aac5b87f9f268595cf4462964bd3a01da9d8089f51ed740d780fee86,7566b3dd58ba1b4b73cead9a88da4a0d93430742ea574afa5e3d674dbfd7a1c5,14891b4e0106cd0ceeb5781c,50.409301111999866,f000d324411431a807bac72657424c44472cc457a2b2f856442e941850c00046,0.19791666666666666,0.6293494704992436,main_nominal,36.0,3.566666666666667
0.7646715834594049,0.7866474407463439,0.40343702723146746,0.4035795795853388,0.783661119515885,0.0032778618255168935,0.0,0.1715595079553873,0.2621522309416041,0.9601613716591023,1.0,31.192243444276347,0.023354765506807866,1.0,1.0,36,36,399.09033056238,4.015187202656111,2184.87619195011,0,9,0.0,16722,sensor_fault,7010,fungal,24bfb8b9aac5b87f9f268595cf4462964bd3a01da9d8089f51ed740d780fee86,c0265f2f5da1b8f1e6334a7d1da15d24852be86831d4583cf0a020b238d73be2,14d3a44ef3b70e6c3b8fd561,26.14795306699989,f000d324411431a807bac72657424c44472cc457a2b2f856442e941850c00046,0.6510416666666666,0.028744326777609682,main_nominal,9.0,0.9
0.5264041225416036,0.5656281517902169,0.3163215456379223,0.31596407353558287,0.3237518910741301,0.009077155824508323,0.0,0.05939577577311197,0.18162194299861273,1.0,1.0,99.31491899899142,0.23101046394351987,0.7777777777777778,0.7777777777777778,36,28,418.83648750436976,6.261053814364661,1911.967381560725,0,16,0.0,11471,storm,7002,fungal,24bfb8b9aac5b87f9f268595cf4462964bd3a01da9d8089f51ed740d780fee86,fb367cc0d79aa8d9c98eb2a529262d3fdb12211bf1a4b9a1df875515bb387ab8,158b6afb1c5daffb55cb9644,14.704641637999998,f000d324411431a807bac72657424c44472cc457a2b2f856442e941850c00046,0.23958333333333331,0.6520423600605144,main_nominal,16.0,1.6
0.8341776443402877,0.848409729487417,0.4996833952913845,0.5010494789263041,0.708018154311649,0.0002521432173474533,0.0,0.11008027775427214,0.18614723526536553,1.0,1.0,27.360967272459714,0.03700226573665255,0.9166666666666666,0.9166666666666666,36,33,498.42151524899305,11.937744094549952,1620.262865058011,0,50,0.0,16525,moving_front,7013,deadline_fusion,24bfb8b9aac5b87f9f268595cf4462964bd3a01da9d8089f51ed740d780fee86,0aace0ec30ee371a7c2663e2411d8b6b713bd3c12b78091846cea85ee9e6f3b4,15e103bc233ee5c10ea136cf,44.97361285300008,f000d324411431a807bac72657424c44472cc457a2b2f856442e941850c00046,0.5993691924535037,0.06202723146747353,main_nominal,50.0,5.0
0.801352612786401,0.8369329382345556,0.4991396205279764,0.49951751342634015,0.5809379727685325,0.01361573373676248,0.0,0.09893738664866936,0.2400577479663369,1.0,1.0,33.658754257193756,0.053264515835756386,0.9722222222222222,1.0,36,35,485.4156833822859,9.944548800952502,1446.6226176995358,0,59,0.0,14437,moving_front,7010,greedy_sparse,24bfb8b9aac5b87f9f268595cf4462964bd3a01da9d8089f51ed740d780fee86,5c27fd92e06c33f2542baf1700cf25e04b52092d15caab1ec4dc802b1a93834e,16d1a8054923d6a037ca0166,17.30742759000009,f000d324411431a807bac72657424c44472cc457a2b2f856442e941850c00046,0.581083193858588,0.08925869894099848,main_nominal,59.0,1.9666666666666666
0.4463013741805345,0.5858311270801814,0.33578385022692886,0.3352702488192273,0.22995461422087746,0.15153807362581947,0.0020171457387796266,0.07797254626561388,0.32932744257624935,1.0,1.0,101.75751701966718,0.20976739788199697,0.7777777777777778,0.7777777777777778,36,28,1185.5905623148963,24.877465287025924,1691.9947668859566,0,31,0.0,8017,storm,7017,adaptive,24bfb8b9aac5b87f9f268595cf4462964bd3a01da9d8089f51ed740d780fee86,fded3c51bb367e0df8af6f8249b634fefe0cc389845c26618e90a9b29d9c3139,16e941c0d67c1cd5d85d8cde,9.026960615999997,f000d324411431a807bac72657424c44472cc457a2b2f856442e941850c00046,0.07291666666666666,0.670196671709531,main_nominal,,
0.7661595782154129,0.8038234876954243,0.46931857307509467,0.46625961758167067,0.5446293494704992,0.009833585476550681,0.0,0.12189376018910142,0.23507484512909238,1.0,1.0,39.50921891104644,0.05664437884230579,0.9722222222222222,0.9722222222222222,36,35,363.80021493655374,0.8997779720412096,2496.019762866042,0,0,0.0,13661,moving_front,7019,fixed_ring,24bfb8b9aac5b87f9f268595cf4462964bd3a01da9d8089f51ed740d780fee86,7fc013544a2434726446cf0cb1c220e784a923ebb4fc53407d1bf1d9ae765b5f,178ba4bd3398df0a8d1a3889,6.735016717000008,f000d324411431a807bac72657424c44472cc457a2b2f856442e941850c00046,0.4490022903783254,0.14069591527987896,main_nominal,,
0.7997510085728693,0.8051484493192134,0.42612991679273826,0.42509438471397715,0.9198184568835098,0.0,0.0,0.1794641818639554,0.5658628501291728,0.9601613716591023,0.9674735249621785,28.27699508320726,0.023709341906202722,0.9444444444444444,0.9444444444444444,36,34,388.53658215936844,5.48037040228674,2078.3730223696552,0,26,0.0,19542,sensor_fault,7012,economic,24bfb8b9aac5b87f9f268595cf4462964bd3a01da9d8089f51ed740d780fee86,6ef10a6f8528f48913779ce02125f8ae67ac504fa24b04f7d539448adf330dc7,17e22b0d58a07c19f428baf1,19.943507472999954,f000d324411431a807bac72657424c44472cc457a2b2f856442e941850c00046,0.7187499999999999,0.0,main_nominal,26.0,2.6
0.4789145234493191,0.5571655950579929,0.3057236510337872,0.3059037432030893,0.25718608169440244,0.037821482602118005,0.0,0.06926108844271578,0.23822390779054942,1.0,1.0,104.19018690115986,0.2363921457387796,0.7777777777777778,0.8333333333333334,36,28,411.6457363093379,5.554433577638781,2092.5212737368593,0,15,0.0,9389,storm,7010,fungal,24bfb8b9aac5b87f9f268595cf4462964bd3a01da9d8089f51ed740d780fee86,c0265f2f5da1b8f1e6334a7d1da15d24852be86831d4583cf0a020b238d73be2,1838423a555d97bcf94c4470,14.658858199000179,f000d324411431a807bac72657424c44472cc457a2b2f856442e941850c00046,0.18229166666666666,0.6732223903177005,main_nominal,15.0,1.4666666666666666
0.7880263489662126,0.7971192637418052,0.4247667675239535,0.4231143618716797,0.8456883509833586,0.0,0.0,0.18319621870113384,0.5662923990450882,0.9531013615733737,0.9667170953101362,29.560837430660612,0.022795322743318202,0.8888888888888888,0.9166666666666666,36,32,368.75838815820407,1.8993263803661342,2385.0291131443173,0,7,0.0,18195,sensor_fault,7012,adaptive,24bfb8b9aac5b87f9f268595cf4462964bd3a01da9d8089f51ed740d780fee86,6ef10a6f8528f48913779ce02125f8ae67ac504fa24b04f7d539448adf330dc7,18c93279a4bff1106e2ae98e,22.30623829299975,f000d324411431a807bac72657424c44472cc457a2b2f856442e941850c00046,0.6927083333333333,0.0015128593040847202,main_nominal,,
0.7820064296520424,0.7910914649520927,0.4128608799798285,0.4124079693123328,0.9288956127080181,0.0,0.0,0.15925796272080378,0.40210942258780263,1.0,1.0,30.677280320221882,0.027184190620272313,0.9722222222222222,0.9722222222222222,36,35,382.9068454827,3.367845143466018,2201.78696918252,0,24,0.0,19325,sensor_fault,7016,greedy_sparse,24bfb8b9aac5b87f9f268595cf4462964bd3a01da9d8089f51ed740d780fee86,c01d3e850dcea516d0864d501fedc94fd615e60fababbc941400707247a8bedb,18fe46cff250724a5719ac1a,17.335400487999777,f000d324411431a807bac72657424c44472cc457a2b2f856442e941850c00046,0.6822916666666665,0.0030257186081694403,main_nominal,24.0,0.8
0.83619206836628,0.8491808898305706,0.529147750311363,0.5281711345203559,0.6611195158850227,0.0,0.0,0.10355946565583221,0.24541134730426192,1.0,1.0,29.00235802164184,0.04503953502829101,0.9166666666666666,0.9166666666666666,36,33,488.14605761126484,9.77876586739625,1456.6098366136384,0,58,0.0,15898,moving_front,7011,greedy_sparse,24bfb8b9aac5b87f9f268595cf4462964bd3a01da9d8089f51ed740d780fee86,a045df01d14234cb96176801d87713dde0c5b1030233001228c3094e00dd4a73,1920e8660f2c8f799dea3f86,16.51433118,f000d324411431a807bac72657424c44472cc457a2b2f856442e941850c00046,0.6198815917917495,0.04236006051437216,main_nominal,58.0,1.9333333333333333
0.8063137564053282,0.8281542313474209,0.47717172576334427,0.4773145751702647,0.6081694402420574,0.0005042864346949066,0.0,0.1037734273410162,0.23429564987274537,1.0,1.0,31.0029597460299,0.03528516668366981,0.9444444444444444,0.9444444444444444,36,34,409.2166113103859,2.329974667916766,2246.547472614929,0,0,0.0,15046,moving_front,7007,static_tuned,24bfb8b9aac5b87f9f268595cf4462964bd3a01da9d8089f51ed740d780fee86,4359898ad5beb32bbf1d8eff13ccc594cdb32a36c3aec06531a94f326fed618b,195ddc53fa04779514016785,5.555470821999961,f000d324411431a807bac72657424c44472cc457a2b2f856442e941850c00046,0.5608157976667649,0.057488653555219364,main_nominal,0.0,0.0
0.7994437090267271,0.8083159984871406,0.41724974785678265,0.41667222070583987,0.8925869894099848,0.0,0.0,0.1810526806617836,0.40138983781893905,0.8908219868885526,1.0,25.973666792738275,0.015372856782652544,0.9722222222222222,0.9722222222222222,36,35,391.06926413702115,3.8483178486173624,2157.498487419021,0,29,0.0,18689,sensor_fault,7009,recruitment,24bfb8b9aac5b87f9f268595cf4462964bd3a01da9d8089f51ed740d780fee86,956a9ceb80df2feb4bb3b76f79213a7f0cb93b60e4835d44d36852e549355e78,1a227a410b4a7fca7be32919,17.035614071000055,f000d324411431a807bac72657424c44472cc457a2b2f856442e941850c00046,0.6927083333333333,0.0,main_nominal,29.0,0.9666666666666667
0.7980871298305057,0.8107026023159589,0.469023869762791,0.4693246350920231,0.6747352496217852,0.0,0.0,0.10934005913732428,0.2470422318716045,1.0,1.0,34.23607514337956,0.044168095041598736,0.9166666666666666,0.9166666666666666,36,33,363.8063509539389,0.9059773123634733,2494.962338937448,0,0,0.0,15941,moving_front,7003,fixed_ring,24bfb8b9aac5b87f9f268595cf4462964bd3a01da9d8089f51ed740d780fee86,ddbf34503eff23fbcd394039890145ec197c5f33f339d9222c1ea54ac42702a6,1aabdbbef042b86dae013ac5,6.065157461999888,f000d324411431a807bac72657424c44472cc457a2b2f856442e941850c00046,0.5294504700673739,0.0832072617246596,main_nominal,,
0.7573357917297024,0.7741663514876449,0.38295039082198684,0.3811365627793267,0.789712556732224,0.0,0.0,0.19309778053718887,0.49425543108620057,0.8908219868885526,1.0,34.927863401412,0.0357413010590015,0.9722222222222222,0.9722222222222222,36,35,383.3254900782365,2.725695490405549,2211.3683410515114,0,6,0.0,16484,sensor_fault,7006,deadline_fusion,24bfb8b9aac5b87f9f268595cf4462964bd3a01da9d8089f51ed740d780fee86,5772c05e39ffe56db9fe4d550c615751b591862ac0732ff00bde5b9c136479f3,1b1ed49c60ce23845550d3cd,39.664495863999946,f000d324411431a807bac72657424c44472cc457a2b2f856442e941850c00046,0.6302083333333333,0.01361573373676248,main_nominal,6.0,0.6
0.842346606896148,0.8490160390011918,0.5418114992026055,0.5428614046995733,0.7745839636913767,0.0,0.0,0.0946659151841869,0.3851980657726484,1.0,1.0,31.21054593623669,0.053895750470740064,0.9166666666666666,0.9166666666666666,36,33,1792.7980852065314,34.73845534426012,956.1758849125424,0,6,0.0,17656,moving_front,7014,adaptive,24bfb8b9aac5b87f9f268595cf4462964bd3a01da9d8089f51ed740d780fee86,358f3d3ac5e4c7943da7c4ded7230c7e4afe2570f3a3d3555871e5543b789f00,1b5b21263ab50638a78bfbea,8.966369465999833,f000d324411431a807bac72657424c44472cc457a2b2f856442e941850c00046,0.6480412478358701,0.012102874432677761,main_nominal,,
0.8092339213697501,0.8457489812002253,0.5043164049510194,0.501662647128016,0.573373676248109,0.00983358547655068,0.0,0.09737008400542323,0.3232085631414792,1.0,1.0,31.63250295375433,0.045650811242565155,0.9444444444444444,0.9444444444444444,36,34,465.7905846490644,8.52873862979481,1556.6616558725714,0,55,0.0,13888,moving_front,7015,greedy_sparse,24bfb8b9aac5b87f9f268595cf4462964bd3a01da9d8089f51ed740d780fee86,277879760b7636cf423ed8f2b038495b33a699b960bf9fcac3c05a45a91ae287,1c1137de79c4c05ef0f4cbad,15.79184535000013,f000d324411431a807bac72657424c44472cc457a2b2f856442e941850c00046,0.5486817029856669,0.06959152798789713,main_nominal,55.0,1.8333333333333333
0.81117055830749,0.8207970580945102,0.5212176438538458,0.519612015883059,0.7382753403933434,0.0,0.0,0.05618343557948818,0.23640673097586012,1.0,1.0,38.35817839359446,0.07279121063194066,0.9722222222222222,0.9722222222222222,36,35,2072.3486246712732,41.71603838095005,959.7894553448182,0,10,0.0,17127,moving_front,7004,adaptive,24bfb8b9aac5b87f9f268595cf4462964bd3a01da9d8089f51ed740d780fee86,33909bb95a53710954872d70bc5591af92a450651324e9fef7a21e0a1cd4da1e,1c36c88609ab49c3297aeaa9,9.273018262999813,f000d324411431a807bac72657424c44472cc457a2b2f856442e941850c00046,0.6018646211240435,0.04084720121028744,main_nominal,,
0.8462794078840304,0.86523183053061,0.5488625425030885,0.5496508003807881,0.6202723146747352,0.0020171457387796266,0.0,0.11230347645323384,0.2809170921036905,1.0,1.0,25.296229797119082,0.031115430057707165,0.9722222222222222,0.9722222222222222,36,35,494.66819190198953,12.253731089507014,1574.3600113998705,0,56,0.0,14819,moving_front,7000,economic,24bfb8b9aac5b87f9f268595cf4462964bd3a01da9d8089f51ed740d780fee86,5bd218142e142fa4278b4a5cda21ab3f6b168aad1e4f87cf0725f2f9c148a9ed,1c62870771a4b206ac0944bd,14.297848111999883,f000d324411431a807bac72657424c44472cc457a2b2f856442e941850c00046,0.628890254220379,0.028744326777609682,main_nominal,56.0,5.566666666666666
0.4993775214321734,0.5582450832072617,0.29994799546142203,0.2994925066488175,0.27987897125567324,0.023953605648008067,0.0,0.07247858334811622,0.2363842964566172,1.0,1.0,100.54632343671206,0.22573909480584972,0.8333333333333334,0.8333333333333334,36,30,409.23376595283906,2.682439145132822,2244.421682798537,0,0,0.0,10011,storm,7019,static_tuned,24bfb8b9aac5b87f9f268595cf4462964bd3a01da9d8089f51ed740d780fee86,12c2676d5d2da4bfdacb5c9a6312d12b90a39b080a71ade938e7b16bbaabf086,1d8abfd58c9ae6baf124a49b,4.486341412999991,f000d324411431a807bac72657424c44472cc457a2b2f856442e941850c00046,0.20833333333333331,0.6611195158850227,main_nominal,0.0,0.0
0.5296268280383257,0.5711359051941501,0.3189138930912758,0.3178461275326798,0.3146747352496218,0.010085728693898134,0.0,0.059206616724839504,0.181762859151638,1.0,1.0,98.3717063792234,0.22950548411497732,0.6944444444444444,0.6944444444444444,36,25,413.15791737108555,7.970624402272079,1584.2157162198093,0,40,0.0,11259,storm,7002,economic,24bfb8b9aac5b87f9f268595cf4462964bd3a01da9d8089f51ed740d780fee86,fb367cc0d79aa8d9c98eb2a529262d3fdb12211bf1a4b9a1df875515bb387ab8,1e08e1da15ccbcc2be24eb05,13.20374368399996,f000d324411431a807bac72657424c44472cc457a2b2f856442e941850c00046,0.25,0.6414523449319214,main_nominal,40.0,3.9833333333333334
0.5256634518406454,0.5936948436712052,0.3354371533030761,0.3355819176104025,0.25718608169440244,0.02294503277861825,0.0,0.04923447949038673,0.31309281712804754,1.0,1.0,90.11456757438225,0.19068330811901157,0.6388888888888888,0.6666666666666666,36,23,417.2015007170038,5.723359436618731,1907.1744780405338,0,43,0.0,9411,storm,7005,recruitment,24bfb8b9aac5b87f9f268595cf4462964bd3a01da9d8089f51ed740d780fee86,e5eb0adce92def657b42daaff1168729498af6b7f7eacaec91555308393fbb04,1f33c3d53e4cf12be11c1a60,14.097207942000068,f000d324411431a807bac72657424c44472cc457a2b2f856442e941850c00046,0.234375,0.6520423600605144,main_nominal,43.0,1.5333333333333334
0.8202297655068078,0.830819780635401,0.4461516641452345,0.44626346054658816,0.8366111951588502,0.0,0.0,0.2014873690938293,0.4199146646341307,0.8908219868885526,1.0,26.264183055975796,0.025891956631366616,0.9722222222222222,0.9722222222222222,36,35,396.9755409873304,5.2414265926358805,2071.1981093053537,0,34,0.0,17279,sensor_fault,7005,economic,24bfb8b9aac5b87f9f268595cf4462964bd3a01da9d8089f51ed740d780fee86,e5eb0adce92def657b42daaff1168729498af6b7f7eacaec91555308393fbb04,1f603c9382aa263f5256c908,15.436890725000012,f000d324411431a807bac72657424c44472cc457a2b2f856442e941850c00046,0.7239583333333333,0.0015128593040847202,main_nominal,34.0,3.3333333333333335
0.839973183823151,0.8612978695902741,0.5387009592831826,0.5385994090670102,0.680786686838124,0.005547150781643973,0.0,0.08792340061030267,0.4008960818315333,1.0,1.0,26.560219857826123,0.03858825886954214,0.9722222222222222,0.9722222222222222,36,35,493.4272157895317,11.766998856600903,1470.6106167355995,0,47,0.0,16021,moving_front,7018,deadline_fusion,24bfb8b9aac5b87f9f268595cf4462964bd3a01da9d8089f51ed740d780fee86,43e354cb1fa0a5fed03587ccc8ef089b630912d128abf8941ac224ef282c99e3,205cbf2e512491f58be936cb,44.63021010800003,f000d324411431a807bac72657424c44472cc457a2b2f856442e941850c00046,0.5706560004518052,0.06202723146747353,main_nominal,47.0,4.683333333333334
0.5282006429652042,0.5946482602118003,0.33676878466969234,0.3367055736674707,0.2526475037821483,0.02118003025718608,0.0,0.04400444896110585,0.31094955423935894,1.0,1.0,89.8519446545638,0.18965109682299544,0.6666666666666666,0.6944444444444444,36,24,411.5181048446351,5.294152429520184,1882.6566846755727,0,41,0.0,9469,storm,7005,greedy_sparse,24bfb8b9aac5b87f9f268595cf4462964bd3a01da9d8089f51ed740d780fee86,e5eb0adce92def657b42daaff1168729498af6b7f7eacaec91555308393fbb04,215eee590b3ec9ef0323f565,14.891956660999995,f000d324411431a807bac72657424c44472cc457a2b2f856442e941850c00046,0.22916666666666663,0.6459909228441755,main_nominal,41.0,1.5333333333333334
0.4784811522945032,0.5676925743822491,0.3143674357034795,0.3139597233847427,0.24508320726172467,0.04841149773071104,0.0,0.0837837643929273,0.31658536541684956,1.0,1.0,101.40577723146747,0.22412380231971757,0.75,0.75,36,27,470.3001342625999,10.045798699917922,1474.0586628337621,0,28,0.0,8880,storm,7015,deadline_fusion,24bfb8b9aac5b87f9f268595cf4462964bd3a01da9d8089f51ed740d780fee86,b549dfc41676c63078393edb7074f42e4f0927a271f4a7ecca93c1f6bdaa8078,2365ef01aa2f08f86180eb58,39.20870156299998,f000d324411431a807bac72657424c44472cc457a2b2f856442e941850c00046,0.17708333333333331,0.6671709531013615,main_nominal,28.0,2.8
0.7656722768532526,0.7765301941502772,0.4161545007564297,0.4154286889546936,0.8835098335854765,0.0,0.0,0.16930384375779642,0.3527604392955357,1.0,1.0,33.52452880736258,0.03225857286938981,0.9722222222222222,0.9722222222222222,36,35,376.91397823523573,2.7892995103711655,2219.87239760007,0,23,0.0,18666,sensor_fault,7002,greedy_sparse,24bfb8b9aac5b87f9f268595cf4462964bd3a01da9d8089f51ed740d780fee86,fb367cc0d79aa8d9c98eb2a529262d3fdb12211bf1a4b9a1df875515bb387ab8,2370877ea22ed68e95a79ba0,17.004110847999982,f000d324411431a807bac72657424c44472cc457a2b2f856442e941850c00046,0.6666666666666665,0.01059001512859304,main_nominal,23.0,0.7666666666666667
0.8545054841149773,0.8602811396873423,0.4655588124054463,0.4662524714907402,0.9364599092284418,0.0,0.0,0.20096722714653867,0.4292441299170179,1.0,1.0,20.212194276348967,0.014852811396873422,0.9722222222222222,0.9722222222222222,36,35,424.9151511176053,6.652003015265878,1995.594193678885,0,19,0.0,19475,sensor_fault,7014,fungal,24bfb8b9aac5b87f9f268595cf4462964bd3a01da9d8089f51ed740d780fee86,ac5fa5d877e58450b21b5619aadcad71ab1db9e7cd210fd1cd516ef4a934c028,23abc5aaf21400b997c35c78,35.64245080499995,f000d324411431a807bac72657424c44472cc457a2b2f856442e941850c00046,0.7760416666666666,0.0,main_nominal,19.0,1.9
0.767523953605648,0.777168431669188,0.41172623550176496,0.4114077282017084,0.8895612708018155,0.0,0.0,0.1687811033592794,0.35348313409957305,1.0,1.0,33.20407053706505,0.030871785173978827,0.9722222222222222,0.9722222222222222,36,35,383.47098322776594,2.6552035556407616,2225.1251978104174,0,6,0.0,18980,sensor_fault,7002,deadline_fusion,24bfb8b9aac5b87f9f268595cf4462964bd3a01da9d8089f51ed740d780fee86,fb367cc0d79aa8d9c98eb2a529262d3fdb12211bf1a4b9a1df875515bb387ab8,23e142cff0e46c068ecdc508,40.9207790610003,f000d324411431a807bac72657424c44472cc457a2b2f856442e941850c00046,0.6718749999999999,0.0030257186081694403,main_nominal,6.0,0.6
0.8334212170258917,0.8469902467229324,0.5128706048619255,0.5115604224797499,0.6293494704992436,0.0,0.0,0.11961405291220545,0.32619429003702527,1.0,1.0,28.88511451499312,0.03788802347403201,1.0,1.0,36,36,480.329159971908,9.581118615145158,1494.06648628101,0,59,0.0,15660,moving_front,7008,greedy_sparse,24bfb8b9aac5b87f9f268595cf4462964bd3a01da9d8089f51ed740d780fee86,a9dc4e7a83ea86ea436568b7b9e6ff3f12c69e20d2897f78617ebd8a5771ceb1,24867170954b38b9007a5503,18.24074276300007,f000d324411431a807bac72657424c44472cc457a2b2f856442e941850c00046,0.5836270932188529,0.057488653555219364,main_nominal,59.0,1.9666666666666666
0.8434291923417432,0.8553748877871905,0.5212834988763915,0.522547575555677,0.7231467473524962,0.0,0.0,0.0982519080056108,0.19695706428560747,1.0,1.0,26.17734930743065,0.03271996394417608,0.9722222222222222,0.9722222222222222,36,35,518.8373306750068,13.179439474805982,1556.614883148375,0,52,0.0,16887,moving_front,7009,fungal,24bfb8b9aac5b87f9f268595cf4462964bd3a01da9d8089f51ed740d780fee86,6e2d005a512f8f795588b53a08d35435fd833e215d9a9396f9ada02b8104fa48,24b269cdad77111b92d84d6b,18.84129649800002,f000d324411431a807bac72657424c44472cc457a2b2f856442e941850c00046,0.6328105006379896,0.036308623298033284,main_nominal,52.0,5.166666666666667
0.7885700327786181,0.8008462556732224,0.4342221381744831,0.4347863817353463,0.7881996974281392,0.0005042864346949066,0.0,0.19243444201259624,0.49158740644401133,0.95940494200706,0.9992435703479576,32.03775056732224,0.038270612708018154,0.9166666666666666,0.9166666666666666,36,33,384.4314078640929,2.629631505629018,2204.7734324572157,0,5,0.0,16521,sensor_fault,7000,fungal,24bfb8b9aac5b87f9f268595cf4462964bd3a01da9d8089f51ed740d780fee86,5f8536aad221b558feae01abd9e48012ffd43f0d986448ef31076303591affbe,26094397973dc4d8b138aebc,16.574376197999754,f000d324411431a807bac72657424c44472cc457a2b2f856442e941850c00046,0.6666666666666667,0.007564296520423601,main_nominal,5.0,0.5
0.5345199823499747,0.574043431669188,0.32302697932425617,0.3225708126747287,0.32526475037821484,0.0025214321734745334,0.0,0.08620824614705402,0.24654650410047743,1.0,1.0,92.93577439485627,0.20403113968734238,0.8333333333333334,0.8333333333333334,36,30,452.6222316579185,8.286485612426818,2048.402817362881,0,24,0.0,11302,storm,7003,fungal,24bfb8b9aac5b87f9f268595cf4462964bd3a01da9d8089f51ed740d780fee86,7bba1255199adfdb1a1ba0c529b8275f13780540abed81a608a55c16f4b1390f,269ffad66ce925683b7b7472,14.17643083400003,f000d324411431a807bac72657424c44472cc457a2b2f856442e941850c00046,0.24479166666666663,0.6338880484114977,main_nominal,24.0,2.4
0.7857847943023891,0.8154285947587818,0.4739850916761933,0.4754382632295342,0.46747352496217853,0.0027735753908219867,0.0,0.09767755453488801,0.2344617041320914,1.0,1.0,35.23136784167842,0.046920419747696625,0.9444444444444444,0.9444444444444444,36,34,363.796356091555,0.8871053524640701,2496.5474669141176,0,0,0.0,12734,moving_front,7007,fixed_ring,24bfb8b9aac5b87f9f268595cf4462964bd3a01da9d8089f51ed740d780fee86,4359898ad5beb32bbf1d8eff13ccc594cdb32a36c3aec06531a94f326fed618b,26a1a8b40a465c823a9b32e9,5.604631759999847,f000d324411431a807bac72657424c44472cc457a2b2f856442e941850c00046,0.5205097582201372,0.08774583963691376,main_nominal,,
0.4857223903177005,0.5706473777105395,0.3173143595562279,0.31725221365634776,0.2692889561270802,0.05774079677256681,0.0,0.07241899836489386,0.19485847669356363,1.0,1.0,101.72127143217348,0.23144383509833585,0.7222222222222222,0.75,36,26,363.9316863994814,1.218004546514195,2495.1110502972247,0,0,0.0,9270,storm,7009,fixed_ring,24bfb8b9aac5b87f9f268595cf4462964bd3a01da9d8089f51ed740d780fee86,956a9ceb80df2feb4bb3b76f79213a7f0cb93b60e4835d44d36852e549355e78,26e157325c3b0049cdc1cda6,4.7502914190001775,f000d324411431a807bac72657424c44472cc457a2b2f856442e941850c00046,0.15625,0.6414523449319214,main_nominal,,
0.5417848587997982,0.5793935955622793,0.3172986006051437,0.3177133202519751,0.32829046898638425,0.011094301563287945,0.0,0.07767954826165986,0.34618778003757744,1.0,1.0,94.1480711043873,0.21330528240040342,0.6944444444444444,0.6944444444444444,36,25,420.6916642388358,5.684010849376639,1969.8153875557891,0,40,0.0,11907,storm,7012,recruitment,24bfb8b9aac5b87f9f268595cf4462964bd3a01da9d8089f51ed740d780fee86,6ef10a6f8528f48913779ce02125f8ae67ac504fa24b04f7d539448adf330dc7,26ed503abbee992f590ac405,18.419101055999818,f000d324411431a807bac72657424c44472cc457a2b2f856442e941850c00046,0.27604166666666663,0.6475037821482602,main_nominal,40.0,1.45
0.7563035804336863,0.771542486132123,0.3760006933938477,0.37422553037206446,0.8366111951588502,0.0,0.0,0.19144124590945202,0.49335095870884504,0.8946041351487644,1.0,34.90540689611699,0.033542927382753406,0.9722222222222222,0.9722222222222222,36,35,408.87421121731074,2.3528603367558616,2246.759634042772,0,0,0.0,17204,sensor_fault,7006,static_tuned,24bfb8b9aac5b87f9f268595cf4462964bd3a01da9d8089f51ed740d780fee86,5772c05e39ffe56db9fe4d550c615751b591862ac0732ff00bde5b9c136479f3,2828d5a63128a0e8996156c8,5.365168478000214,f000d324411431a807bac72657424c44472cc457a2b2f856442e941850c00046,0.6302083333333333,0.01361573373676248,main_nominal,0.0,0.0
0.4885038451840645,0.5840267271810388,0.32193961169944524,0.32127310364525136,0.27987897125567324,0.07513867876954108,0.0002521432173474533,0.03519981966385366,0.22782502920446887,1.0,1.0,96.58129254916791,0.20730112203731713,0.7222222222222222,0.7777777777777778,36,26,465.75627708129036,8.816248909030064,1963.6915689922819,0,26,0.0,9342,storm,7007,fungal,24bfb8b9aac5b87f9f268595cf4462964bd3a01da9d8089f51ed740d780fee86,b9aa9c192ff362205c201c037cc4f3c7c2aba8b7e0c4fd0ef068255fea54f756,289f22f01e750fb11de3d9be,14.583160232000068,f000d324411431a807bac72657424c44472cc457a2b2f856442e941850c00046,0.13020833333333331,0.6641452344931922,main_nominal,26.0,2.5833333333333335
0.8223843883409053,0.8355483514925803,0.4960573531640323,0.49665623851267987,0.7443267776096822,0.0,0.0,0.10045385986593075,0.1868332792108568,1.0,1.0,31.008339382438148,0.047699787114038265,0.9444444444444444,0.9444444444444444,36,34,474.69017147743637,8.792306919777307,1561.7950120533565,0,53,0.0,17018,moving_front,7002,greedy_sparse,24bfb8b9aac5b87f9f268595cf4462964bd3a01da9d8089f51ed740d780fee86,5b23548e342cd0e105b412e1f6ff973e8f388f6fbedb3fc9e75b3089b159ddd9,28f9b3637661e56eb71517f0,17.779555524999978,f000d324411431a807bac72657424c44472cc457a2b2f856442e941850c00046,0.6271221515084396,0.01664145234493192,main_nominal,53.0,1.7666666666666666
0.5124338124054462,0.5706631366616237,0.31306732223903166,0.31347080578087166,0.27987897125567324,0.023953605648008067,0.0,0.05283197219234804,0.19007756351169575,1.0,1.0,97.87900277357538,0.2212477937468482,0.6666666666666666,0.6944444444444444,36,24,411.6010681190992,5.259936530002271,1931.3275881094116,0,40,0.0,10392,storm,7013,recruitment,24bfb8b9aac5b87f9f268595cf4462964bd3a01da9d8089f51ed740d780fee86,7566b3dd58ba1b4b73cead9a88da4a0d93430742ea574afa5e3d674dbfd7a1c5,295e303e751645c648b4304d,19.537400772000183,f000d324411431a807bac72657424c44472cc457a2b2f856442e941850c00046,0.19791666666666666,0.6369137670196672,main_nominal,40.0,1.4666666666666666
0.7836374810892586,0.7922497478567825,0.42373455622793743,0.4221303437649463,0.8472012102874432,0.0,0.0,0.18463106221040512,0.566400235943424,0.9523449319213313,0.9667170953101362,32.10236226676752,0.03146274583963691,0.8888888888888888,0.9166666666666666,36,32,363.4273542521495,0.8862015632266369,2497.1390410020736,0,0,0.0,18206,sensor_fault,7012,fixed_ring,24bfb8b9aac5b87f9f268595cf4462964bd3a01da9d8089f51ed740d780fee86,6ef10a6f8528f48913779ce02125f8ae67ac504fa24b04f7d539448adf330dc7,29c012dd93c17d64d8498049,15.403799294000237,f000d324411431a807bac72657424c44472cc457a2b2f856442e941850c00046,0.6927083333333333,0.0015128593040847202,main_nominal,,
0.5214479324256176,0.580536119515885,0.31964668431669185,0.3200979776829866,0.3010590015128593,0.02723146747352496,0.0,0.0782829916312132,0.32529140109775356,1.0,1.0,94.5977527735754,0.2105632249117498,0.6388888888888888,0.6388888888888888,36,23,403.3803033384119,4.559739870166376,1713.6715759315423,0,36,0.0,10575,storm,7008,recruitment,24bfb8b9aac5b87f9f268595cf4462964bd3a01da9d8089f51ed740d780fee86,61fbc2c3c47ea0b2f394bf19d5d944ff33916305affd279efd1232b2237e443b,2ac0146cbfc478ba8906abeb,14.607279666000068,f000d324411431a807bac72657424c44472cc457a2b2f856442e941850c00046,0.20833333333333331,0.6565809379727685,main_nominal,36.0,1.2666666666666666
0.8218046652161871,0.8562362299187226,0.5172255856132917,0.5148421268673068,0.583963691376702,0.008320726172465959,0.0,0.08574020281280209,0.32153454028831097,1.0,1.0,28.442324082532092,0.037314278971180566,0.9444444444444444,0.9444444444444444,36,34,488.8617706249257,11.677442118414017,1457.8677576815899,0,51,0.0,14032,moving_front,7015,deadline_fusion,24bfb8b9aac5b87f9f268595cf4462964bd3a01da9d8089f51ed740d780fee86,277879760b7636cf423ed8f2b038495b33a699b960bf9fcac3c05a45a91ae287,2ac11c984e076935b9a283a6,44.313210088999995,f000d324411431a807bac72657424c44472cc457a2b2f856442e941850c00046,0.5742812508143157,0.05446293494704992,main_nominal,51.0,5.066666666666666
0.4836028113968734,0.5666682425617751,0.31462745839636913,0.3145919938657427,0.25416036308623297,0.05774079677256681,0.0,0.04636447731849976,0.3248030057336297,1.0,1.0,100.95885337871913,0.22167328542612202,0.75,0.7777777777777778,36,27,409.2394930724671,2.710919913554718,2243.9929588877735,0,0,0.0,9170,storm,7017,static_tuned,24bfb8b9aac5b87f9f268595cf4462964bd3a01da9d8089f51ed740d780fee86,fded3c51bb367e0df8af6f8249b634fefe0cc389845c26618e90a9b29d9c3139,2ae19aea90b6f3e31501ce81,5.50300302200003,f000d324411431a807bac72657424c44472cc457a2b2f856442e941850c00046,0.125,0.6656580937972768,main_nominal,0.0,0.0
0.8130996940717216,0.8252697869490604,0.5130056118614397,0.5114875308132454,0.6928895612708018,0.0,0.0,0.07700798558380358,0.30822201655852954,1.0,1.0,34.75741836545443,0.05452804317719807,0.9722222222222222,0.9722222222222222,36,35,1949.964244797601,38.87570185478984,743.3653624550889,0,13,0.0,16574,moving_front,7008,adaptive,24bfb8b9aac5b87f9f268595cf4462964bd3a01da9d8089f51ed740d780fee86,a9dc4e7a83ea86ea436568b7b9e6ff3f12c69e20d2897f78617ebd8a5771ceb1,2b10eb44725a05f76a5d5a2a,9.224331065000115,f000d324411431a807bac72657424c44472cc457a2b2f856442e941850c00046,0.5681931380197303,0.06202723146747353,main_nominal,,
0.7925007219683529,0.8128274286422259,0.4677247467286883,0.4688280432617771,0.6142208774583964,0.0005042864346949066,0.0,0.11460979264040236,0.19012034066531988,1.0,1.0,34.35792589456681,0.045546054695200525,0.9444444444444444,0.9444444444444444,36,34,363.81009175296407,0.9232442697155276,2496.347804161226,0,0,0.0,15146,moving_front,7013,fixed_ring,24bfb8b9aac5b87f9f268595cf4462964bd3a01da9d8089f51ed740d780fee86,0aace0ec30ee371a7c2663e2411d8b6b713bd3c12b78091846cea85ee9e6f3b4,2be456ed992fd748d9ec9534,7.426264399000047,f000d324411431a807bac72657424c44472cc457a2b2f856442e941850c00046,0.5464942883374524,0.07261724659606657,main_nominal,,
0.7685010085728693,0.7776096822995462,0.4075185955622793,0.40672078706941156,0.8925869894099848,0.0,0.0,0.18062916893415853,0.35397815139677496,0.950579929399899,1.0,33.88422686585981,0.03456725920322743,0.9722222222222222,0.9722222222222222,36,35,408.88367896784587,2.343107424024676,2246.7762361805435,0,0,0.0,19171,sensor_fault,7002,static_tuned,24bfb8b9aac5b87f9f268595cf4462964bd3a01da9d8089f51ed740d780fee86,fb367cc0d79aa8d9c98eb2a529262d3fdb12211bf1a4b9a1df875515bb387ab8,2c5947a15efa1e1ea950afe2,5.883591121999871,f000d324411431a807bac72657424c44472cc457a2b2f856442e941850c00046,0.6822916666666666,0.0030257186081694403,main_nominal,0.0,0.0
0.4883383761976802,0.58148953605648,0.31912663893091275,0.3192224266431751,0.2708018154311649,0.08522440746343922,0.0002521432173474533,0.034880376171161825,0.22771967208857768,1.0,1.0,98.22873329551184,0.21191849470499238,0.8055555555555556,0.8611111111111112,36,29,432.68988857655125,6.366060659891055,1955.4887998745996,0,42,0.0,9268,storm,7007,greedy_sparse,24bfb8b9aac5b87f9f268595cf4462964bd3a01da9d8089f51ed740d780fee86,b9aa9c192ff362205c201c037cc4f3c7c2aba8b7e0c4fd0ef068255fea54f756,2cf061c701d310947146539e,13.485315248000006,f000d324411431a807bac72657424c44472cc457a2b2f856442e941850c00046,0.13541666666666666,0.6732223903177005,main_nominal,42.0,1.65
0.7612912884518406,0.7761834972264245,0.411655320221886,0.4132269503538336,0.7518910741301059,0.0002521432173474533,0.0,0.20042049139402018,0.4670205942241628,0.9392334846192636,0.9626828038325768,35.64863842662633,0.03977559253656076,0.9722222222222222,0.9722222222222222,36,35,379.9233300987734,2.850337561493232,2396.0955597117895,0,9,0.0,16443,sensor_fault,7013,adaptive,24bfb8b9aac5b87f9f268595cf4462964bd3a01da9d8089f51ed740d780fee86,7566b3dd58ba1b4b73cead9a88da4a0d93430742ea574afa5e3d674dbfd7a1c5,2d4b58bfad86fd317b654141,11.497532100000171,f000d324411431a807bac72657424c44472cc457a2b2f856442e941850c00046,0.6510416666666666,0.0030257186081694403,main_nominal,,
0.8156360312657589,0.8259345057992938,0.44523764498234986,0.44434798345215426,0.869894099848714,0.0,0.0,0.17469608905011746,0.3350003171114693,0.962178517397882,1.0,23.627277168431668,0.011961043872919817,1.0,1.0,36,36,400.9162861774196,4.312506093080786,2145.76286797252,0,14,0.0,18251,sensor_fault,7011,deadline_fusion,24bfb8b9aac5b87f9f268595cf4462964bd3a01da9d8089f51ed740d780fee86,50b7b3fbf7cedf803850a0428d40ee1ccc4080b783db00698cf7730c8a755b36,2d548592948d2aa2ba65c133,48.320978295999794,f000d324411431a807bac72657424c44472cc457a2b2f856442e941850c00046,0.7343749999999999,0.0015128593040847202,main_nominal,14.0,1.4
0.8408561089062032,0.8547448009703782,0.5257687182685028,0.5237636301650824,0.6565809379727685,0.0,0.0,0.10836077249784343,0.3239462432032461,1.0,1.0,26.455288506356087,0.031030972328651995,1.0,1.0,36,36,499.48126617847515,12.484443186216025,1458.3964397015213,0,49,0.0,16079,moving_front,7008,fungal,24bfb8b9aac5b87f9f268595cf4462964bd3a01da9d8089f51ed740d780fee86,a9dc4e7a83ea86ea436568b7b9e6ff3f12c69e20d2897f78617ebd8a5771ceb1,2d6bfdba0c75dc431345d99b,17.15833854000016,f000d324411431a807bac72657424c44472cc457a2b2f856442e941850c00046,0.5931059856973248,0.04387291981845688,main_nominal,49.0,4.85
0.8013436486477848,0.8239956669541141,0.5038199318775668,0.5025904960834368,0.5960665658093798,0.0032778618255168935,0.0,0.06741895400388523,0.31627774072825515,1.0,1.0,37.87936133968507,0.06496781882499217,0.9444444444444444,0.9444444444444444,36,34,1986.223992323138,39.47373061382974,1015.6649485311253,0,12,0.0,14606,moving_front,7015,adaptive,24bfb8b9aac5b87f9f268595cf4462964bd3a01da9d8089f51ed740d780fee86,277879760b7636cf423ed8f2b038495b33a699b960bf9fcac3c05a45a91ae287,2f12a7145c31488503520692,9.80049345500015,f000d324411431a807bac72657424c44472cc457a2b2f856442e941850c00046,0.5661071014228807,0.0529500756429652,main_nominal,,
0.8097421835602621,0.8176768154311648,0.4263111447302067,0.42742999367242135,0.9273827534039334,0.0,0.0,0.18551892026726402,0.4389098912448358,0.9556227937468481,1.0,23.47433654815935,0.011968923348461925,1.0,1.0,36,36,388.336378445358,3.553402529576662,2147.52270375727,0,28,0.0,19189,sensor_fault,7003,greedy_sparse,24bfb8b9aac5b87f9f268595cf4462964bd3a01da9d8089f51ed740d780fee86,7bba1255199adfdb1a1ba0c529b8275f13780540abed81a608a55c16f4b1390f,2f35af59119c47ab80ab65ca,15.327010958999836,f000d324411431a807bac72657424c44472cc457a2b2f856442e941850c00046,0.6770833333333333,0.0,main_nominal,28.0,0.9333333333333333
0.8496858192390107,0.8567972414951389,0.512423276101893,0.5131929020013926,0.7715582450832073,0.0,0.0,0.09435941880250305,0.3473177031462291,1.0,1.0,26.57803304854043,0.039356079922990596,0.9444444444444444,0.9444444444444444,36,34,507.5482204146634,13.46890064393138,1516.0204839728653,0,56,0.0,17690,moving_front,7012,deadline_fusion,24bfb8b9aac5b87f9f268595cf4462964bd3a01da9d8089f51ed740d780fee86,760400fc1b0b776e9c52ee32311a1069b16aa52520e6f2d9a36a2dd8b57f7ebd,2f6c0e98cce485a05d94f3aa,47.945724603000144,f000d324411431a807bac72657424c44472cc457a2b2f856442e941850c00046,0.6629147960828841,0.02723146747352496,main_nominal,56.0,5.583333333333333
0.5709389183055975,0.6212178517397882,0.3499117498739283,0.349205466219448,0.32829046898638425,0.0045385779122541605,0.0,0.05429368021869786,0.37923901883604877,1.0,1.0,81.27489914271307,0.16838439233484617,0.8333333333333334,0.8611111111111112,36,30,415.52558899643583,6.000332365935902,1943.8292349664853,0,19,0.0,11234,storm,7014,deadline_fusion,24bfb8b9aac5b87f9f268595cf4462964bd3a01da9d8089f51ed740d780fee86,ac5fa5d877e58450b21b5619aadcad71ab1db9e7cd210fd1cd516ef4a934c028,2fab1cb51cacea111bf34c28,37.91262079300009,f000d324411431a807bac72657424c44472cc457a2b2f856442e941850c00046,0.2864583333333333,0.5688350983358548,main_nominal,19.0,1.8333333333333333
0.5095105269793242,0.5624921205244579,0.3213407715582451,0.3213894301525595,0.29046898638426627,0.021936459909228437,0.0,0.05985266290577054,0.17962463113704805,1.0,1.0,100.51070820726173,0.22522692889561272,0.8055555555555556,0.8055555555555556,36,29,1352.3652539092975,27.8351703012019,1317.9103487777631,0,26,0.0,10655,storm,7002,adaptive,24bfb8b9aac5b87f9f268595cf4462964bd3a01da9d8089f51ed740d780fee86,fb367cc0d79aa8d9c98eb2a529262d3fdb12211bf1a4b9a1df875515bb387ab8,30125ea8f464fca8a7448d03,7.392313446999992,f000d324411431a807bac72657424c44472cc457a2b2f856442e941850c00046,0.21354166666666666,0.6459909228441755,main_nominal,,
0.8017493088502212,0.8114552555405927,0.4796354522266425,0.4796811603289828,0.7594553706505295,0.0,0.0,0.09157338353254278,0.2588184040242887,1.0,1.0,34.37871930913102,0.05153404809401552,0.9166666666666666,0.9166666666666666,36,33,409.38279712396263,2.353334546264755,2245.87495907604,0,0,0.0,17399,moving_front,7004,static_tuned,24bfb8b9aac5b87f9f268595cf4462964bd3a01da9d8089f51ed740d780fee86,33909bb95a53710954872d70bc5591af92a450651324e9fef7a21e0a1cd4da1e,318cc46901d0644c9bb84a54,5.972405888999901,f000d324411431a807bac72657424c44472cc457a2b2f856442e941850c00046,0.5474685900659255,0.05597579425113464,main_nominal,0.0,0.0
0.7715267271810388,0.7909732728189612,0.4220325895108421,0.42178649270088314,0.6777609682299546,0.0012607160867372667,0.0,0.16881959937930105,0.41942841552092675,0.9596570852244074,1.0,32.87699350731215,0.03444118759455371,0.9722222222222222,0.9722222222222222,36,35,384.9161381280381,3.4227280542706904,2161.654446584595,0,28,0.0,15074,sensor_fault,7015,recruitment,24bfb8b9aac5b87f9f268595cf4462964bd3a01da9d8089f51ed740d780fee86,b549dfc41676c63078393edb7074f42e4f0927a271f4a7ecca93c1f6bdaa8078,31a92f1171602a426eddca90,35.434822605000136,f000d324411431a807bac72657424c44472cc457a2b2f856442e941850c00046,0.6510416666666666,0.006051437216338881,main_nominal,28.0,0.9333333333333333
0.7867262355017649,0.7999007186081695,0.43604229702471,0.43725241741079424,0.7760968229954615,0.0005042864346949066,0.0,0.20160259014511978,0.490693472108513,0.9571356530509328,0.9984871406959153,32.86363779626828,0.04069749117498739,0.9166666666666666,0.9166666666666666,36,33,392.37093462688824,3.8360287675841764,2137.5356667848255,0,30,0.0,16252,sensor_fault,7000,greedy_sparse,24bfb8b9aac5b87f9f268595cf4462964bd3a01da9d8089f51ed740d780fee86,5f8536aad221b558feae01abd9e48012ffd43f0d986448ef31076303591affbe,328d7d2897e7f16f4e17cccb,16.99438843300004,f000d324411431a807bac72657424c44472cc457a2b2f856442e941850c00046,0.6666666666666666,0.007564296520423601,main_nominal,30.0,1.0
0.8276138618297755,0.8363323371807685,0.4963591792466924,0.49695909860132553,0.7110438729198184,0.0,0.0,0.08857468998408227,0.24675614191627776,1.0,1.0,28.822410078933366,0.03889888361195587,1.0,1.0,36,36,468.14459814282407,8.382893849089402,1575.6127218358974,0,51,0.0,16596,moving_front,7003,greedy_sparse,24bfb8b9aac5b87f9f268595cf4462964bd3a01da9d8089f51ed740d780fee86,ddbf34503eff23fbcd394039890145ec197c5f33f339d9222c1ea54ac42702a6,32b16325cf9972210fb1ba7c,17.133308952000107,f000d324411431a807bac72657424c44472cc457a2b2f856442e941850c00046,0.5771561155577614,0.06505295007564296,main_nominal,51.0,1.7
0.8033974373173994,0.8184958204003578,0.47709221633866883,0.47839412514540713,0.7049924357034796,0.0002521432173474533,0.0,0.11109332247186136,0.19908768702979815,1.0,1.0,32.85261272172321,0.04559946129780429,0.9722222222222222,0.9722222222222222,36,35,363.8049473192901,0.9037594509004766,2495.9662260406017,0,0,0.0,16452,moving_front,7016,fixed_ring,24bfb8b9aac5b87f9f268595cf4462964bd3a01da9d8089f51ed740d780fee86,5e29696557cda66a921641f993e950ae2ed95f14de01a827d8e1fe0231f9c807,337172922c3e0f7583bc09e5,6.855037832999869,f000d324411431a807bac72657424c44472cc457a2b2f856442e941850c00046,0.5700921210910245,0.04084720121028744,main_nominal,,
0.8121468629258507,0.8220738868925569,0.47029941133593084,0.4709452115909106,0.8547655068078669,0.0,0.0,0.10753728840716029,0.20130110606388688,1.0,1.0,30.578830551322856,0.04007007860999745,1.0,1.0,36,36,409.2540620348938,2.3490046704906224,2245.9821560886458,0,0,0.0,18454,moving_front,7016,static_tuned,24bfb8b9aac5b87f9f268595cf4462964bd3a01da9d8089f51ed740d780fee86,5e29696557cda66a921641f993e950ae2ed95f14de01a827d8e1fe0231f9c807,346333e659dfb87bdaf58a6f,7.158657277999964,f000d324411431a807bac72657424c44472cc457a2b2f856442e941850c00046,0.5756560706311203,0.03328290468986384,main_nominal,0.0,0.0
0.788483358547655,0.8017208774583964,0.42750882501260706,0.4278485137464986,0.8729198184568835,0.0,0.0,0.2057857438941854,0.486374194414707,0.9606656580937972,1.0,30.2407179778114,0.027586043872919817,0.9722222222222222,0.9722222222222222,36,35,393.44241345095793,3.4177632591303193,2177.6495114565378,0,9,0.0,18068,sensor_fault,7008,deadline_fusion,24bfb8b9aac5b87f9f268595cf4462964bd3a01da9d8089f51ed740d780fee86,61fbc2c3c47ea0b2f394bf19d5d944ff33916305affd279efd1232b2237e443b,349d80b20f5d3b2b7aedfcf0,42.55057060699983,f000d324411431a807bac72657424c44472cc457a2b2f856442e941850c00046,0.6875,0.0045385779122541605,main_nominal,9.0,0.9
0.8536362664011835,0.8610911340080454,0.518333514818791,0.5204236382511072,0.8275340393343419,0.0,0.0,0.13689413727141514,0.38565762341236975,1.0,1.0,22.939404760263418,0.023965823521074875,0.9166666666666666,0.9166666666666666,36,33,409.2579501425063,2.3310318854371084,2246.5469711814467,0,0,0.0,18331,moving_front,7014,static_tuned,24bfb8b9aac5b87f9f268595cf4462964bd3a01da9d8089f51ed740d780fee86,358f3d3ac5e4c7943da7c4ded7230c7e4afe2570f3a3d3555871e5543b789f00,34d4acf391e01c09a4c5a6f5,6.208998822000012,f000d324411431a807bac72657424c44472cc457a2b2f856442e941850c00046,0.6501009091941217,0.009077155824508321,main_nominal,0.0,0.0
0.8256334187258845,0.8412076802846172,0.4915394061523476,0.4930119744106518,0.659606656580938,0.0002521432173474533,0.0,0.11386113199835012,0.18669013415187938,1.0,1.0,28.25177579844441,0.0365445693946694,0.8888888888888888,0.8888888888888888,36,32,468.24066613017555,8.249096411391703,1652.564492285269,0,52,0.0,16008,moving_front,7013,recruitment,24bfb8b9aac5b87f9f268595cf4462964bd3a01da9d8089f51ed740d780fee86,0aace0ec30ee371a7c2663e2411d8b6b713bd3c12b78091846cea85ee9e6f3b4,353e16faf5debdbf6cb2c242,17.058704311999918,f000d324411431a807bac72657424c44472cc457a2b2f856442e941850c00046,0.5809368951882512,0.05143721633888049,main_nominal,52.0,1.7333333333333334
0.8070395234493192,0.8245083207261724,0.4463644099848714,0.4473737859939165,0.632375189107413,0.0002521432173474533,0.0,0.21247483110860602,0.42009009071460846,0.8908219868885526,1.0,26.947451777609682,0.022322554210791726,0.9444444444444444,0.9444444444444444,36,34,484.6371683718836,9.218225383764047,2343.8304504180487,0,18,0.0,14758,sensor_fault,7005,adaptive,24bfb8b9aac5b87f9f268595cf4462964bd3a01da9d8089f51ed740d780fee86,e5eb0adce92def657b42daaff1168729498af6b7f7eacaec91555308393fbb04,35c279167a88e781b2ed2052,8.455635652999717,f000d324411431a807bac72657424c44472cc457a2b2f856442e941850c00046,0.7083333333333333,0.0030257186081694403,main_nominal,,
0.7758289208270297,0.7855915910237014,0.4022235879979828,0.40454825799685323,0.875945537065053,0.0,0.0,0.1827582912561737,0.4640448547518348,0.9546142208774584,0.9641956631366615,31.47306795259707,0.02822428139183056,0.9722222222222222,0.9722222222222222,36,35,396.9397898503887,4.261695330043542,2118.4456718662236,0,10,0.0,18445,sensor_fault,7013,deadline_fusion,24bfb8b9aac5b87f9f268595cf4462964bd3a01da9d8089f51ed740d780fee86,7566b3dd58ba1b4b73cead9a88da4a0d93430742ea574afa5e3d674dbfd7a1c5,35f94d54931c876dd98ea10a,93.86356969200006,f000d324411431a807bac72657424c44472cc457a2b2f856442e941850c00046,0.6770833333333333,0.0,main_nominal,10.0,1.0
0.5284291477559253,0.5922607791225416,0.3294251134644477,0.3295142135800934,0.3101361573373676,0.03530005042864347,0.0,0.052420745314260095,0.23958145702001898,1.0,1.0,94.11462273071105,0.20855395864851234,0.8055555555555556,0.8333333333333334,36,29,425.7301565279787,8.758034622561109,1758.1249317875934,0,41,0.0,10762,storm,7011,economic,24bfb8b9aac5b87f9f268595cf4462964bd3a01da9d8089f51ed740d780fee86,50b7b3fbf7cedf803850a0428d40ee1ccc4080b783db00698cf7730c8a755b36,3664dbf9161f03a8e2909480,17.431277691999867,f000d324411431a807bac72657424c44472cc457a2b2f856442e941850c00046,0.23437499999999997,0.649016641452345,main_nominal,41.0,4.083333333333333
0.7811081694402421,0.7894998108925868,0.4097248487140696,0.4093142347116679,0.8986384266263238,0.0,0.0,0.15733064756582993,0.2924733391324531,0.9596570852244074,1.0,30.8492892713061,0.028192763489662126,0.9444444444444444,0.9444444444444444,36,34,401.7800989362534,4.450684635402913,2091.975200247252,0,16,0.0,18551,sensor_fault,7004,deadline_fusion,24bfb8b9aac5b87f9f268595cf4462964bd3a01da9d8089f51ed740d780fee86,1ffbd60f44c9f81edacbd6236060262a241240e41dabbe8776c51fac2266503a,36bd96041fe3796a1b53b793,34.91441747199997,f000d324411431a807bac72657424c44472cc457a2b2f856442e941850c00046,0.6927083333333333,0.0,main_nominal,16.0,1.6
0.7948184568835097,0.7997982854261219,0.4218198436712052,0.4210333749658685,0.9273827534039334,0.0,0.0,0.17932339330858732,0.5658068577644947,0.9631870902672719,0.9677256681795261,29.904461359051933,0.02932740796772567,0.9166666666666666,0.9166666666666666,36,33,408.9164747068031,2.3379179944387296,2247.139045242777,0,0,0.0,19780,sensor_fault,7012,static_tuned,24bfb8b9aac5b87f9f268595cf4462964bd3a01da9d8089f51ed740d780fee86,6ef10a6f8528f48913779ce02125f8ae67ac504fa24b04f7d539448adf330dc7,36bf4973815cacfe44213e6c,16.706338820999918,f000d324411431a807bac72657424c44472cc457a2b2f856442e941850c00046,0.7083333333333333,0.0,main_nominal,0.0,0.0
0.4499338124054463,0.5180676374180534,0.2808560262228946,0.2800965259226587,0.2556732223903177,0.054210791729702466,0.0007564296520423601,0.05755856100653464,0.2901865448263489,1.0,1.0,110.06004160363084,0.2386771936459909,0.6666666666666666,0.7222222222222222,36,24,1753.3676755288334,35.551235374678924,1296.840233299124,0,30,0.0,9760,storm,7006,adaptive,24bfb8b9aac5b87f9f268595cf4462964bd3a01da9d8089f51ed740d780fee86,5772c05e39ffe56db9fe4d550c615751b591862ac0732ff00bde5b9c136479f3,36dff3672dd75c433ba95ad8,7.7580325309999125,f000d324411431a807bac72657424c44472cc457a2b2f856442e941850c00046,0.13541666666666666,0.6717095310136157,main_nominal,,
0.7811475668179524,0.789003403933434,0.40998487140695916,0.41021317310500655,0.9062027231467473,0.0,0.0,0.15823975257322972,0.2923033780521089,0.95940494200706,1.0,30.807803832576898,0.02723934694906707,0.9444444444444444,0.9444444444444444,36,34,389.07696465603453,3.6724372990659884,2111.741726221841,0,30,0.0,18470,sensor_fault,7004,recruitment,24bfb8b9aac5b87f9f268595cf4462964bd3a01da9d8089f51ed740d780fee86,1ffbd60f44c9f81edacbd6236060262a241240e41dabbe8776c51fac2266503a,374497811244fb0afb47e7aa,13.711714523999945,f000d324411431a807bac72657424c44472cc457a2b2f856442e941850c00046,0.6875,0.0030257186081694403,main_nominal,30.0,1.0166666666666666
0.7696198940998487,0.7858122163388803,0.4257201840645486,0.42558797855294167,0.75642965204236,0.0,0.0,0.20213858842120472,0.4860086283717363,0.9533535047907211,1.0,33.41106435955622,0.03285741301059002,0.9444444444444444,0.9444444444444444,36,34,366.890586566666,1.3947269819672323,2429.630622499134,0,3,0.0,16157,sensor_fault,7008,adaptive,24bfb8b9aac5b87f9f268595cf4462964bd3a01da9d8089f51ed740d780fee86,61fbc2c3c47ea0b2f394bf19d5d944ff33916305affd279efd1232b2237e443b,37ab61c98be1c121b374c3a3,8.733573988999979,f000d324411431a807bac72657424c44472cc457a2b2f856442e941850c00046,0.6614583333333333,0.0,main_nominal,,
0.8127048663640948,0.8275261598587997,0.42611415784165413,0.42622516999195736,0.8835098335854765,0.0020171457387796266,0.0,0.19249164024501972,0.48912284319781574,0.959909228441755,1.0,22.636354324256175,0.009896621280887545,0.9428571428571428,0.9428571428571428,35,33,391.7265842760709,3.507185301516657,2200.081976930522,0,8,0.0,18288,sensor_fault,7001,fungal,24bfb8b9aac5b87f9f268595cf4462964bd3a01da9d8089f51ed740d780fee86,9b5a428363b62ad024a6d518c6bdc283191d1cf8739502f5298786104f688bf6,381fc6ff601ce3d1e68cf183,21.1075541109999,f000d324411431a807bac72657424c44472cc457a2b2f856442e941850c00046,0.6822916666666666,0.006051437216338881,main_nominal,8.0,0.8
0.5723493444276349,0.6227228315683306,0.3518107034795764,0.35180713263048335,0.31164901664145234,0.004034291477559253,0.0,0.056517450173073226,0.37925047195439504,1.0,1.0,81.1957892082703,0.16780131114473018,0.8055555555555556,0.8333333333333334,36,29,419.8051309104101,5.865238211084405,1918.0997857664554,0,39,0.0,11072,storm,7014,greedy_sparse,24bfb8b9aac5b87f9f268595cf4462964bd3a01da9d8089f51ed740d780fee86,ac5fa5d877e58450b21b5619aadcad71ab1db9e7cd210fd1cd516ef4a934c028,387622c0e9a8ee7b40d83265,15.204991086000064,f000d324411431a807bac72657424c44472cc457a2b2f856442e941850c00046,0.3020833333333333,0.5794251134644478,main_nominal,39.0,1.3666666666666667
0.7790011624123284,0.7984827574178663,0.4454751776058672,0.444384144931661,0.5809379727685325,0.0017650025214321732,0.0,0.08972183834535068,0.29172704575038266,1.0,1.0,35.89927031844225,0.05006897263196271,1.0,1.0,36,36,470.71840903454245,8.67586089659549,1577.903956373409,0,53,0.0,14408,moving_front,7006,greedy_sparse,24bfb8b9aac5b87f9f268595cf4462964bd3a01da9d8089f51ed740d780fee86,ab258b21f7221620284a3215d026dafd75f9efdf5bedb3e529bdff643d2065af,3a763a964d42bfaf505dde52,15.05508531999999,f000d324411431a807bac72657424c44472cc457a2b2f856442e941850c00046,0.5062850267640051,0.09984871406959153,main_nominal,53.0,1.7666666666666666
0.4904894730206757,0.580386409480585,0.31988306858295507,0.3197756978695261,0.27685325264750377,0.07438224911749873,0.0002521432173474533,0.035147589096952606,0.22780536267986967,1.0,1.0,97.15373644730207,0.20938918305597576,0.7777777777777778,0.8333333333333334,36,28,453.44410217168877,9.154898334144574,1841.9877094120827,0,33,0.0,9344,storm,7007,deadline_fusion,24bfb8b9aac5b87f9f268595cf4462964bd3a01da9d8089f51ed740d780fee86,b9aa9c192ff362205c201c037cc4f3c7c2aba8b7e0c4fd0ef068255fea54f756,3b1df07476224b4403ec7115,37.89845112100011,f000d324411431a807bac72657424c44472cc457a2b2f856442e941850c00046,0.13020833333333331,0.6747352496217852,main_nominal,33.0,3.283333333333333
0.8192745812989276,0.8286206910123783,0.5281189945813777,0.5272304642190644,0.8078668683812406,0.0,0.0,0.09180830326326528,0.20348510290900898,1.0,1.0,37.1137417514483,0.0699157004493616,0.9444444444444444,0.9444444444444444,36,34,1987.6649517556548,39.42552007492993,1037.9043316184345,0,9,0.0,17842,moving_front,7002,adaptive,24bfb8b9aac5b87f9f268595cf4462964bd3a01da9d8089f51ed740d780fee86,5b23548e342cd0e105b412e1f6ff973e8f388f6fbedb3fc9e75b3089b159ddd9,3c4e9b7178abae238f4107b6,8.981877686999951,f000d324411431a807bac72657424c44472cc457a2b2f856442e941850c00046,0.6099811313371633,0.01059001512859304,main_nominal,,
0.45268374936964195,0.5296977433182047,0.2839132627332324,0.28282339495769243,0.2934947049924357,0.05320221886031266,0.0,0.03383583402043354,0.2944951275747113,1.0,1.0,108.85901254412505,0.24418494704992427,0.5555555555555556,0.6111111111111112,36,20,409.248003438256,2.704860367835107,2244.290099247567,0,0,0.0,9844,storm,7006,static_tuned,24bfb8b9aac5b87f9f268595cf4462964bd3a01da9d8089f51ed740d780fee86,5772c05e39ffe56db9fe4d550c615751b591862ac0732ff00bde5b9c136479f3,3c64bad7c1cb31745f9cc806,5.3142049060001,f000d324411431a807bac72657424c44472cc457a2b2f856442e941850c00046,0.11979166666666666,0.6641452344931922,main_nominal,0.0,0.0
0.5127647503782148,0.565494200706001,0.30956095562279373,0.3095562127549713,0.30257186081694404,0.020423600605143723,0.0,0.06291902255377692,0.1895295139180481,1.0,1.0,98.19875189107412,0.22119263741805342,0.6666666666666666,0.6944444444444444,36,24,467.0488630307792,9.50271731060898,1915.0502516503893,0,28,0.0,10780,storm,7013,fungal,24bfb8b9aac5b87f9f268595cf4462964bd3a01da9d8089f51ed740d780fee86,7566b3dd58ba1b4b73cead9a88da4a0d93430742ea574afa5e3d674dbfd7a1c5,3c6cd799ad8b18545dde15de,20.27076253500013,f000d324411431a807bac72657424c44472cc457a2b2f856442e941850c00046,0.203125,0.6338880484114977,main_nominal,28.0,2.8
0.8835834013325883,0.8909025338848197,0.5628334191218765,0.564394415593582,0.7488653555219364,0.0,0.0,0.14577531151271236,0.3901871241266621,1.0,1.0,21.58777025601227,0.03196924837034207,1.0,1.0,36,36,511.07323723581464,13.03320317782659,1528.9240313158782,0,52,0.0,17444,moving_front,7014,fungal,24bfb8b9aac5b87f9f268595cf4462964bd3a01da9d8089f51ed740d780fee86,358f3d3ac5e4c7943da7c4ded7230c7e4afe2570f3a3d3555871e5543b789f00,3caaa49cb5a56519d7fa2cf2,16.967748039999833,f000d324411431a807bac72657424c44472cc457a2b2f856442e941850c00046,0.7152542147391118,0.007564296520423601,main_nominal,52.0,5.15
0.8407961275765993,0.8612053315584706,0.5419898693520568,0.5419485001436803,0.5748865355521936,0.0025214321734745334,0.0,0.12322305249285637,0.2791210265107626,1.0,1.0,26.370601126803205,0.03293485694816957,0.9166666666666666,0.9166666666666666,36,33,476.4597384491711,8.958234035514618,1567.94032798161,0,56,0.0,14463,moving_front,7000,greedy_sparse,24bfb8b9aac5b87f9f268595cf4462964bd3a01da9d8089f51ed740d780fee86,5bd218142e142fa4278b4a5cda21ab3f6b168aad1e4f87cf0725f2f9c148a9ed,3cb65445fa709f9c0ccd79d1,14.294807930999923,f000d324411431a807bac72657424c44472cc457a2b2f856442e941850c00046,0.6143831923373619,0.039334341906202726,main_nominal,56.0,1.8666666666666667
0.8407032788705043,0.8615808152712803,0.5388153413272635,0.5386158372046144,0.6822995461422088,0.005547150781643973,0.0,0.08521914868244085,0.40073313643862934,1.0,1.0,26.357491181174478,0.03748491757318997,0.9722222222222222,0.9722222222222222,36,35,494.8670522816209,11.913285776934746,1480.066386531349,0,47,0.0,16115,moving_front,7018,fungal,24bfb8b9aac5b87f9f268595cf4462964bd3a01da9d8089f51ed740d780fee86,43e354cb1fa0a5fed03587ccc8ef089b630912d128abf8941ac224ef282c99e3,3cce29f6ff8de771606d83e8,18.36444127499999,f000d324411431a807bac72657424c44472cc457a2b2f856442e941850c00046,0.5727064945175404,0.06505295007564296,main_nominal,47.0,4.666666666666667
0.7765538325769036,0.786284984871407,0.400631933938477,0.4022009736165561,0.8850226928895613,0.0,0.0,0.18152085180026165,0.46394202768190324,0.9546142208774584,0.9641956631366615,31.08000031517902,0.02829519667170953,0.9166666666666666,0.9166666666666666,36,33,417.60587737431365,5.267312397822645,2105.371458061813,0,11,0.0,18554,sensor_fault,7013,fungal,24bfb8b9aac5b87f9f268595cf4462964bd3a01da9d8089f51ed740d780fee86,7566b3dd58ba1b4b73cead9a88da4a0d93430742ea574afa5e3d674dbfd7a1c5,3cd31e3e13ffb19c662e4d7c,36.999114645999725,f000d324411431a807bac72657424c44472cc457a2b2f856442e941850c00046,0.6770833333333333,0.0030257186081694403,main_nominal,11.0,1.1
0.8112077660110942,0.8262733232476044,0.4211343292990418,0.4221129289197156,0.8895612708018155,0.0020171457387796266,0.0,0.18482104276717842,0.4903913738141827,0.9606656580937972,1.0,23.165736888552697,0.011314926878466969,0.9714285714285714,0.9714285714285714,35,34,400.2768840734539,4.287190794371475,2187.6955934114712,0,10,0.0,18490,sensor_fault,7001,deadline_fusion,24bfb8b9aac5b87f9f268595cf4462964bd3a01da9d8089f51ed740d780fee86,9b5a428363b62ad024a6d518c6bdc283191d1cf8739502f5298786104f688bf6,3e511c9e6b0f4e802312f49c,46.32587802199987,f000d324411431a807bac72657424c44472cc457a2b2f856442e941850c00046,0.6875,0.0045385779122541605,main_nominal,10.0,1.0
0.8057638183074044,0.8377851025122427,0.4906349213906238,0.4902997276958801,0.5340393343419062,0.005042864346949067,0.0,0.08750559889054355,0.32886654671121907,1.0,1.0,30.885507264413175,0.040007796776065155,0.8888888888888888,0.8888888888888888,36,32,482.9405298344984,9.239690200213644,1530.778358872392,0,56,0.0,13411,moving_front,7017,greedy_sparse,24bfb8b9aac5b87f9f268595cf4462964bd3a01da9d8089f51ed740d780fee86,897c3ea0ca4def7c92d6c5bc4c681216da15d36377736736da162a96b99c0650,3f920db6a8776da97c131e39,19.74662032099991,f000d324411431a807bac72657424c44472cc457a2b2f856442e941850c00046,0.5431858627981601,0.07261724659606657,main_nominal,56.0,1.8666666666666667
0.5231183812405447,0.5675665027735752,0.3091669818456883,0.3095324741927579,0.3161875945537065,0.006555723651033787,0.0,0.07412134937249612,0.19491807979971038,1.0,1.0,96.85683780887545,0.21765475289964697,0.6944444444444444,0.6944444444444444,36,25,440.96480715796065,7.759831849892839,2033.0396448963656,0,28,0.0,10915,storm,7009,deadline_fusion,24bfb8b9aac5b87f9f268595cf4462964bd3a01da9d8089f51ed740d780fee86,956a9ceb80df2feb4bb3b76f79213a7f0cb93b60e4835d44d36852e549355e78,3fc1b48a7699aeac53fb54ef,40.31230881500005,f000d324411431a807bac72657424c44472cc457a2b2f856442e941850c00046,0.22395833333333331,0.6354009077155824,main_nominal,28.0,2.75
0.7682590032548268,0.8174564913802649,0.48421615552723235,0.4834849822184563,0.4886535552193646,0.016137165910237013,0.0,0.08477778378938378,0.32272621213692915,1.0,1.0,37.19684579496121,0.04998743784975789,0.9166666666666666,0.9166666666666666,36,33,363.8037402265025,0.8965647022055657,2496.7885282954003,0,0,0.0,12418,moving_front,7015,fixed_ring,24bfb8b9aac5b87f9f268595cf4462964bd3a01da9d8089f51ed740d780fee86,277879760b7636cf423ed8f2b038495b33a699b960bf9fcac3c05a45a91ae287,3ff228cbe801a5bfd7f68043,6.872586073000093,f000d324411431a807bac72657424c44472cc457a2b2f856442e941850c00046,0.4342844632787088,0.14069591527987896,main_nominal,,
0.5453857791225415,0.5823326399394856,0.319071482602118,0.3188971072327661,0.34493192133131617,0.010842158345940494,0.0,0.07971713504311892,0.3468343920558006,1.0,1.0,93.01953321986886,0.21262764750378216,0.75,0.75,36,27,485.7037503875708,11.298819324549957,1694.8156045955666,0,33,0.0,12056,storm,7012,fungal,24bfb8b9aac5b87f9f268595cf4462964bd3a01da9d8089f51ed740d780fee86,6ef10a6f8528f48913779ce02125f8ae67ac504fa24b04f7d539448adf330dc7,40132dbe6c1da5528a436c8b,16.734844493000082,f000d324411431a807bac72657424c44472cc457a2b2f856442e941850c00046,0.2708333333333333,0.6399394856278366,main_nominal,33.0,3.3
0.7941959783156831,0.8028397629853756,0.41194686081694404,0.4120342044244073,0.903177004538578,0.0,0.0,0.1799095819724815,0.40162853691370176,0.8930912758446796,1.0,27.204953038325762,0.01824098587997983,0.9444444444444444,0.9444444444444444,36,34,408.9300673088942,2.352932230196126,2247.194340966484,0,0,0.0,19028,sensor_fault,7009,static_tuned,24bfb8b9aac5b87f9f268595cf4462964bd3a01da9d8089f51ed740d780fee86,956a9ceb80df2feb4bb3b76f79213a7f0cb93b60e4835d44d36852e549355e78,4086d05734a59e14ef9ffe81,6.123764645999927,f000d324411431a807bac72657424c44472cc457a2b2f856442e941850c00046,0.6927083333333333,0.0045385779122541605,main_nominal,0.0,0.0
0.752781454866364,0.7666493318204739,0.41819528492183555,0.417991456775583,0.8260211800302572,0.0,0.0,0.1774511246649341,0.3524990562170177,0.9992435703479576,1.0,37.2233910110943,0.04073688855269793,0.9166666666666666,0.9166666666666666,36,33,363.434175823121,0.8938367877359078,2496.7762359994845,0,0,0.0,17439,sensor_fault,7002,fixed_ring,24bfb8b9aac5b87f9f268595cf4462964bd3a01da9d8089f51ed740d780fee86,fb367cc0d79aa8d9c98eb2a529262d3fdb12211bf1a4b9a1df875515bb387ab8,41096e0c972178085a6fcc7d,6.752084811999794,f000d324411431a807bac72657424c44472cc457a2b2f856442e941850c00046,0.6562499999999999,0.006051437216338881,main_nominal,,
0.5358437342410488,0.5879507060010085,0.3234839889056984,0.3242297636943037,0.2556732223903177,0.011850731215330307,0.0,0.08231418009257316,0.36980109832998886,1.0,1.0,89.77736541855772,0.18548285426122035,0.6857142857142857,0.6857142857142857,35,24,423.9003149618933,5.860495831257057,1957.8869819418076,0,40,0.0,10025,storm,7001,greedy_sparse,24bfb8b9aac5b87f9f268595cf4462964bd3a01da9d8089f51ed740d780fee86,9b5a428363b62ad024a6d518c6bdc283191d1cf8739502f5298786104f688bf6,413f6abe82bd1c072a6db507,16.38892415800001,f000d324411431a807bac72657424c44472cc457a2b2f856442e941850c00046,0.24479166666666663,0.6248108925869894,main_nominal,40.0,1.5833333333333333
0.5280588124054463,0.5931511598587997,0.3359335602622289,0.33620240726634304,0.2586989409984871,0.01941502773575391,0.0,0.04937077955655239,0.31317028758735577,1.0,1.0,89.92522377710539,0.1906281517902168,0.6666666666666666,0.6944444444444444,36,24,408.5387513843425,6.821513843692312,1822.0753845911477,0,39,0.0,9530,storm,7005,economic,24bfb8b9aac5b87f9f268595cf4462964bd3a01da9d8089f51ed740d780fee86,e5eb0adce92def657b42daaff1168729498af6b7f7eacaec91555308393fbb04,4295540da0d81e3e7d3fb69e,15.426677734999998,f000d324411431a807bac72657424c44472cc457a2b2f856442e941850c00046,0.23437499999999997,0.6444780635400907,main_nominal,39.0,3.9
0.5331253151790216,0.5719474911749873,0.3183308119011598,0.31812184196534565,0.3267776096822995,0.007312153303076147,0.0,0.05844069112003145,0.18200235380431204,1.0,1.0,97.3864173600605,0.22448625819465454,0.8055555555555556,0.8055555555555556,36,29,477.4628331819148,10.471042149014318,1529.2281674477701,0,28,0.0,11708,storm,7002,deadline_fusion,24bfb8b9aac5b87f9f268595cf4462964bd3a01da9d8089f51ed740d780fee86,fb367cc0d79aa8d9c98eb2a529262d3fdb12211bf1a4b9a1df875515bb387ab8,4357b5933e7944f452a95b70,35.57209417900003,f000d324411431a807bac72657424c44472cc457a2b2f856442e941850c00046,0.2552083333333333,0.649016641452345,main_nominal,28.0,2.8
0.41196261976802817,0.5773370524457891,0.3235627836611195,0.3226077549616764,0.22995461422087746,0.20574886535552195,0.00151285930408472,0.07778504578247919,0.31644368960651126,1.0,1.0,107.42813918305598,0.22892240292486132,0.7777777777777778,0.8055555555555556,36,28,363.939676789972,1.2161776711045638,2495.0953423207648,0,0,0.0,7613,storm,7015,fixed_ring,24bfb8b9aac5b87f9f268595cf4462964bd3a01da9d8089f51ed740d780fee86,b549dfc41676c63078393edb7074f42e4f0927a271f4a7ecca93c1f6bdaa8078,4394179d49d878f48f4df98f,4.886079718000019,f000d324411431a807bac72657424c44472cc457a2b2f856442e941850c00046,0.06249999999999999,0.6838124054462935,main_nominal,,
0.5112834089762984,0.5945852244074634,0.3342709909228441,0.33440029875998656,0.25113464447806355,0.032274331820474025,0.0,0.045753835053197675,0.3955246364418843,1.0,1.0,94.8747557362582,0.20924735249621784,0.8333333333333334,0.8333333333333334,36,30,415.45985900896636,5.573513801609041,1731.9294678218516,0,38,0.0,9170,storm,7018,greedy_sparse,24bfb8b9aac5b87f9f268595cf4462964bd3a01da9d8089f51ed740d780fee86,20cbee7be12f3041b6f80dfbab6cf06c7cd24e2dceeb098a373acea1952196d8,44e12bc4fcacf32b7187afae,13.777039152000043,f000d324411431a807bac72657424c44472cc457a2b2f856442e941850c00046,0.21875,0.6611195158850227,main_nominal,38.0,1.4333333333333333
0.8771719408942887,0.885268864378359,0.5553201182327919,0.5558076988805551,0.697428139183056,0.0,0.0,0.1470632140762104,0.38921651849082595,1.0,1.0,21.94794158902965,0.030813868738470217,0.9722222222222222,0.9722222222222222,36,35,476.86254813746183,8.929040178026051,1590.5007795525466,0,53,0.0,16854,moving_front,7014,recruitment,24bfb8b9aac5b87f9f268595cf4462964bd3a01da9d8089f51ed740d780fee86,358f3d3ac5e4c7943da7c4ded7230c7e4afe2570f3a3d3555871e5543b789f00,4525836a3c3336324042b403,17.56692182500001,f000d324411431a807bac72657424c44472cc457a2b2f856442e941850c00046,0.6865963763384919,0.019667170953101363,main_nominal,53.0,1.7666666666666666
0.8132705557034801,0.8381242800799159,0.518105993029805,0.5174448275072567,0.6838124054462935,0.004286434694906706,0.0,0.10389614015460642,0.24869070431305287,1.0,1.0,35.30448217402082,0.062267428745097456,0.9444444444444444,0.9444444444444444,36,34,2293.6758079827428,45.81293980468023,945.9508794539306,0,5,0.0,15882,moving_front,7019,adaptive,24bfb8b9aac5b87f9f268595cf4462964bd3a01da9d8089f51ed740d780fee86,7fc013544a2434726446cf0cb1c220e784a923ebb4fc53407d1bf1d9ae765b5f,459092483669fdb2d31189b4,10.562564458999987,f000d324411431a807bac72657424c44472cc457a2b2f856442e941850c00046,0.5986214195558861,0.0529500756429652,main_nominal,,
0.5333774583963692,0.5798348461926373,0.3187405446293494,0.3195693313615253,0.26626323751891073,0.008572869389813413,0.0,0.08651815484931205,0.3701886671249116,1.0,1.0,91.51455339132626,0.1935041603630862,0.6571428571428571,0.6571428571428571,35,23,447.41823345114926,8.572247450153595,1905.899206864705,0,28,0.0,10266,storm,7001,deadline_fusion,24bfb8b9aac5b87f9f268595cf4462964bd3a01da9d8089f51ed740d780fee86,9b5a428363b62ad024a6d518c6bdc283191d1cf8739502f5298786104f688bf6,46d93664d806082db8f8ec12,41.53970501399999,f000d324411431a807bac72657424c44472cc457a2b2f856442e941850c00046,0.234375,0.6232980332829047,main_nominal,28.0,2.8
0.4858327029752899,0.57681700706001,0.3242955748865355,0.3248120062889049,0.2783661119515885,0.07211296016137164,0.0,0.07768765228695731,0.3250490654467232,1.0,1.0,99.03137607160866,0.21904942007060008,0.6666666666666666,0.6666666666666666,36,24,363.9135473067628,1.1739236555669492,2493.5679254390748,0,0,0.0,9355,storm,7008,fixed_ring,24bfb8b9aac5b87f9f268595cf4462964bd3a01da9d8089f51ed740d780fee86,61fbc2c3c47ea0b2f394bf19d5d944ff33916305affd279efd1232b2237e443b,47796d9e7c11f7cd4be8ac2f,5.2079470040000615,f000d324411431a807bac72657424c44472cc457a2b2f856442e941850c00046,0.15104166666666669,0.653555219364599,main_nominal,,
0.8335380449755875,0.8482259883384198,0.4999336572728436,0.5009166508716429,0.7110438729198184,0.0002521432173474533,0.0,0.10948505357852939,0.1860900212442361,1.0,1.0,27.453721494846373,0.036883535099204015,0.9166666666666666,0.9166666666666666,36,33,499.2295785900364,12.001959331011959,1600.3681257088995,0,49,0.0,16497,moving_front,7013,fungal,24bfb8b9aac5b87f9f268595cf4462964bd3a01da9d8089f51ed740d780fee86,0aace0ec30ee371a7c2663e2411d8b6b713bd3c12b78091846cea85ee9e6f3b4,4860f317984409bc577c96a9,17.30766871999981,f000d324411431a807bac72657424c44472cc457a2b2f856442e941850c00046,0.5974930969549218,0.06505295007564296,main_nominal,49.0,4.85
0.7872462808875441,0.7962288830055471,0.4157053706505295,0.4148561608381481,0.9288956127080181,0.0,0.0,0.1591677681353871,0.40204301399511316,1.0,1.0,29.54586642713061,0.02439485627836611,0.9722222222222222,0.9722222222222222,36,35,394.48259469302326,5.599398347458341,2153.566425728306,0,32,0.0,19381,sensor_fault,7016,economic,24bfb8b9aac5b87f9f268595cf4462964bd3a01da9d8089f51ed740d780fee86,c01d3e850dcea516d0864d501fedc94fd615e60fababbc941400707247a8bedb,4861885e97fdf6e348afafd0,18.11699125699988,f000d324411431a807bac72657424c44472cc457a2b2f856442e941850c00046,0.6979166666666666,0.0015128593040847202,main_nominal,32.0,3.1166666666666667
0.5326131492687846,0.5759817826525465,0.31446986888552697,0.31618557587683505,0.2874432677760968,0.00529500756429652,0.0,0.07586579840244378,0.3647119921138932,1.0,1.0,91.96033472012101,0.19501701966717094,0.6857142857142857,0.6857142857142857,35,24,409.2140588621173,2.6554236082225406,2245.0938927697575,0,0,0.0,10710,storm,7001,static_tuned,24bfb8b9aac5b87f9f268595cf4462964bd3a01da9d8089f51ed740d780fee86,9b5a428363b62ad024a6d518c6bdc283191d1cf8739502f5298786104f688bf6,48a6a09a155ed1e5c486e6ff,6.4447677009999325,f000d324411431a807bac72657424c44472cc457a2b2f856442e941850c00046,0.23958333333333331,0.6338880484114977,main_nominal,0.0,0.0
0.5254349470499243,0.586886976802824,0.3241379853756934,0.3244789689467761,0.3071104387291982,0.02798789712556732,0.0,0.0782898180472389,0.3253310734589155,1.0,1.0,93.98000189107412,0.2122888300554715,0.6944444444444444,0.6944444444444444,36,25,425.27459225722276,8.46113303268582,1403.925255479913,0,36,0.0,10820,storm,7008,economic,24bfb8b9aac5b87f9f268595cf4462964bd3a01da9d8089f51ed740d780fee86,61fbc2c3c47ea0b2f394bf19d5d944ff33916305affd279efd1232b2237e443b,48e7a13bcd7e58ff94eece11,15.04740959500009,f000d324411431a807bac72657424c44472cc457a2b2f856442e941850c00046,0.22395833333333331,0.6505295007564297,main_nominal,36.0,3.6
0.7715897629853756,0.790374432677761,0.42114220877458386,0.42115531727328503,0.7095310136157338,0.0012607160867372667,0.0,0.16782796661832053,0.41950148451455566,0.9609178013111447,1.0,32.752025025214316,0.03412600857286938,0.9722222222222222,0.9722222222222222,36,35,408.65800254860375,5.266360680886991,2126.191789366646,0,16,0.0,15519,sensor_fault,7015,deadline_fusion,24bfb8b9aac5b87f9f268595cf4462964bd3a01da9d8089f51ed740d780fee86,b549dfc41676c63078393edb7074f42e4f0927a271f4a7ecca93c1f6bdaa8078,49813e59705ef6c9a65a26d4,45.52824742800021,f000d324411431a807bac72657424c44472cc457a2b2f856442e941850c00046,0.6510416666666666,0.0045385779122541605,main_nominal,16.0,1.6
0.7429557488653553,0.7657983484619263,0.3825091401916288,0.3805647744308295,0.5521936459909228,0.0,0.0,0.2039970786690631,0.49459945920981835,0.8908219868885526,1.0,37.62591401916288,0.03748266515380736,0.9722222222222222,0.9722222222222222,36,35,363.43287373227435,0.9021525809303287,2496.75963377726,0,0,0.0,13944,sensor_fault,7006,fixed_ring,24bfb8b9aac5b87f9f268595cf4462964bd3a01da9d8089f51ed740d780fee86,5772c05e39ffe56db9fe4d550c615751b591862ac0732ff00bde5b9c136479f3,4a741d9762748c4027f2b24e,5.713799683000161,f000d324411431a807bac72657424c44472cc457a2b2f856442e941850c00046,0.6197916666666666,0.015128593040847202,main_nominal,,
0.7733941628845183,0.7929746596066566,0.4215361825516893,0.4212185456270654,0.686838124054463,0.0012607160867372667,0.0,0.16799277323171283,0.41944345088778184,0.959909228441755,1.0,32.091567385274836,0.031005736258194652,0.9722222222222222,0.9722222222222222,36,35,391.3508962103104,4.227895161676008,2169.066058825325,0,34,0.0,15201,sensor_fault,7015,greedy_sparse,24bfb8b9aac5b87f9f268595cf4462964bd3a01da9d8089f51ed740d780fee86,b549dfc41676c63078393edb7074f42e4f0927a271f4a7ecca93c1f6bdaa8078,4b319aa12fd5c3712f736a21,25.957223922999674,f000d324411431a807bac72657424c44472cc457a2b2f856442e941850c00046,0.6510416666666666,0.0030257186081694403,main_nominal,34.0,1.1166666666666667
0.48079771810388294,0.5613023197175996,0.307023764498235,0.30721022754634947,0.25718608169440244,0.039334341906202726,0.0,0.053847612032444335,0.2382435741599029,1.0,1.0,103.26639718860314,0.23425680786686834,0.8055555555555556,0.8055555555555556,36,29,423.7522337893926,8.831805464586104,1758.9758797194722,0,42,0.0,9475,storm,7010,economic,24bfb8b9aac5b87f9f268595cf4462964bd3a01da9d8089f51ed740d780fee86,c0265f2f5da1b8f1e6334a7d1da15d24852be86831d4583cf0a020b238d73be2,4d04ba92d038184568f94fa9,14.87381596299997,f000d324411431a807bac72657424c44472cc457a2b2f856442e941850c00046,0.171875,0.6717095310136157,main_nominal,42.0,4.2
0.8357480164212887,0.8504835495883409,0.5025290589004934,0.5030576408330621,0.6989409984871406,0.0002521432173474533,0.0,0.10797170355712685,0.18596175762083492,1.0,1.0,27.277915332325826,0.03713202463735604,0.9166666666666666,0.9166666666666666,36,33,486.68251655298184,11.35314678718515,1610.1270034234374,0,55,0.0,16412,moving_front,7013,economic,24bfb8b9aac5b87f9f268595cf4462964bd3a01da9d8089f51ed740d780fee86,0aace0ec30ee371a7c2663e2411d8b6b713bd3c12b78091846cea85ee9e6f3b4,4faf8c60c6692160f18c1846,18.42972494300011,f000d324411431a807bac72657424c44472cc457a2b2f856442e941850c00046,0.6101794582884339,0.057488653555219364,main_nominal,55.0,5.466666666666667
0.7555235123550176,0.768847705496722,0.4194323625819465,0.4191933222136312,0.8214826021180031,0.0,0.0,0.17740628464603228,0.3522091340473243,0.9989914271306103,1.0,36.56703069843671,0.03868034543620776,0.9166666666666666,0.9166666666666666,36,33,393.48421317460947,3.6853144990502402,2417.7984621374458,0,13,0.0,17456,sensor_fault,7002,adaptive,24bfb8b9aac5b87f9f268595cf4462964bd3a01da9d8089f51ed740d780fee86,fb367cc0d79aa8d9c98eb2a529262d3fdb12211bf1a4b9a1df875515bb387ab8,5029326c3f0486c5107ba134,8.397768897999867,f000d324411431a807bac72657424c44472cc457a2b2f856442e941850c00046,0.6614583333333333,0.006051437216338881,main_nominal,,
0.5740119137670197,0.6242435703479575,0.3492892713061018,0.34881015936807686,0.3237518910741301,0.00302571860816944,0.0,0.05360357965487287,0.3792539177327668,1.0,1.0,80.40492624810892,0.16430282400403426,0.8055555555555556,0.8055555555555556,36,29,439.7695375134732,9.607283012144253,1578.9921035279494,0,40,0.0,11355,storm,7014,economic,24bfb8b9aac5b87f9f268595cf4462964bd3a01da9d8089f51ed740d780fee86,ac5fa5d877e58450b21b5619aadcad71ab1db9e7cd210fd1cd516ef4a934c028,5034d7d2922f499e1ea0808d,16.427727774999994,f000d324411431a807bac72657424c44472cc457a2b2f856442e941850c00046,0.296875,0.5703479576399395,main_nominal,40.0,4.0
0.5341575264750378,0.5844207009581442,0.3207734493192133,0.32207749496887833,0.26021180030257185,0.007564296520423601,0.0,0.08624942463890817,0.3702451184996898,1.0,1.0,90.94896463691374,0.1912821482602118,0.6857142857142857,0.6857142857142857,35,24,422.6314809351411,5.676424008967951,2050.914140462612,0,39,0.0,10100,storm,7001,recruitment,24bfb8b9aac5b87f9f268595cf4462964bd3a01da9d8089f51ed740d780fee86,9b5a428363b62ad024a6d518c6bdc283191d1cf8739502f5298786104f688bf6,50417a4d80e27cacc68b228f,15.980599410999957,f000d324411431a807bac72657424c44472cc457a2b2f856442e941850c00046,0.23437499999999997,0.6232980332829047,main_nominal,39.0,1.4
0.8359185586779925,0.8552749521405013,0.5093456428291274,0.5091688987296629,0.7110438729198184,0.00832072617246596,0.0,0.0849483532352871,0.3597312265783104,1.0,1.0,24.456189822521925,0.025069374733427612,0.9714285714285714,0.9714285714285714,35,34,478.9168290818665,8.717580394455476,1533.630012960868,0,49,0.0,16400,moving_front,7001,greedy_sparse,24bfb8b9aac5b87f9f268595cf4462964bd3a01da9d8089f51ed740d780fee86,0eaaad553c80db6664d9a551f5b55b53a649071324c5a65ea020b06da777986c,510bc2d8c8fec22b5d6b1f23,16.368636475999892,f000d324411431a807bac72657424c44472cc457a2b2f856442e941850c00046,0.5685595812394,0.060514372163388806,main_nominal,49.0,1.6333333333333333
0.44767240292486127,0.5329046898638427,0.2851582198688855,0.2843515980542011,0.26777609682299547,0.06303580433686333,0.0,0.05951586470132639,0.2913490241221581,1.0,1.0,107.84488464447806,0.2409622415532022,0.5555555555555556,0.6388888888888888,36,20,415.14947526528573,5.7568884380181435,1874.6885391910607,0,43,0.0,9369,storm,7006,greedy_sparse,24bfb8b9aac5b87f9f268595cf4462964bd3a01da9d8089f51ed740d780fee86,5772c05e39ffe56db9fe4d550c615751b591862ac0732ff00bde5b9c136479f3,510fb7db5fbf1cf11689fe63,13.638782452999976,f000d324411431a807bac72657424c44472cc457a2b2f856442e941850c00046,0.11458333333333333,0.670196671709531,main_nominal,43.0,1.6833333333333333
0.8039382256461628,0.8141338146105153,0.48387310461414823,0.48467048059367135,0.7912254160363086,0.0,0.0,0.08451725091490188,0.19190936834819072,1.0,1.0,32.7386768198964,0.04609540469646292,0.9166666666666666,0.9166666666666666,36,33,409.3283730532968,2.3505562214166584,2246.444960105029,0,0,0.0,17828,moving_front,7009,static_tuned,24bfb8b9aac5b87f9f268595cf4462964bd3a01da9d8089f51ed740d780fee86,6e2d005a512f8f795588b53a08d35435fd833e215d9a9396f9ada02b8104fa48,51bcbd663c99de3c3ecb5bee,7.367294532999949,f000d324411431a807bac72657424c44472cc457a2b2f856442e941850c00046,0.5397427656164976,0.06202723146747353,main_nominal,0.0,0.0
0.5217552319717599,0.5853347201210287,0.3289208270297529,0.3284725211141596,0.2723146747352496,0.016389309127584465,0.0,0.04627814189018932,0.39474546090290685,1.0,1.0,94.96142996722138,0.21099659606656576,0.8333333333333334,0.8333333333333334,36,30,409.2187953274065,2.7074572647725335,2243.9316547581025,0,0,0.0,9831,storm,7018,static_tuned,24bfb8b9aac5b87f9f268595cf4462964bd3a01da9d8089f51ed740d780fee86,20cbee7be12f3041b6f80dfbab6cf06c7cd24e2dceeb098a373acea1952196d8,51e6d97b61190f8d26251545,4.588040799000055,f000d324411431a807bac72657424c44472cc457a2b2f856442e941850c00046,0.24999999999999997,0.6520423600605144,main_nominal,0.0,0.0
0.7744578920827029,0.7924073373676248,0.41489378466969234,0.4156498951907636,0.7745839636913767,0.0005042864346949066,0.0,0.1751720831462652,0.39551550482276693,0.9649520927887039,1.0,30.72991521684317,0.02425302571860817,0.9444444444444444,0.9444444444444444,36,34,408.8229126610962,2.339340467464601,2246.6568935725545,0,0,0.0,16512,sensor_fault,7007,static_tuned,24bfb8b9aac5b87f9f268595cf4462964bd3a01da9d8089f51ed740d780fee86,b9aa9c192ff362205c201c037cc4f3c7c2aba8b7e0c4fd0ef068255fea54f756,52196b033d9e01da6bf65465,5.038654190000216,f000d324411431a807bac72657424c44472cc457a2b2f856442e941850c00046,0.6614583333333333,0.019667170953101363,main_nominal,0.0,0.0
0.791017644922945,0.8107260735906126,0.47479770026644336,0.4749007187442769,0.5930408472012103,0.0,0.0,0.10975101720313017,0.33085033889723864,1.0,1.0,37.444512643274635,0.05854498898074776,0.8888888888888888,0.8888888888888888,36,32,363.7926382483025,0.8763647616255495,2495.12411497383,0,0,0.0,14752,moving_front,7008,fixed_ring,24bfb8b9aac5b87f9f268595cf4462964bd3a01da9d8089f51ed740d780fee86,a9dc4e7a83ea86ea436568b7b9e6ff3f12c69e20d2897f78617ebd8a5771ceb1,532b307ecde7e6d44e15b046,5.947053210000149,f000d324411431a807bac72657424c44472cc457a2b2f856442e941850c00046,0.4965793803766292,0.10287443267776097,main_nominal,,
0.45366868381240544,0.5954598461926374,0.343679084720121,0.3444752538511115,0.2481089258698941,0.1669188098840141,0.0,0.05127335044963975,0.2812872626114641,1.0,1.0,101.28053296772565,0.21563760716086736,0.6666666666666666,0.6944444444444444,36,24,363.92869394333104,1.2059084626890746,2494.755229551577,0,0,0.0,8098,storm,7000,fixed_ring,24bfb8b9aac5b87f9f268595cf4462964bd3a01da9d8089f51ed740d780fee86,5f8536aad221b558feae01abd9e48012ffd43f0d986448ef31076303591affbe,53377efe07674fa714b01f14,7.0374193180000475,f000d324411431a807bac72657424c44472cc457a2b2f856442e941850c00046,0.09375,0.653555219364599,main_nominal,,
0.8021901429506019,0.8284704641522571,0.48596511703244943,0.4847934660586644,0.5900151285930408,0.006303580433686333,0.0,0.10729491096264834,0.23586554546391433,1.0,1.0,34.0074589843315,0.05067738579640007,1.0,1.0,36,36,461.37950881064893,7.862662389235453,1576.4040776542604,0,50,0.0,14539,moving_front,7019,recruitment,24bfb8b9aac5b87f9f268595cf4462964bd3a01da9d8089f51ed740d780fee86,7fc013544a2434726446cf0cb1c220e784a923ebb4fc53407d1bf1d9ae765b5f,533d861f0a5177c455809143,16.01334954799995,f000d324411431a807bac72657424c44472cc457a2b2f856442e941850c00046,0.5223643773165227,0.08472012102874432,main_nominal,50.0,1.6666666666666667
0.7802093936529705,0.7981404563923062,0.4609137144477524,0.4611019644044303,0.659606656580938,0.0007564296520423601,0.0,0.07384846689238843,0.2864874374439068,1.0,1.0,40.80713840260952,0.06936236151473905,0.9166666666666666,0.9444444444444444,36,33,2089.324061688342,41.79344263031107,979.3281882108229,0,13,0.0,15651,moving_front,7006,adaptive,24bfb8b9aac5b87f9f268595cf4462964bd3a01da9d8089f51ed740d780fee86,ab258b21f7221620284a3215d026dafd75f9efdf5bedb3e529bdff643d2065af,54840adb7bdbb34e95f9ae76,8.824994212000092,f000d324411431a807bac72657424c44472cc457a2b2f856442e941850c00046,0.48314089036261776,0.10741301059001512,main_nominal,,
0.8448264178074296,0.854918137143678,0.5231380246737579,0.5230626667585011,0.6913767019667171,0.0,0.0,0.06331060856147414,0.24332220659713938,1.0,1.0,27.353203822427126,0.040043244134330344,0.9722222222222222,0.9722222222222222,36,35,514.2140274071535,13.171085209974587,1419.7969325726351,0,51,0.0,16597,moving_front,7004,deadline_fusion,24bfb8b9aac5b87f9f268595cf4462964bd3a01da9d8089f51ed740d780fee86,33909bb95a53710954872d70bc5591af92a450651324e9fef7a21e0a1cd4da1e,54d451c47bc71553822b00dc,38.19009023300009,f000d324411431a807bac72657424c44472cc457a2b2f856442e941850c00046,0.6012687687938089,0.046898638426626324,main_nominal,51.0,5.083333333333333
0.7803202218860312,0.7881603000504285,0.40307457135653046,0.4022600371613078,0.924357034795764,0.0,0.0,0.164688667598367,0.29399127027342103,0.9306606152294503,1.0,29.97242183560262,0.022275277357539085,0.9444444444444444,0.9444444444444444,36,34,408.9831091631553,2.3582585853755442,2246.7555751774166,0,0,0.0,18986,sensor_fault,7004,static_tuned,24bfb8b9aac5b87f9f268595cf4462964bd3a01da9d8089f51ed740d780fee86,1ffbd60f44c9f81edacbd6236060262a241240e41dabbe8776c51fac2266503a,54e6615f530612b865658454,5.181153684000037,f000d324411431a807bac72657424c44472cc457a2b2f856442e941850c00046,0.6927083333333333,0.0,main_nominal,0.0,0.0
0.7800680786686838,0.7883178895612708,0.40877931164901665,0.4086988831695424,0.9062027231467473,0.0,0.0,0.1578297923174357,0.29247410119018324,0.95940494200706,1.0,30.620429904185578,0.027168431669188097,0.9444444444444444,0.9444444444444444,36,34,385.57227867888884,2.6933280737446186,2156.3688040681805,0,5,0.0,18594,sensor_fault,7004,fungal,24bfb8b9aac5b87f9f268595cf4462964bd3a01da9d8089f51ed740d780fee86,1ffbd60f44c9f81edacbd6236060262a241240e41dabbe8776c51fac2266503a,5511fd7dfcd216dcdca122ce,13.185232235000058,f000d324411431a807bac72657424c44472cc457a2b2f856442e941850c00046,0.6875,0.0,main_nominal,5.0,0.5
0.8226006335712314,0.8409605143249507,0.5341244193372682,0.5327448515759551,0.7019667170953101,0.006051437216338881,0.0,0.07529684411984748,0.3958719993095347,1.0,1.0,35.045475361107776,0.06407843372745367,0.9444444444444444,0.9444444444444444,36,34,1881.1668236169553,36.520011266926005,1005.6920428830321,0,9,0.0,16219,moving_front,7018,adaptive,24bfb8b9aac5b87f9f268595cf4462964bd3a01da9d8089f51ed740d780fee86,43e354cb1fa0a5fed03587ccc8ef089b630912d128abf8941ac224ef282c99e3,556c115bbc58550eb19248bf,10.660976899000161,f000d324411431a807bac72657424c44472cc457a2b2f856442e941850c00046,0.5809447648512626,0.05597579425113464,main_nominal,,
0.7656171205244579,0.7869389813414018,0.40282242813918295,0.4021660785011001,0.8063540090771558,0.0032778618255168935,0.0,0.17087307710956914,0.2622472877391311,0.9619263741805344,1.0,31.11183339636914,0.023504475542107914,1.0,1.0,36,36,408.875866059397,2.354569994674785,2247.1095816535017,0,0,0.0,17073,sensor_fault,7010,static_tuned,24bfb8b9aac5b87f9f268595cf4462964bd3a01da9d8089f51ed740d780fee86,c0265f2f5da1b8f1e6334a7d1da15d24852be86831d4583cf0a020b238d73be2,558fd1a3ec8fcf7b242b42bd,13.511960594999891,f000d324411431a807bac72657424c44472cc457a2b2f856442e941850c00046,0.65625,0.025718608169440244,main_nominal,0.0,0.0
0.8385516660962441,0.8467013673422037,0.5028306725045442,0.502230471857529,0.7534039334341907,0.0,0.0,0.09671253900067428,0.34895778028642543,1.0,1.0,28.101838391948405,0.04074114487859758,0.9444444444444444,0.9444444444444444,36,34,492.0170530608893,9.846203828721443,1558.6195237884324,0,58,0.0,17430,moving_front,7012,greedy_sparse,24bfb8b9aac5b87f9f268595cf4462964bd3a01da9d8089f51ed740d780fee86,760400fc1b0b776e9c52ee32311a1069b16aa52520e6f2d9a36a2dd8b57f7ebd,55a4f74e8f0c279119f894ba,17.28311703899999,f000d324411431a807bac72657424c44472cc457a2b2f856442e941850c00046,0.6059799685437652,0.04084720121028744,main_nominal,58.0,1.9333333333333333
0.503506366616238,0.592654752899647,0.32880263489662126,0.3283194037628854,0.2708018154311649,0.04462934947049924,0.0,0.05759546448427344,0.2486971513316417,1.0,1.0,95.12835665658093,0.20340078164397377,0.7777777777777778,0.8333333333333334,36,28,1465.0251840025553,29.981433513952435,1891.677381342794,0,28,0.0,9524,storm,7004,adaptive,24bfb8b9aac5b87f9f268595cf4462964bd3a01da9d8089f51ed740d780fee86,1ffbd60f44c9f81edacbd6236060262a241240e41dabbe8776c51fac2266503a,5643bb0abdd8d0b176c347d2,7.69551641999999,f000d324411431a807bac72657424c44472cc457a2b2f856442e941850c00046,0.1875,0.6565809379727685,main_nominal,,
0.5333616994452848,0.5727354387291981,0.3107665153807362,0.3116227564552432,0.3358547655068079,0.004790721129601614,0.0,0.07346287709265262,0.19751069050623773,1.0,1.0,97.0092662632375,0.22513237518910736,0.7777777777777778,0.7777777777777778,36,28,411.23438234053094,5.362586042235636,1925.8590547668014,0,40,0.0,11668,storm,7016,recruitment,24bfb8b9aac5b87f9f268595cf4462964bd3a01da9d8089f51ed740d780fee86,c01d3e850dcea516d0864d501fedc94fd615e60fababbc941400707247a8bedb,564411959c1e87747cc37f29,15.9607071370001,f000d324411431a807bac72657424c44472cc457a2b2f856442e941850c00046,0.2708333333333333,0.659606656580938,main_nominal,40.0,1.3333333333333333
0.8541587871911245,0.8601235501765002,0.4657164019162884,0.4661761423744046,0.9409984871406959,0.0,0.0,0.20034975795502036,0.42921931848580086,1.0,1.0,20.275742246596064,0.015459531013615734,0.9444444444444444,0.9444444444444444,36,34,411.9857072175383,5.565530831366046,2071.4492969617977,0,19,0.0,19482,sensor_fault,7014,deadline_fusion,24bfb8b9aac5b87f9f268595cf4462964bd3a01da9d8089f51ed740d780fee86,ac5fa5d877e58450b21b5619aadcad71ab1db9e7cd210fd1cd516ef4a934c028,565a90d0b7f5195417013dc3,77.86627617400018,f000d324411431a807bac72657424c44472cc457a2b2f856442e941850c00046,0.7708333333333333,0.0,main_nominal,19.0,1.9
0.7747809505799292,0.794392965204236,0.4174467347453353,0.4182686091357307,0.7367624810892587,0.0005042864346949066,0.0,0.17942399850971302,0.3948377347680606,0.961674230963187,1.0,30.430337556732223,0.02390632879475542,0.9444444444444444,0.9444444444444444,36,34,386.52704969902044,3.3522743028907844,2231.9172309612563,0,27,0.0,15775,sensor_fault,7007,recruitment,24bfb8b9aac5b87f9f268595cf4462964bd3a01da9d8089f51ed740d780fee86,b9aa9c192ff362205c201c037cc4f3c7c2aba8b7e0c4fd0ef068255fea54f756,568815ea66e56f1bd9cae026,13.277602876999936,f000d324411431a807bac72657424c44472cc457a2b2f856442e941850c00046,0.6666666666666666,0.019667170953101363,main_nominal,27.0,0.9
0.7586359051941501,0.7745209278870397,0.3839747226424609,0.3823220557296058,0.7957639939485628,0.0,0.0,0.19212092893522179,0.4941178320720996,0.8908219868885526,1.0,33.905028681290965,0.03217189863842663,0.9722222222222222,0.9722222222222222,36,35,387.61918440234206,4.623941578048939,2206.552271209375,0,27,0.0,16516,sensor_fault,7006,economic,24bfb8b9aac5b87f9f268595cf4462964bd3a01da9d8089f51ed740d780fee86,5772c05e39ffe56db9fe4d550c615751b591862ac0732ff00bde5b9c136479f3,56bd59045ef52fa4b29e0988,17.633687789000305,f000d324411431a807bac72657424c44472cc457a2b2f856442e941850c00046,0.6354166666666666,0.01059001512859304,main_nominal,27.0,2.65
0.7782557992939989,0.7965204236006052,0.425601991931417,0.42488988525832544,0.7049924357034796,0.0005042864346949066,0.0,0.1658495438235149,0.36258585051123843,0.9614220877458396,1.0,28.516846318709025,0.013796961674230964,1.0,1.0,36,36,394.21743433688977,5.235445132675216,2192.997638616,0,30,0.0,15681,sensor_fault,7017,economic,24bfb8b9aac5b87f9f268595cf4462964bd3a01da9d8089f51ed740d780fee86,fded3c51bb367e0df8af6f8249b634fefe0cc389845c26618e90a9b29d9c3139,57acf4236f38035599c20aaf,18.666952260000016,f000d324411431a807bac72657424c44472cc457a2b2f856442e941850c00046,0.6197916666666666,0.01664145234493192,main_nominal,30.0,2.9833333333333334
0.5244106152294503,0.5754459783156832,0.3124369641956631,0.3119635235842168,0.30559757942511345,0.008572869389813413,0.0,0.04556379000074256,0.24874682020358058,1.0,1.0,97.60432425617749,0.22511661623802318,0.6944444444444444,0.75,36,25,409.2814645872661,2.6973301515002084,2244.0857480942036,0,0,0.0,10841,storm,7004,static_tuned,24bfb8b9aac5b87f9f268595cf4462964bd3a01da9d8089f51ed740d780fee86,1ffbd60f44c9f81edacbd6236060262a241240e41dabbe8776c51fac2266503a,58044a07feb290aaa0c1dc7c,5.61038057199994,f000d324411431a807bac72657424c44472cc457a2b2f856442e941850c00046,0.23958333333333331,0.670196671709531,main_nominal,0.0,0.0
0.48045102118003025,0.5771637039838629,0.3234603504790721,0.3225237188015485,0.2481089258698941,0.06732223903177005,0.0,0.07784400950613383,0.32673617725195264,1.0,1.0,99.41904626828038,0.21488905698436706,0.7222222222222222,0.7222222222222222,36,26,450.60895435926864,8.537315052177147,2071.160422669514,0,28,0.0,8780,storm,7017,deadline_fusion,24bfb8b9aac5b87f9f268595cf4462964bd3a01da9d8089f51ed740d780fee86,fded3c51bb367e0df8af6f8249b634fefe0cc389845c26618e90a9b29d9c3139,5890ba40ac7c3eefb24b8df2,37.01235825999993,f000d324411431a807bac72657424c44472cc457a2b2f856442e941850c00046,0.13541666666666666,0.6611195158850227,main_nominal,28.0,2.7666666666666666
0.8527326021180031,0.8595877458396369,0.4679226550680787,0.46885261522760946,0.9304084720121029,0.0,0.0,0.1987513808871411,0.42853623274600344,1.0,1.0,20.241427130610184,0.01437216338880484,0.9444444444444444,0.9444444444444444,36,34,390.49968227777543,3.985464447455346,2166.9054899717003,0,34,0.0,19160,sensor_fault,7014,recruitment,24bfb8b9aac5b87f9f268595cf4462964bd3a01da9d8089f51ed740d780fee86,ac5fa5d877e58450b21b5619aadcad71ab1db9e7cd210fd1cd516ef4a934c028,591f1abc56a2821cbe4b3e1b,36.799760006999804,f000d324411431a807bac72657424c44472cc457a2b2f856442e941850c00046,0.7708333333333333,0.0,main_nominal,34.0,1.1333333333333333
0.7733232476046393,0.7842520801815431,0.40532022188603123,0.4075837404946224,0.8653555219364599,0.0,0.0,0.19053715205003455,0.46510897836963544,0.9525970751386788,0.9639435199193143,32.73260211800302,0.033992057488653554,0.9166666666666666,0.9166666666666666,36,33,381.8783671957385,3.233820500390934,2131.9667115952593,0,25,0.0,18232,sensor_fault,7013,recruitment,24bfb8b9aac5b87f9f268595cf4462964bd3a01da9d8089f51ed740d780fee86,7566b3dd58ba1b4b73cead9a88da4a0d93430742ea574afa5e3d674dbfd7a1c5,592c623fae9d153c6953dbf2,21.229469994999818,f000d324411431a807bac72657424c44472cc457a2b2f856442e941850c00046,0.6770833333333333,0.0,main_nominal,25.0,0.8333333333333334
0.777331514459581,0.8003678093156703,0.46023939588276963,0.4587618261536676,0.6822995461422088,0.0017650025214321732,0.0,0.13247646310691097,0.23379480552152498,1.0,1.0,37.867054773399516,0.05581125864188926,0.9722222222222222,0.9722222222222222,36,35,409.3128006075002,2.341807634168748,2246.0197721105333,0,0,0.0,15904,moving_front,7019,static_tuned,24bfb8b9aac5b87f9f268595cf4462964bd3a01da9d8089f51ed740d780fee86,7fc013544a2434726446cf0cb1c220e784a923ebb4fc53407d1bf1d9ae765b5f,5960a13517da3a514a61bee5,6.3081048300000475,f000d324411431a807bac72657424c44472cc457a2b2f856442e941850c00046,0.45544985132594384,0.14523449319213314,main_nominal,0.0,0.0
0.8217317163417291,0.8351092713673257,0.49442997863839616,0.49556304555741376,0.7443267776096822,0.0,0.0,0.10014512306870743,0.18669901966606875,1.0,1.0,30.96100932520077,0.047371010654722136,0.9444444444444444,0.9444444444444444,36,34,465.98454921391965,8.12831899883724,1595.9488223116612,0,52,0.0,16988,moving_front,7002,recruitment,24bfb8b9aac5b87f9f268595cf4462964bd3a01da9d8089f51ed740d780fee86,5b23548e342cd0e105b412e1f6ff973e8f388f6fbedb3fc9e75b3089b159ddd9,59b63e979bdcffd272c6b02d,17.38944148900009,f000d324411431a807bac72657424c44472cc457a2b2f856442e941850c00046,0.6231428031933837,0.018154311649016642,main_nominal,52.0,1.7333333333333334
0.5284843040847201,0.5644147125567323,0.30727590771558244,0.3068676140089278,0.3585476550680787,0.004034291477559253,0.0,0.0843912833485829,0.19940680019607324,1.0,1.0,98.17385274836107,0.22789807110438728,0.75,0.75,36,27,409.2497930319026,2.7115131245060438,2245.067099711826,0,0,0.0,12286,storm,7016,static_tuned,24bfb8b9aac5b87f9f268595cf4462964bd3a01da9d8089f51ed740d780fee86,c01d3e850dcea516d0864d501fedc94fd615e60fababbc941400707247a8bedb,59c117f738df967290b73d76,5.434654462999788,f000d324411431a807bac72657424c44472cc457a2b2f856442e941850c00046,0.2708333333333333,0.6641452344931922,main_nominal,0.0,0.0
0.8524146714905237,0.8597674213970342,0.5160980505882234,0.5170372579679315,0.7715582450832073,0.0,0.0,0.09577861650877964,0.3475567536106514,1.0,1.0,26.06135243627507,0.038690504879610475,0.9444444444444444,0.9444444444444444,36,34,512.548132771456,13.52599645622005,1548.2274641954164,0,57,0.0,17707,moving_front,7012,economic,24bfb8b9aac5b87f9f268595cf4462964bd3a01da9d8089f51ed740d780fee86,760400fc1b0b776e9c52ee32311a1069b16aa52520e6f2d9a36a2dd8b57f7ebd,59c2972788fb7ff65b2b27ff,18.03626374800001,f000d324411431a807bac72657424c44472cc457a2b2f856442e941850c00046,0.6738863724790847,0.028744326777609682,main_nominal,57.0,5.666666666666667
0.8326241805345435,0.8428359808371154,0.4400450706001008,0.44048875578198105,0.875945537065053,0.0,0.0,0.19072857202140747,0.4182853502358394,0.8918305597579426,1.0,22.49704519667171,0.014175176500252143,0.9722222222222222,0.9722222222222222,36,35,408.96273696446946,2.370360336551379,2247.194134596758,0,0,0.0,17799,sensor_fault,7005,static_tuned,24bfb8b9aac5b87f9f268595cf4462964bd3a01da9d8089f51ed740d780fee86,e5eb0adce92def657b42daaff1168729498af6b7f7eacaec91555308393fbb04,59d52fb1eaaecb9d708da8c6,5.760651443999905,f000d324411431a807bac72657424c44472cc457a2b2f856442e941850c00046,0.7552083333333333,0.0,main_nominal,0.0,0.0
0.8062200579929398,0.8165658093797276,0.43984808371154815,0.4390644590255832,0.8804841149773072,0.0,0.0,0.1742410237077137,0.33545239835366847,0.9634392334846191,1.0,25.660142460917797,0.017082702975289965,1.0,1.0,36,36,408.81721870861725,2.3549979106712207,2246.5683656880033,0,0,0.0,18500,sensor_fault,7011,static_tuned,24bfb8b9aac5b87f9f268595cf4462964bd3a01da9d8089f51ed740d780fee86,50b7b3fbf7cedf803850a0428d40ee1ccc4080b783db00698cf7730c8a755b36,5a8c48a6a8ad08d5122dc149,13.344901906999894,f000d324411431a807bac72657424c44472cc457a2b2f856442e941850c00046,0.7291666666666665,0.0045385779122541605,main_nominal,0.0,0.0
0.7919345688350984,0.8118854009077155,0.4418258320726172,0.4415854298025773,0.8169440242057489,0.005799293998991427,0.0,0.16467363284357434,0.396188504768838,0.95940494200706,1.0,27.874905446293496,0.020975163893091273,1.0,1.0,36,36,384.1482644619781,3.4743940565757874,2215.579213678559,0,29,0.0,17140,sensor_fault,7018,recruitment,24bfb8b9aac5b87f9f268595cf4462964bd3a01da9d8089f51ed740d780fee86,20cbee7be12f3041b6f80dfbab6cf06c7cd24e2dceeb098a373acea1952196d8,5b3a2e16717bde25341a1f9f,45.874421624000206,f000d324411431a807bac72657424c44472cc457a2b2f856442e941850c00046,0.6927083333333333,0.009077155824508321,main_nominal,29.0,0.9666666666666667
0.8179117599296201,0.8462756652260102,0.5044893428850065,0.5040376769067125,0.6172465960665658,0.007060010085728694,0.0,0.1098918944913555,0.23248244138739713,1.0,1.0,30.36068748534825,0.04083785562646479,1.0,1.0,36,36,487.2890383756074,10.816283350732194,1503.6397300750984,0,45,0.0,14842,moving_front,7019,fungal,24bfb8b9aac5b87f9f268595cf4462964bd3a01da9d8089f51ed740d780fee86,7fc013544a2434726446cf0cb1c220e784a923ebb4fc53407d1bf1d9ae765b5f,5bd3afd64b98275460c213f5,18.42241553199983,f000d324411431a807bac72657424c44472cc457a2b2f856442e941850c00046,0.5657930075904092,0.07413010590015129,main_nominal,45.0,4.45
0.5283976298537568,0.5928674987392839,0.33023669944528483,0.3295747564579783,0.30559757942511345,0.03429147755925365,0.0,0.0506539953247519,0.2400799396134205,1.0,1.0,94.10630988401411,0.2096886031265759,0.8055555555555556,0.8333333333333334,36,29,414.54532602432306,5.796758873095921,1774.7161985415264,0,41,0.0,10578,storm,7011,greedy_sparse,24bfb8b9aac5b87f9f268595cf4462964bd3a01da9d8089f51ed740d780fee86,50b7b3fbf7cedf803850a0428d40ee1ccc4080b783db00698cf7730c8a755b36,5c76abdb6cdb072e6f423fd4,14.106239414000129,f000d324411431a807bac72657424c44472cc457a2b2f856442e941850c00046,0.22916666666666666,0.6369137670196672,main_nominal,41.0,1.45
0.5162474785678265,0.5823090015128594,0.3236179399899142,0.32423444366621124,0.2980332829046899,0.033030761472516386,0.0,0.07706184029828123,0.34606779602974713,1.0,1.0,98.03970467725668,0.22576273323247603,0.7222222222222222,0.7222222222222222,36,26,363.9271484190795,1.2053039831141747,2495.948736181483,0,0,0.0,10376,storm,7012,fixed_ring,24bfb8b9aac5b87f9f268595cf4462964bd3a01da9d8089f51ed740d780fee86,6ef10a6f8528f48913779ce02125f8ae67ac504fa24b04f7d539448adf330dc7,5c83eee3d4c9ae8dfc20dbec,5.231485668000005,f000d324411431a807bac72657424c44472cc457a2b2f856442e941850c00046,0.21354166666666666,0.6611195158850227,main_nominal,,
0.49498865355521937,0.6040721129601613,0.3462477937468482,0.3469432016410631,0.24357034795763993,0.08497226424609178,0.0,0.04909526743920045,0.31304351666398844,1.0,1.0,89.99613905698436,0.17295448814926878,0.6388888888888888,0.6944444444444444,36,23,1347.5700828822312,26.58484215948377,2001.796578587327,0,25,0.0,8670,storm,7005,adaptive,24bfb8b9aac5b87f9f268595cf4462964bd3a01da9d8089f51ed740d780fee86,e5eb0adce92def657b42daaff1168729498af6b7f7eacaec91555308393fbb04,5d7356179637e3689a0349fc,7.898658694000005,f000d324411431a807bac72657424c44472cc457a2b2f856442e941850c00046,0.15104166666666663,0.6580937972768532,main_nominal,,
0.5039554967221381,0.5887544125063036,0.3280934820978315,0.328601870195441,0.24508320726172467,0.04664649520927886,0.0,0.08249344713389992,0.36899774083014997,1.0,1.0,91.97191754916793,0.18457671457387795,0.7142857142857143,0.7428571428571429,35,25,1032.447630779069,19.7761789740168,1918.892584729827,0,19,0.0,9049,storm,7001,adaptive,24bfb8b9aac5b87f9f268595cf4462964bd3a01da9d8089f51ed740d780fee86,9b5a428363b62ad024a6d518c6bdc283191d1cf8739502f5298786104f688bf6,5d7740f53d15325d2a970991,9.258212672000013,f000d324411431a807bac72657424c44472cc457a2b2f856442e941850c00046,0.18229166666666666,0.6354009077155824,main_nominal,,
0.8151632627332324,0.8259345057992938,0.45162789964699945,0.45086575331109147,0.8562783661119516,0.0,0.0,0.18158550695336045,0.33442017276789154,0.9604135148764497,1.0,24.706804715078164,0.015774710035300052,1.0,1.0,36,36,382.67439982469864,3.1172679581377842,2201.52555581677,0,23,0.0,17962,sensor_fault,7011,greedy_sparse,24bfb8b9aac5b87f9f268595cf4462964bd3a01da9d8089f51ed740d780fee86,50b7b3fbf7cedf803850a0428d40ee1ccc4080b783db00698cf7730c8a755b36,5d8b6d4ec11135e8dde7cf10,37.94370854600038,f000d324411431a807bac72657424c44472cc457a2b2f856442e941850c00046,0.7291666666666665,0.0015128593040847202,main_nominal,23.0,0.7666666666666667
0.49439769288956126,0.5803154942007059,0.32657274331820474,0.32706959003707203,0.27987897125567324,0.05799293998991426,0.0,0.0746991512222008,0.32455590315930233,1.0,1.0,98.0640522566818,0.21815115985879974,0.6666666666666666,0.6666666666666666,36,24,798.8966319270944,13.955843768924806,2039.324829442884,0,16,0.0,9528,storm,7008,adaptive,24bfb8b9aac5b87f9f268595cf4462964bd3a01da9d8089f51ed740d780fee86,61fbc2c3c47ea0b2f394bf19d5d944ff33916305affd279efd1232b2237e443b,5dc83e3c45c79b26e1b37123,8.144373207999934,f000d324411431a807bac72657424c44472cc457a2b2f856442e941850c00046,0.15625,0.6550680786686838,main_nominal,,
0.8016087888508299,0.8190650348138644,0.4901164638076915,0.49014794949056356,0.6202723146747352,0.0005042864346949066,0.0,0.09021730089384916,0.25806751734798966,1.0,1.0,34.69745489883861,0.052489799770387764,0.9166666666666666,0.9166666666666666,36,33,363.80665089851175,0.910156146025596,2495.870534138916,0,0,0.0,14987,moving_front,7004,fixed_ring,24bfb8b9aac5b87f9f268595cf4462964bd3a01da9d8089f51ed740d780fee86,33909bb95a53710954872d70bc5591af92a450651324e9fef7a21e0a1cd4da1e,5dcb564bc193f5fd98f5ace1,6.1823486610001055,f000d324411431a807bac72657424c44472cc457a2b2f856442e941850c00046,0.5336450254364256,0.07261724659606657,main_nominal,,
0.7820537065052948,0.7996170574886535,0.42590141200201714,0.4254005910767013,0.7261724659606656,0.0005042864346949066,0.0,0.16509423930840392,0.36244419220357554,0.9641956631366615,1.0,28.182992939989912,0.014758257690368128,1.0,1.0,36,36,404.2155917475674,4.354263180131698,2204.1072017224196,0,10,0.0,15877,sensor_fault,7017,deadline_fusion,24bfb8b9aac5b87f9f268595cf4462964bd3a01da9d8089f51ed740d780fee86,fded3c51bb367e0df8af6f8249b634fefe0cc389845c26618e90a9b29d9c3139,5e2e93c631bc7644ff39d554,50.35595258700005,f000d324411431a807bac72657424c44472cc457a2b2f856442e941850c00046,0.6354166666666666,0.015128593040847202,main_nominal,10.0,1.0
0.5069890948058496,0.590613968734241,0.3346098083711548,0.33525639771547794,0.26777609682299547,0.04563792233988905,0.0,0.04858067845742208,0.27898624803384425,1.0,1.0,94.50899048159354,0.2026207135653051,0.7222222222222222,0.75,36,26,425.94686370232716,8.606988506786088,1820.7855107286284,0,42,0.0,9324,storm,7000,economic,24bfb8b9aac5b87f9f268595cf4462964bd3a01da9d8089f51ed740d780fee86,5f8536aad221b558feae01abd9e48012ffd43f0d986448ef31076303591affbe,5e34483f8fee2289ef0fffdd,18.421822793000047,f000d324411431a807bac72657424c44472cc457a2b2f856442e941850c00046,0.1875,0.649016641452345,main_nominal,42.0,4.2
0.7856861447302067,0.7989000252143215,0.42503466969238524,0.4256993725592658,0.8729198184568835,0.0,0.0,0.20689215814486556,0.48647546074076153,0.9596570852244074,1.0,31.211784543620773,0.03029658345940494,0.9722222222222222,0.9722222222222222,36,35,384.683879452773,3.581950647997062,2216.841262746459,0,24,0.0,18030,sensor_fault,7008,economic,24bfb8b9aac5b87f9f268595cf4462964bd3a01da9d8089f51ed740d780fee86,61fbc2c3c47ea0b2f394bf19d5d944ff33916305affd279efd1232b2237e443b,5f26c38b788eba6fdcc1127c,15.295711854999809,f000d324411431a807bac72657424c44472cc457a2b2f856442e941850c00046,0.6875,0.0015128593040847202,main_nominal,24.0,2.3833333333333333
0.5124101739788199,0.5732712430660615,0.3143753151790216,0.3141260821920025,0.27987897125567324,0.02697932425617751,0.0,0.062427162559757846,0.18949481665091977,1.0,1.0,97.80903303076147,0.22209877710539586,0.6944444444444444,0.7222222222222222,36,25,418.4492142767941,5.334918206260855,1988.5935142047015,0,39,0.0,10378,storm,7013,greedy_sparse,24bfb8b9aac5b87f9f268595cf4462964bd3a01da9d8089f51ed740d780fee86,7566b3dd58ba1b4b73cead9a88da4a0d93430742ea574afa5e3d674dbfd7a1c5,5f9c581786cec6677885c4aa,19.36190407800018,f000d324411431a807bac72657424c44472cc457a2b2f856442e941850c00046,0.19270833333333334,0.6354009077155824,main_nominal,39.0,1.4833333333333334
0.8302883366951149,0.8505473296339321,0.5017293165088925,0.5027442650055655,0.7034795763993948,0.007312153303076147,0.0,0.08830637666178849,0.36348269173123404,1.0,1.0,25.0243068141671,0.024922220993375457,0.9714285714285714,0.9714285714285714,35,34,464.32426292299647,8.071983283984357,1632.903399704171,0,51,0.0,16348,moving_front,7001,recruitment,24bfb8b9aac5b87f9f268595cf4462964bd3a01da9d8089f51ed740d780fee86,0eaaad553c80db6664d9a551f5b55b53a649071324c5a65ea020b06da777986c,62c39fa5c29f131823f8d73c,15.892118055000083,f000d324411431a807bac72657424c44472cc457a2b2f856442e941850c00046,0.5521668385928034,0.06656580937972768,main_nominal,51.0,1.7
0.8008068582955117,0.8069843671205243,0.42512134392334844,0.4236930586251915,0.9167927382753404,0.0,0.0,0.17939531328192346,0.5658513820601939,0.9601613716591023,0.9677256681795261,27.92155194150277,0.023118381240544626,0.9444444444444444,0.9444444444444444,36,34,388.4306892146145,4.023435052171672,2132.350260140773,0,30,0.0,19489,sensor_fault,7012,greedy_sparse,24bfb8b9aac5b87f9f268595cf4462964bd3a01da9d8089f51ed740d780fee86,6ef10a6f8528f48913779ce02125f8ae67ac504fa24b04f7d539448adf330dc7,62f1b113b3a9a42e51524cca,19.197769262000293,f000d324411431a807bac72657424c44472cc457a2b2f856442e941850c00046,0.7187499999999999,0.0,main_nominal,30.0,1.05
0.8072365103378718,0.8146510968229954,0.42319875189107414,0.42393222993350854,0.9334341906202723,0.0,0.0,0.18565541985814102,0.4387861910848193,0.9576399394856279,1.0,23.845735627836607,0.01327691628845184,0.9444444444444444,0.9722222222222222,36,34,396.56472104067564,3.6111788970156193,2162.259595100893,0,8,0.0,19384,sensor_fault,7003,fungal,24bfb8b9aac5b87f9f268595cf4462964bd3a01da9d8089f51ed740d780fee86,7bba1255199adfdb1a1ba0c529b8275f13780540abed81a608a55c16f4b1390f,63088c191235d5d8b6b52852,14.993617966999864,f000d324411431a807bac72657424c44472cc457a2b2f856442e941850c00046,0.6666666666666666,0.0,main_nominal,8.0,0.8
0.8066455496722137,0.81410741301059,0.4248061649016641,0.4253126839289803,0.9304084720121029,0.0,0.0,0.18533660828562815,0.4390034719762714,0.9571356530509328,1.0,24.041579992435704,0.013639372163388805,0.9444444444444444,0.9722222222222222,36,34,394.0544618884265,3.9672276650096836,2162.0585371541515,0,34,0.0,19185,sensor_fault,7003,recruitment,24bfb8b9aac5b87f9f268595cf4462964bd3a01da9d8089f51ed740d780fee86,7bba1255199adfdb1a1ba0c529b8275f13780540abed81a608a55c16f4b1390f,63439603b7cb0ae97b2ec037,15.113158553000176,f000d324411431a807bac72657424c44472cc457a2b2f856442e941850c00046,0.671875,0.0045385779122541605,main_nominal,34.0,1.2
0.8172835677209443,0.8442439920868926,0.5036497337432185,0.5031667033792652,0.6172465960665658,0.00680786686838124,0.0,0.10718706940845348,0.2329253753044904,1.0,1.0,30.432935713465557,0.04144156898304893,1.0,1.0,36,36,492.20571231555385,11.272923265649936,1521.2152363371445,0,47,0.0,14845,moving_front,7019,deadline_fusion,24bfb8b9aac5b87f9f268595cf4462964bd3a01da9d8089f51ed740d780fee86,7fc013544a2434726446cf0cb1c220e784a923ebb4fc53407d1bf1d9ae765b5f,6394e182ecbc8e80ee422248,44.16832527500014,f000d324411431a807bac72657424c44472cc457a2b2f856442e941850c00046,0.5631092857935844,0.08169440242057488,main_nominal,47.0,4.683333333333334
0.46320284921835597,0.5606404437720625,0.31127868129097325,0.31070566787217063,0.23903177004538578,0.05143721633888049,0.0,0.080635798868282,0.3170055641340845,1.0,1.0,102.95291225416037,0.22630641704488147,0.75,0.7777777777777778,36,27,442.2742729773795,6.689666779330853,1997.1746404281814,0,41,0.0,8587,storm,7015,greedy_sparse,24bfb8b9aac5b87f9f268595cf4462964bd3a01da9d8089f51ed740d780fee86,b549dfc41676c63078393edb7074f42e4f0927a271f4a7ecca93c1f6bdaa8078,63dc30ff5b7fcaf4a970cf5b,15.302013402000057,f000d324411431a807bac72657424c44472cc457a2b2f856442e941850c00046,0.14583333333333331,0.6838124054462935,main_nominal,41.0,1.5833333333333333
0.7763726046394351,0.7954251765002521,0.41770675743822483,0.41853616263573296,0.7428139183055976,0.0005042864346949066,0.0,0.17807221271905835,0.394674498825736,0.9626828038325768,1.0,29.77748361069087,0.02129034291477559,0.9444444444444444,0.9444444444444444,36,34,391.4838648693254,4.089610519612821,2162.902159056565,0,33,0.0,15913,sensor_fault,7007,greedy_sparse,24bfb8b9aac5b87f9f268595cf4462964bd3a01da9d8089f51ed740d780fee86,b9aa9c192ff362205c201c037cc4f3c7c2aba8b7e0c4fd0ef068255fea54f756,646e71acbbea98efe9b75b83,13.98647877500025,f000d324411431a807bac72657424c44472cc457a2b2f856442e941850c00046,0.6614583333333333,0.019667170953101363,main_nominal,33.0,1.1333333333333333
0.7946608673726676,0.8131776348966211,0.42450674483106404,0.4247135701196217,0.7670196671709532,0.0020171457387796266,0.0,0.19246523500571353,0.4896665850363832,0.9536056480080685,1.0,24.997714952092785,0.011133698940998487,1.0,1.0,35,35,363.4256357691253,0.8809362909268135,2496.9576518641916,0,0,0.0,16428,sensor_fault,7001,fixed_ring,24bfb8b9aac5b87f9f268595cf4462964bd3a01da9d8089f51ed740d780fee86,9b5a428363b62ad024a6d518c6bdc283191d1cf8739502f5298786104f688bf6,6515319156b5e517c6a60f53,6.357220049999796,f000d324411431a807bac72657424c44472cc457a2b2f856442e941850c00046,0.6666666666666665,0.01361573373676248,main_nominal,,
0.799089132627332,0.8084735879979827,0.418226802824004,0.4179069902941043,0.8956127080181543,0.0,0.0,0.18108315305211323,0.4015234067840159,0.8908219868885526,1.0,26.26355269793242,0.016310514372163385,0.9722222222222222,0.9722222222222222,36,35,398.0616053965727,5.773746265058704,2065.3598955124207,0,33,0.0,18753,sensor_fault,7009,economic,24bfb8b9aac5b87f9f268595cf4462964bd3a01da9d8089f51ed740d780fee86,956a9ceb80df2feb4bb3b76f79213a7f0cb93b60e4835d44d36852e549355e78,65990241a2c2de869b896c21,15.707614725999974,f000d324411431a807bac72657424c44472cc457a2b2f856442e941850c00046,0.6979166666666666,0.0045385779122541605,main_nominal,33.0,3.2666666666666666
0.8488644377166813,0.8565048406998785,0.5124203040268034,0.5130998456743167,0.773071104387292,0.0,0.0,0.09411516590477197,0.34728729418562726,1.0,1.0,26.745890421409797,0.04029887007012089,0.9444444444444444,0.9444444444444444,36,34,508.9358744340686,13.644824990305468,1506.455467614,0,56,0.0,17714,moving_front,7012,fungal,24bfb8b9aac5b87f9f268595cf4462964bd3a01da9d8089f51ed740d780fee86,760400fc1b0b776e9c52ee32311a1069b16aa52520e6f2d9a36a2dd8b57f7ebd,65f18b728fc048dc04fb8dd9,17.729989480000086,f000d324411431a807bac72657424c44472cc457a2b2f856442e941850c00046,0.6663571209125861,0.03328290468986384,main_nominal,56.0,5.583333333333333
0.7911378442290149,0.8173397686786626,0.4797485120389463,0.47862726946059786,0.6384266263237519,0.008068582955118506,0.0,0.09984379970880969,0.32459493862920724,1.0,1.0,34.52916389995693,0.04460489367939037,0.9166666666666666,0.9166666666666666,36,33,409.2389212770804,2.3373404471702575,2247.234214144201,0,0,0.0,15094,moving_front,7015,static_tuned,24bfb8b9aac5b87f9f268595cf4462964bd3a01da9d8089f51ed740d780fee86,277879760b7636cf423ed8f2b038495b33a699b960bf9fcac3c05a45a91ae287,66387634eeeb7fce14c04a8e,6.695818529999997,f000d324411431a807bac72657424c44472cc457a2b2f856442e941850c00046,0.5006524070275582,0.09984871406959153,main_nominal,0.0,0.0
0.7851188224911749,0.7988369894099848,0.4252474155320221,0.4256770772631213,0.8668683812405447,0.0,0.0,0.20703940275417612,0.4864997183752823,0.9591527987897126,1.0,31.064123171961675,0.0300601991931417,0.9722222222222222,0.9722222222222222,36,35,381.7174096946234,2.9740282897506196,2242.85253944293,0,21,0.0,17882,sensor_fault,7008,greedy_sparse,24bfb8b9aac5b87f9f268595cf4462964bd3a01da9d8089f51ed740d780fee86,61fbc2c3c47ea0b2f394bf19d5d944ff33916305affd279efd1232b2237e443b,66dfd4556abb84f4b99b1f3c,15.590060860999984,f000d324411431a807bac72657424c44472cc457a2b2f856442e941850c00046,0.6614583333333333,0.0045385779122541605,main_nominal,21.0,0.7
0.443267776096823,0.5336532400403429,0.28452786182551687,0.2843410604572566,0.264750378214826,0.06782652546646495,0.0,0.062222262875312004,0.2906296495529665,1.0,1.0,109.01565651790214,0.24370429904185575,0.5277777777777778,0.5833333333333334,36,19,414.15764337121686,5.129042910458311,2073.669827387565,0,42,0.0,9312,storm,7006,recruitment,24bfb8b9aac5b87f9f268595cf4462964bd3a01da9d8089f51ed740d780fee86,5772c05e39ffe56db9fe4d550c615751b591862ac0732ff00bde5b9c136479f3,6707b124707644710380e0cc,13.848856284000021,f000d324411431a807bac72657424c44472cc457a2b2f856442e941850c00046,0.11458333333333331,0.6626323751891074,main_nominal,42.0,1.6166666666666667
0.7954566944024204,0.806007312153303,0.4173127836611195,0.4172980711476841,0.8335854765506808,0.0,0.0,0.18458062922279808,0.44002158981852457,0.9500756429652042,1.0,26.208238779626825,0.017374243570347957,0.9722222222222222,0.9722222222222222,36,35,363.4317570522771,0.8996533488170264,2496.2954051765723,0,0,0.0,17406,sensor_fault,7003,fixed_ring,24bfb8b9aac5b87f9f268595cf4462964bd3a01da9d8089f51ed740d780fee86,7bba1255199adfdb1a1ba0c529b8275f13780540abed81a608a55c16f4b1390f,6732eb8932cef03a2bdca51b,6.424082830999851,f000d324411431a807bac72657424c44472cc457a2b2f856442e941850c00046,0.6822916666666666,0.0,main_nominal,,
0.7762465330307614,0.7953700201714573,0.41410583711548155,0.4139450015116449,0.7518910741301059,0.0005042864346949066,0.0,0.17816887184277166,0.3948901462892269,0.9641956631366615,1.0,30.072491174987388,0.022220121028744325,0.9444444444444444,0.9444444444444444,36,34,406.5200274430095,4.911579985834958,2131.837589579986,0,14,0.0,16134,sensor_fault,7007,deadline_fusion,24bfb8b9aac5b87f9f268595cf4462964bd3a01da9d8089f51ed740d780fee86,b9aa9c192ff362205c201c037cc4f3c7c2aba8b7e0c4fd0ef068255fea54f756,67427e2c1a6a59ae487b13da,36.74290360699979,f000d324411431a807bac72657424c44472cc457a2b2f856442e941850c00046,0.6666666666666666,0.019667170953101363,main_nominal,14.0,1.4
0.5038136661623802,0.5860675113464447,0.33272661371659096,0.33398695298279046,0.2586989409984871,0.044377206253151794,0.0,0.050560211102322596,0.27983216217439283,1.0,1.0,96.2967252899647,0.20934978567826523,0.6944444444444444,0.7777777777777778,36,25,410.28390369913643,5.377025099450191,1971.112036059995,0,40,0.0,9113,storm,7000,recruitment,24bfb8b9aac5b87f9f268595cf4462964bd3a01da9d8089f51ed740d780fee86,5f8536aad221b558feae01abd9e48012ffd43f0d986448ef31076303591affbe,67d675d9a580be77d3965586,17.37970317600002,f000d324411431a807bac72657424c44472cc457a2b2f856442e941850c00046,0.18229166666666666,0.6475037821482602,main_nominal,40.0,1.45
0.7918626783427334,0.8133643579641805,0.46941070232465354,0.46732847235615094,0.6157337367624811,0.0010085728693898133,0.0,0.08967533607201941,0.3278982913819642,1.0,1.0,33.031432938274776,0.039664689631381846,0.9444444444444444,0.9444444444444444,36,34,409.20474252409986,2.34834612383428,2246.759274744648,0,0,0.0,14882,moving_front,7017,static_tuned,24bfb8b9aac5b87f9f268595cf4462964bd3a01da9d8089f51ed740d780fee86,897c3ea0ca4def7c92d6c5bc4c681216da15d36377736736da162a96b99c0650,686663aa9a964af84cca6cf1,5.935266630999877,f000d324411431a807bac72657424c44472cc457a2b2f856442e941850c00046,0.5048575449039305,0.09531013615733737,main_nominal,0.0,0.0
0.7947160237014625,0.8086154185577408,0.4408724155320221,0.4408523220331787,0.7413010590015129,0.0,0.0,0.19471382842747903,0.33325888986726815,0.9531013615733737,1.0,27.87132028492184,0.01833553958648512,1.0,1.0,36,36,370.4286023196312,1.4270169463598106,2400.9835670552475,0,5,0.0,16206,sensor_fault,7011,adaptive,24bfb8b9aac5b87f9f268595cf4462964bd3a01da9d8089f51ed740d780fee86,50b7b3fbf7cedf803850a0428d40ee1ccc4080b783db00698cf7730c8a755b36,691aef9ed89113017f486474,18.745264216000123,f000d324411431a807bac72657424c44472cc457a2b2f856442e941850c00046,0.703125,0.0015128593040847202,main_nominal,,
0.8106562027231468,0.8254065809379726,0.42189863842662634,0.42242775634058033,0.903177004538578,0.0020171457387796266,0.0,0.19996434459152118,0.4906701379547855,0.9165405950579928,1.0,23.299254601613715,0.011480395864851235,1.0,1.0,35,35,408.84217334811945,2.3261660285807313,2246.9576850595704,0,0,0.0,18832,sensor_fault,7001,static_tuned,24bfb8b9aac5b87f9f268595cf4462964bd3a01da9d8089f51ed740d780fee86,9b5a428363b62ad024a6d518c6bdc283191d1cf8739502f5298786104f688bf6,698dedbce6bfb6b5a977fb52,7.131337904000247,f000d324411431a807bac72657424c44472cc457a2b2f856442e941850c00046,0.6979166666666665,0.0045385779122541605,main_nominal,0.0,0.0
0.5127489914271305,0.5914413136661623,0.33369578920827025,0.3337810430028238,0.25113464447806355,0.0264750378214826,0.0,0.0472412016005815,0.3956391386201158,1.0,1.0,95.1368664901664,0.21045291225416032,0.8333333333333334,0.8333333333333334,36,30,420.39673598444847,5.801940561727179,1924.0995629284105,0,41,0.0,9235,storm,7018,recruitment,24bfb8b9aac5b87f9f268595cf4462964bd3a01da9d8089f51ed740d780fee86,20cbee7be12f3041b6f80dfbab6cf06c7cd24e2dceeb098a373acea1952196d8,69db391ff3ab5bbeebac02bf,12.641457941999988,f000d324411431a807bac72657424c44472cc457a2b2f856442e941850c00046,0.22395833333333331,0.659606656580938,main_nominal,41.0,1.45
0.8059433142684511,0.8424424960831057,0.5038503395669897,0.5018649029632726,0.5779122541603631,0.00983358547655068,0.0,0.09523486839291329,0.3237729439069047,1.0,1.0,31.25923520657457,0.04079334186887004,0.9444444444444444,0.9444444444444444,36,34,467.71818549662714,8.385915957468555,1536.4522700282955,0,53,0.0,13891,moving_front,7015,recruitment,24bfb8b9aac5b87f9f268595cf4462964bd3a01da9d8089f51ed740d780fee86,277879760b7636cf423ed8f2b038495b33a699b960bf9fcac3c05a45a91ae287,6a443ab9d014e7544b4fee0d,16.200727041999926,f000d324411431a807bac72657424c44472cc457a2b2f856442e941850c00046,0.5312778729916018,0.07413010590015129,main_nominal,53.0,1.7666666666666666
0.5262701714573876,0.5861147881996972,0.3209152798789713,0.32029129008672513,0.2859304084720121,0.014624306606152293,0.0,0.05664309017743859,0.2487988099059575,1.0,1.0,95.5674798285426,0.2151963565305093,0.75,0.7777777777777778,36,27,421.9176625376162,5.628429758015387,1894.6173805025833,0,40,0.0,10232,storm,7004,greedy_sparse,24bfb8b9aac5b87f9f268595cf4462964bd3a01da9d8089f51ed740d780fee86,1ffbd60f44c9f81edacbd6236060262a241240e41dabbe8776c51fac2266503a,6bb5a9403a2b14db176d544b,15.78784288099996,f000d324411431a807bac72657424c44472cc457a2b2f856442e941850c00046,0.234375,0.6641452344931922,main_nominal,40.0,1.45
0.770518154311649,0.7829125693393847,0.4161623802319717,0.41624196763845484,0.8804841149773072,0.0,0.0,0.16508877334859992,0.4019085793994835,1.0,1.0,33.563689800806856,0.033235627836611194,0.9444444444444444,0.9444444444444444,36,34,363.5006373457614,1.0708919421059213,2492.5936936035787,0,19,0.0,17877,sensor_fault,7016,adaptive,24bfb8b9aac5b87f9f268595cf4462964bd3a01da9d8089f51ed740d780fee86,c01d3e850dcea516d0864d501fedc94fd615e60fababbc941400707247a8bedb,6bbb80465999f4f156e40f59,9.937792204999823,f000d324411431a807bac72657424c44472cc457a2b2f856442e941850c00046,0.6927083333333333,0.0030257186081694403,main_nominal,,
0.7730159480584972,0.7968277231467473,0.4431811018658598,0.44343756469313067,0.6686838124054463,0.00680786686838124,0.0,0.16806200842891347,0.3949330300075646,0.959909228441755,1.0,31.20390506807867,0.0247809505799294,1.0,1.0,36,36,363.4338798460465,0.9143229596451434,2496.6669100035497,0,0,0.0,15267,sensor_fault,7018,fixed_ring,24bfb8b9aac5b87f9f268595cf4462964bd3a01da9d8089f51ed740d780fee86,20cbee7be12f3041b6f80dfbab6cf06c7cd24e2dceeb098a373acea1952196d8,6cc9213e217825a8c0401f17,6.804391669999859,f000d324411431a807bac72657424c44472cc457a2b2f856442e941850c00046,0.671875,0.01361573373676248,main_nominal,,
0.7906661730761827,0.8076892413236445,0.4617795136282556,0.4596906343086799,0.5990922844175491,0.00151285930408472,0.0,0.08308061902414725,0.29266284844641005,1.0,1.0,34.58038702940319,0.048656308709095,1.0,1.0,36,36,506.42568461576536,13.09767193841573,1477.5851234667473,0,55,0.0,14688,moving_front,7006,economic,24bfb8b9aac5b87f9f268595cf4462964bd3a01da9d8089f51ed740d780fee86,ab258b21f7221620284a3215d026dafd75f9efdf5bedb3e529bdff643d2065af,6d31b7758cb32181670fa626,15.116182098999843,f000d324411431a807bac72657424c44472cc457a2b2f856442e941850c00046,0.5265233955314292,0.0907715582450832,main_nominal,55.0,5.5
0.7951254108723692,0.8061336913267336,0.4685222985458016,0.46763841977220333,0.8275340393343419,0.0,0.0,0.08894536522138173,0.18550320615998583,1.0,1.0,33.9056451605878,0.045066884518816464,0.9166666666666666,0.9166666666666666,36,33,409.2773310753796,2.3327343697823446,2246.278690943653,0,0,0.0,18309,moving_front,7002,static_tuned,24bfb8b9aac5b87f9f268595cf4462964bd3a01da9d8089f51ed740d780fee86,5b23548e342cd0e105b412e1f6ff973e8f388f6fbedb3fc9e75b3089b159ddd9,6d9778de00189abb23767245,6.157925056000067,f000d324411431a807bac72657424c44472cc457a2b2f856442e941850c00046,0.5776165350240849,0.025718608169440244,main_nominal,0.0,0.0
0.8062121785173977,0.8133509833585476,0.42052760968229946,0.421145603373792,0.9379727685325264,0.0,0.0,0.18496388509397169,0.43854295523033376,0.9596570852244074,1.0,24.128766389309128,0.013410867372667676,0.9444444444444444,0.9722222222222222,36,34,408.88485888473633,2.3438021065789854,2246.2954145404074,0,0,0.0,19591,sensor_fault,7003,static_tuned,24bfb8b9aac5b87f9f268595cf4462964bd3a01da9d8089f51ed740d780fee86,7bba1255199adfdb1a1ba0c529b8275f13780540abed81a608a55c16f4b1390f,6e6dce44c0e1bedfc9ff352f,6.313438260000112,f000d324411431a807bac72657424c44472cc457a2b2f856442e941850c00046,0.671875,0.0,main_nominal,0.0,0.0
0.8079456631366615,0.8228851487644981,0.42219805849722636,0.42268717936238426,0.8880484114977307,0.0020171457387796266,0.0,0.18385087170030676,0.4902375357868105,0.95940494200706,1.0,23.3477921709531,0.010708207261724658,1.0,1.0,35,35,384.0753109723371,3.855532630868457,2153.353075086751,0,31,0.0,18354,sensor_fault,7001,greedy_sparse,24bfb8b9aac5b87f9f268595cf4462964bd3a01da9d8089f51ed740d780fee86,9b5a428363b62ad024a6d518c6bdc283191d1cf8739502f5298786104f688bf6,6ee665e7bbb50386bef9e0bb,18.874828598000022,f000d324411431a807bac72657424c44472cc457a2b2f856442e941850c00046,0.6875,0.0045385779122541605,main_nominal,31.0,1.0166666666666666
0.49758100100857283,0.5653996469994956,0.30213061018658594,0.302056520461414,0.27382753403933435,0.02798789712556732,0.0,0.06776422947030374,0.23755806564936016,1.0,1.0,99.24317637418052,0.22046772566817951,0.8055555555555556,0.8055555555555556,36,29,434.2595160002516,6.805136321716045,2036.8476805775836,0,23,0.0,9571,storm,7019,fungal,24bfb8b9aac5b87f9f268595cf4462964bd3a01da9d8089f51ed740d780fee86,12c2676d5d2da4bfdacb5c9a6312d12b90a39b080a71ade938e7b16bbaabf086,6f6ea377e1f602d27928d30b,14.23131241100009,f000d324411431a807bac72657424c44472cc457a2b2f856442e941850c00046,0.19791666666666666,0.6626323751891074,main_nominal,23.0,2.216666666666667
0.8095530761472515,0.8171094931921331,0.42771369137670195,0.42882865490253297,0.9273827534039334,0.0,0.0,0.18563957004730203,0.4388953585601085,0.9568835098335855,1.0,23.153011535552192,0.011677382753403933,0.9722222222222222,0.9722222222222222,36,35,390.3437510768529,5.173099305013911,2134.1079607587276,0,35,0.0,19214,sensor_fault,7003,economic,24bfb8b9aac5b87f9f268595cf4462964bd3a01da9d8089f51ed740d780fee86,7bba1255199adfdb1a1ba0c529b8275f13780540abed81a608a55c16f4b1390f,700e60b348c54a92972c4252,15.19484455499969,f000d324411431a807bac72657424c44472cc457a2b2f856442e941850c00046,0.671875,0.0045385779122541605,main_nominal,35.0,3.4
0.8333120489756806,0.8470037967724314,0.5040585338499487,0.5044085673447855,0.7655068078668684,0.0,0.0,0.09086722311479478,0.18688739564884896,1.0,1.0,28.7830911958567,0.042927442106480945,0.9444444444444444,0.9444444444444444,36,34,503.738972553965,12.16138703051061,1559.4623878292605,0,47,0.0,17417,moving_front,7002,fungal,24bfb8b9aac5b87f9f268595cf4462964bd3a01da9d8089f51ed740d780fee86,5b23548e342cd0e105b412e1f6ff973e8f388f6fbedb3fc9e75b3089b159ddd9,7041c3929ab12931dd583f85,15.150640924000072,f000d324411431a807bac72657424c44472cc457a2b2f856442e941850c00046,0.6368128601139769,0.01664145234493192,main_nominal,47.0,4.666666666666667
0.7532621028744326,0.7816991301059,0.4198657337367625,0.41928703257553773,0.4462934947049924,0.00302571860816944,0.0,0.17600816557796578,0.4199900433686579,0.9523449319213313,1.0,36.72296551941503,0.04118601865859808,0.9722222222222222,0.9722222222222222,36,35,363.43358218768356,0.8990930870305694,2497.1785382493804,0,0,0.0,12662,sensor_fault,7015,fixed_ring,24bfb8b9aac5b87f9f268595cf4462964bd3a01da9d8089f51ed740d780fee86,b549dfc41676c63078393edb7074f42e4f0927a271f4a7ecca93c1f6bdaa8078,7046e8cd8da296c6fabb4ac4,6.229939206999916,f000d324411431a807bac72657424c44472cc457a2b2f856442e941850c00046,0.6302083333333333,0.01664145234493192,main_nominal,,
0.776065305093293,0.7858437342410488,0.4028854639435199,0.4045137600682153,0.875945537065053,0.0,0.0,0.18347989025840006,0.4641757320787206,0.9536056480080685,0.9639435199193143,31.466724974785677,0.02921709531013616,0.9722222222222222,0.9722222222222222,36,35,386.95671194647497,4.349237284120298,2110.8448652492134,0,23,0.0,18362,sensor_fault,7013,economic,24bfb8b9aac5b87f9f268595cf4462964bd3a01da9d8089f51ed740d780fee86,7566b3dd58ba1b4b73cead9a88da4a0d93430742ea574afa5e3d674dbfd7a1c5,708eefebcd4bda59f62c83ba,18.7658561989997,f000d324411431a807bac72657424c44472cc457a2b2f856442e941850c00046,0.671875,0.0,main_nominal,23.0,2.283333333333333
0.5232917297024708,0.576746091780131,0.31992246596066565,0.31959937385361886,0.32223903177004537,0.022945032778618254,0.0,0.06228516058253662,0.2389954517488979,1.0,1.0,95.8986147881997,0.21528303076147248,0.7777777777777778,0.8333333333333334,36,28,409.22849815856546,2.711115638391277,2243.7453575772965,0,0,0.0,11040,storm,7011,static_tuned,24bfb8b9aac5b87f9f268595cf4462964bd3a01da9d8089f51ed740d780fee86,50b7b3fbf7cedf803850a0428d40ee1ccc4080b783db00698cf7730c8a755b36,70bde764a48d2fb2f02284eb,6.474651645999984,f000d324411431a807bac72657424c44472cc457a2b2f856442e941850c00046,0.22395833333333331,0.649016641452345,main_nominal,0.0,0.0
0.8390301941502772,0.8477527735753909,0.465472138174483,0.46571940199988693,0.848714069591528,0.0,0.0,0.21270838691295058,0.42900810859001415,1.0,1.0,23.57212083963691,0.021006681795259705,0.9444444444444444,0.9444444444444444,36,34,373.46622006618344,2.2012255817037705,2411.2078196643947,0,15,0.0,17421,sensor_fault,7014,adaptive,24bfb8b9aac5b87f9f268595cf4462964bd3a01da9d8089f51ed740d780fee86,ac5fa5d877e58450b21b5619aadcad71ab1db9e7cd210fd1cd516ef4a934c028,70ef015994fa29f84747f8ac,22.57875857199997,f000d324411431a807bac72657424c44472cc457a2b2f856442e941850c00046,0.765625,0.0,main_nominal,,
0.7738354135148763,0.7966701336359051,0.4053832576903681,0.4048006691863907,0.7776096822995462,0.0020171457387796266,0.0,0.18346101724670735,0.4606535009051001,1.0,0.9997478567826527,30.05062563035804,0.02046299798285426,0.9444444444444444,0.9444444444444444,36,34,388.00871635486465,4.493369825169974,2143.194423546206,0,30,0.0,16640,sensor_fault,7019,economic,24bfb8b9aac5b87f9f268595cf4462964bd3a01da9d8089f51ed740d780fee86,12c2676d5d2da4bfdacb5c9a6312d12b90a39b080a71ade938e7b16bbaabf086,71053d5151ee690f5633f3a5,19.5358264460001,f000d324411431a807bac72657424c44472cc457a2b2f856442e941850c00046,0.6770833333333333,0.02118003025718608,main_nominal,30.0,2.9833333333333334
0.5299971633888048,0.5897078290468986,0.3215062405446293,0.32043857617916843,0.29046898638426627,0.01638930912758447,0.0,0.05664867176098506,0.24879966544425072,1.0,1.0,95.1159070852244,0.21590550932929903,0.7777777777777778,0.8055555555555556,36,28,436.5715854146435,6.221810971128445,1840.5883116098257,0,42,0.0,10331,storm,7004,recruitment,24bfb8b9aac5b87f9f268595cf4462964bd3a01da9d8089f51ed740d780fee86,1ffbd60f44c9f81edacbd6236060262a241240e41dabbe8776c51fac2266503a,7184e34438a2d66263ea6fc6,15.316526444000033,f000d324411431a807bac72657424c44472cc457a2b2f856442e941850c00046,0.22916666666666666,0.6626323751891074,main_nominal,42.0,1.4
0.5325895108421583,0.5729718229954615,0.31368980080685827,0.3141203928252469,0.33434190620272314,0.006555723651033785,0.0,0.07294644785550371,0.19762605108815848,1.0,1.0,96.36720719868886,0.22110596318709022,0.8055555555555556,0.8055555555555556,36,29,406.565295591068,5.328893335823799,1820.1952291794507,0,40,0.0,11661,storm,7016,greedy_sparse,24bfb8b9aac5b87f9f268595cf4462964bd3a01da9d8089f51ed740d780fee86,c01d3e850dcea516d0864d501fedc94fd615e60fababbc941400707247a8bedb,7361e2c1a16289c7c360a1c9,16.276678103999984,f000d324411431a807bac72657424c44472cc457a2b2f856442e941850c00046,0.265625,0.6611195158850227,main_nominal,40.0,1.4333333333333333
0.45946009833585477,0.5529500756429652,0.3104828542612203,0.3106042971788897,0.24357034795763993,0.07564296520423601,0.0002521432173474533,0.05688702710982818,0.23843100400950723,1.0,1.0,105.33227748361068,0.22967883257690366,0.7777777777777778,0.7777777777777778,36,28,1244.0991452821465,24.589015339879232,1674.8264005125998,0,24,0.0,8854,storm,7010,adaptive,24bfb8b9aac5b87f9f268595cf4462964bd3a01da9d8089f51ed740d780fee86,c0265f2f5da1b8f1e6334a7d1da15d24852be86831d4583cf0a020b238d73be2,73869635cedd8daa7b906cbe,7.840120249000165,f000d324411431a807bac72657424c44472cc457a2b2f856442e941850c00046,0.13541666666666666,0.6777609682299546,main_nominal,,
0.7806275214321734,0.792060640443772,0.4139482476046394,0.41427708543684577,0.7851739788199698,0.0,0.0,0.19044228364352206,0.40284557822199013,0.8908219868885526,1.0,29.862739536056477,0.02323657337367625,0.9166666666666666,0.9166666666666666,36,33,383.78062156413955,3.601850972651063,2402.4023661785695,0,13,0.0,16901,sensor_fault,7009,adaptive,24bfb8b9aac5b87f9f268595cf4462964bd3a01da9d8089f51ed740d780fee86,956a9ceb80df2feb4bb3b76f79213a7f0cb93b60e4835d44d36852e549355e78,73fbb912b6acadabbfda1a27,8.004304763999698,f000d324411431a807bac72657424c44472cc457a2b2f856442e941850c00046,0.6770833333333333,0.006051437216338881,main_nominal,,
0.5263174483106404,0.5713959278870399,0.3113968734241049,0.3119375789103054,0.31316187594553707,0.009077155824508321,0.0,0.07413938777244304,0.1920113097432727,1.0,1.0,96.06006524205748,0.21646495209278868,0.7777777777777778,0.7777777777777778,36,28,437.3349929399508,7.511651271896632,1964.469259601559,0,28,0.0,10816,storm,7009,fungal,24bfb8b9aac5b87f9f268595cf4462964bd3a01da9d8089f51ed740d780fee86,956a9ceb80df2feb4bb3b76f79213a7f0cb93b60e4835d44d36852e549355e78,744ede6e5ae3511051f8dbd9,15.24457329300003,f000d324411431a807bac72657424c44472cc457a2b2f856442e941850c00046,0.234375,0.6338880484114977,main_nominal,28.0,2.7333333333333334
0.804174801288952,0.8368420494724338,0.49125169548690456,0.4908923985247294,0.5355521936459909,0.004790721129601614,0.0,0.08641191863742219,0.32759770969091395,1.0,1.0,31.798358610156264,0.043238076843646826,0.8888888888888888,0.8888888888888888,36,32,465.136647559478,8.182276298892067,1480.2356817707773,0,53,0.0,13323,moving_front,7017,recruitment,24bfb8b9aac5b87f9f268595cf4462964bd3a01da9d8089f51ed740d780fee86,897c3ea0ca4def7c92d6c5bc4c681216da15d36377736736da162a96b99c0650,7461446c6f09a4d9ea16f45a,20.20317845999989,f000d324411431a807bac72657424c44472cc457a2b2f856442e941850c00046,0.5419569255137249,0.07110438729198185,main_nominal,53.0,1.7666666666666666
0.7982381492687846,0.8075044125063033,0.41600479072112956,0.41609299046101433,0.897125567322239,0.0,0.0,0.17994192977099868,0.4012258241839275,0.8908219868885526,1.0,26.254412506303577,0.015695915279878972,0.9444444444444444,0.9444444444444444,36,34,395.9013236888307,3.8332268981511817,2127.599374839852,0,10,0.0,18796,sensor_fault,7009,deadline_fusion,24bfb8b9aac5b87f9f268595cf4462964bd3a01da9d8089f51ed740d780fee86,956a9ceb80df2feb4bb3b76f79213a7f0cb93b60e4835d44d36852e549355e78,747a5f2c5efaf6180e18ee04,84.5969354230001,f000d324411431a807bac72657424c44472cc457a2b2f856442e941850c00046,0.7031249999999999,0.0045385779122541605,main_nominal,10.0,1.0
0.8753870281070767,0.8912040076650035,0.5566172792704969,0.5536741374009587,0.6762481089258698,0.0027735753908219867,0.0,0.06729631101811709,0.3069391856574729,1.0,1.0,20.678370793570014,0.024152935977272375,1.0,1.0,36,36,505.70783689151847,11.876625129220548,1495.8953481975652,0,44,0.0,15806,moving_front,7005,deadline_fusion,24bfb8b9aac5b87f9f268595cf4462964bd3a01da9d8089f51ed740d780fee86,3112fe2c83524b2f2e2f68f6ce520bfc1f93a616346ad692daac26f7b11e5a4b,74ad1a6e2153c17081730f2d,38.904767269999866,f000d324411431a807bac72657424c44472cc457a2b2f856442e941850c00046,0.688312395169977,0.01664145234493192,main_nominal,44.0,4.35
0.838131933938477,0.8470672592032273,0.4648575390821987,0.4654196628169984,0.848714069591528,0.0,0.0,0.2069299398847549,0.42863116664375456,1.0,1.0,23.87697774836107,0.02236195158850227,0.9166666666666666,0.9166666666666666,36,33,363.4294735185483,0.8890907870337975,2497.251910300427,0,0,0.0,17443,sensor_fault,7014,fixed_ring,24bfb8b9aac5b87f9f268595cf4462964bd3a01da9d8089f51ed740d780fee86,ac5fa5d877e58450b21b5619aadcad71ab1db9e7cd210fd1cd516ef4a934c028,7584cd93d8f17c548b066cdc,14.308283071000005,f000d324411431a807bac72657424c44472cc457a2b2f856442e941850c00046,0.7604166666666666,0.0,main_nominal,,
0.8601822562190877,0.8778128010058367,0.5436742757343707,0.5422831215439381,0.6384266263237519,0.0035300050428643463,0.0,0.06575475597805522,0.30862815267643656,1.0,1.0,22.483011819142032,0.02403765008803877,1.0,1.0,36,36,453.4192822179723,7.366888641475155,1487.361528265236,0,47,0.0,15228,moving_front,7005,recruitment,24bfb8b9aac5b87f9f268595cf4462964bd3a01da9d8089f51ed740d780fee86,3112fe2c83524b2f2e2f68f6ce520bfc1f93a616346ad692daac26f7b11e5a4b,75aa4f88b4e7595a07e9071b,16.007733440000038,f000d324411431a807bac72657424c44472cc457a2b2f856442e941850c00046,0.6575996239320863,0.04084720121028744,main_nominal,47.0,1.5666666666666667
0.8457865690481782,0.8579871391067037,0.518908798924147,0.5204934268803573,0.7715582450832073,0.0002521432173474533,0.0,0.11977625894828704,0.2048147756664337,1.0,1.0,27.57856969146874,0.04198280716270488,1.0,1.0,36,36,498.06713371277954,12.45091009691305,1554.9195885906747,0,57,0.0,17461,moving_front,7016,economic,24bfb8b9aac5b87f9f268595cf4462964bd3a01da9d8089f51ed740d780fee86,5e29696557cda66a921641f993e950ae2ed95f14de01a827d8e1fe0231f9c807,76b5e5d6e15f37e00e45bb95,15.970533444000012,f000d324411431a807bac72657424c44472cc457a2b2f856442e941850c00046,0.6764526551405947,0.024205748865355523,main_nominal,57.0,5.7
0.8475981161042546,0.866183869222585,0.5530634007746407,0.5545341041796905,0.6172465960665658,0.0020171457387796266,0.0,0.11085247329050986,0.2808693924693917,1.0,1.0,24.77575859029418,0.028945467481962896,0.9722222222222222,0.9722222222222222,36,35,505.2553422799497,13.06766232722989,1562.3736131269707,0,51,0.0,14831,moving_front,7000,deadline_fusion,24bfb8b9aac5b87f9f268595cf4462964bd3a01da9d8089f51ed740d780fee86,5bd218142e142fa4278b4a5cda21ab3f6b168aad1e4f87cf0725f2f9c148a9ed,782fb4cca9f901d93436e9f5,37.70699428800003,f000d324411431a807bac72657424c44472cc457a2b2f856442e941850c00046,0.6332615233365718,0.028744326777609682,main_nominal,51.0,5.066666666666666
0.7340519415027734,0.7644430786686837,0.398000189107413,0.39766954550966993,0.6066565809379728,0.004286434694906707,0.0,0.17573749932322766,0.2618689691307401,0.9523449319213313,1.0,35.424388552697934,0.028555219364599094,1.0,1.0,36,36,363.5935693229667,1.2629313371090578,2481.9724485078546,0,23,0.0,14190,sensor_fault,7010,adaptive,24bfb8b9aac5b87f9f268595cf4462964bd3a01da9d8089f51ed740d780fee86,c0265f2f5da1b8f1e6334a7d1da15d24852be86831d4583cf0a020b238d73be2,78623f8a970de8e003b07349,9.3111758619998,f000d324411431a807bac72657424c44472cc457a2b2f856442e941850c00046,0.6145833333333333,0.028744326777609682,main_nominal,,
0.7875063035804336,0.8003104513363589,0.42364000252143214,0.4236551184486294,0.8940998487140696,0.0,0.0,0.19792136231169302,0.4853640196965922,0.9641956631366615,1.0,30.389049104891576,0.026798096318709025,0.9722222222222222,0.9722222222222222,36,35,408.81837349577876,2.3240809356984173,2246.6487261598354,0,0,0.0,18473,sensor_fault,7008,static_tuned,24bfb8b9aac5b87f9f268595cf4462964bd3a01da9d8089f51ed740d780fee86,61fbc2c3c47ea0b2f394bf19d5d944ff33916305affd279efd1232b2237e443b,79106bc99627496931877b3b,5.517048871000043,f000d324411431a807bac72657424c44472cc457a2b2f856442e941850c00046,0.671875,0.0030257186081694403,main_nominal,0.0,0.0
0.4986998865355522,0.5633903807362581,0.3013032652546646,0.30074014308694785,0.2526475037821483,0.023701462430660614,0.0,0.07587151416200835,0.23672275985669397,1.0,1.0,100.84133100100856,0.22825264750378216,0.8055555555555556,0.8055555555555556,36,29,439.333957341032,6.729076225998494,1767.912058399615,0,42,0.0,9538,storm,7019,greedy_sparse,24bfb8b9aac5b87f9f268595cf4462964bd3a01da9d8089f51ed740d780fee86,12c2676d5d2da4bfdacb5c9a6312d12b90a39b080a71ade938e7b16bbaabf086,79bd01da13586c15a555b885,14.798900366999987,f000d324411431a807bac72657424c44472cc457a2b2f856442e941850c00046,0.203125,0.6626323751891074,main_nominal,42.0,1.5
0.837452204527931,0.8559344341552383,0.505057697112508,0.5055409670226717,0.7307110438729199,0.007564296520423601,0.0,0.08063444348930912,0.360136741502461,1.0,1.0,23.67435810718441,0.023820179839859974,0.9428571428571428,0.9428571428571428,35,33,495.07855870841473,11.542943518288034,1502.2548185694322,0,45,0.0,16681,moving_front,7001,fungal,24bfb8b9aac5b87f9f268595cf4462964bd3a01da9d8089f51ed740d780fee86,0eaaad553c80db6664d9a551f5b55b53a649071324c5a65ea020b06da777986c,7a2d23f1138284a9de0de376,15.568998416999875,f000d324411431a807bac72657424c44472cc457a2b2f856442e941850c00046,0.5627136120821571,0.04387291981845688,main_nominal,45.0,4.466666666666667
0.8549230963187088,0.8612818330811899,0.46902578164397374,0.4700041138813405,0.9288956127080181,0.0,0.0,0.19951009875483636,0.42860008663048405,1.0,1.0,19.83520076903681,0.013599974785678266,0.9444444444444444,0.9444444444444444,36,34,384.572985638622,3.8659586587080663,2147.5027304833925,0,34,0.0,19182,sensor_fault,7014,greedy_sparse,24bfb8b9aac5b87f9f268595cf4462964bd3a01da9d8089f51ed740d780fee86,ac5fa5d877e58450b21b5619aadcad71ab1db9e7cd210fd1cd516ef4a934c028,7a9835c653656cf12de4f570,18.37839775500015,f000d324411431a807bac72657424c44472cc457a2b2f856442e941850c00046,0.7812499999999999,0.0,main_nominal,34.0,1.1333333333333333
0.48220814422592023,0.551839069591528,0.3038483358547655,0.30375231178926665,0.27382753403933435,0.025970751386787692,0.0,0.050421105352683515,0.23812280580029116,1.0,1.0,104.02467851739789,0.2340677004538578,0.7222222222222222,0.7222222222222222,36,26,409.25244308066976,2.7083217039732213,2244.435768412563,0,0,0.0,9828,storm,7010,static_tuned,24bfb8b9aac5b87f9f268595cf4462964bd3a01da9d8089f51ed740d780fee86,c0265f2f5da1b8f1e6334a7d1da15d24852be86831d4583cf0a020b238d73be2,7aa2ee6c7e4971ba04dc6e5b,6.239971403000027,f000d324411431a807bac72657424c44472cc457a2b2f856442e941850c00046,0.171875,0.6732223903177005,main_nominal,0.0,0.0
0.7865528870398385,0.7992467221381744,0.42412853000504275,0.42410002909800865,0.875945537065053,0.0,0.0,0.20756015280052803,0.4864413938592414,0.959909228441755,1.0,30.9958081190116,0.03011535552193646,0.9722222222222222,0.9722222222222222,36,35,400.94604926812593,3.9840678433031362,2188.1139146196815,0,11,0.0,18148,sensor_fault,7008,fungal,24bfb8b9aac5b87f9f268595cf4462964bd3a01da9d8089f51ed740d780fee86,61fbc2c3c47ea0b2f394bf19d5d944ff33916305affd279efd1232b2237e443b,7ae9ca81995ac4205cc59393,15.253479438999875,f000d324411431a807bac72657424c44472cc457a2b2f856442e941850c00046,0.6822916666666665,0.0045385779122541605,main_nominal,11.0,1.1
0.8050984757344288,0.8198005570152198,0.5014820050063451,0.5003301906216475,0.5975794251134644,0.0,0.0,0.09776753910803228,0.24198515489958833,1.0,1.0,34.793783759445844,0.05168413471125522,0.9166666666666666,0.9166666666666666,36,33,363.8008498229708,0.8979878452980031,2495.7944232075183,0,0,0.0,14882,moving_front,7011,fixed_ring,24bfb8b9aac5b87f9f268595cf4462964bd3a01da9d8089f51ed740d780fee86,a045df01d14234cb96176801d87713dde0c5b1030233001228c3094e00dd4a73,7b6d69b5c1b05efdc32b2228,5.90619245400012,f000d324411431a807bac72657424c44472cc457a2b2f856442e941850c00046,0.5522928231985993,0.059001512859304085,main_nominal,,
0.7703684442763489,0.7864425743822488,0.42647661371659096,0.42624713407481674,0.7549167927382754,0.0,0.0,0.20146327933000177,0.48599572347713843,0.9536056480080685,1.0,32.82364945789208,0.031478504790721125,0.9444444444444444,0.9444444444444444,36,34,363.4220800284325,0.8742047925325658,2496.648570104255,0,0,0.0,16186,sensor_fault,7008,fixed_ring,24bfb8b9aac5b87f9f268595cf4462964bd3a01da9d8089f51ed740d780fee86,61fbc2c3c47ea0b2f394bf19d5d944ff33916305affd279efd1232b2237e443b,7b715e4ef1d7aceecc58d9a8,4.759478570999818,f000d324411431a807bac72657424c44472cc457a2b2f856442e941850c00046,0.65625,0.0,main_nominal,,
0.8037451643235148,0.8385425282105615,0.49854754216383956,0.49907391466824624,0.5824508320726173,0.01361573373676248,0.0,0.09781194262307571,0.24260071861082547,1.0,1.0,33.019269812405014,0.04997741177473843,0.9722222222222222,1.0,36,35,490.35220616481416,9.704236725603328,1546.9848914425552,0,58,0.0,14438,moving_front,7010,recruitment,24bfb8b9aac5b87f9f268595cf4462964bd3a01da9d8089f51ed740d780fee86,5c27fd92e06c33f2542baf1700cf25e04b52092d15caab1ec4dc802b1a93834e,7b969ed68d3abeb48be7cd9c,16.97061584800008,f000d324411431a807bac72657424c44472cc457a2b2f856442e941850c00046,0.5788307857338133,0.08018154311649017,main_nominal,58.0,1.9333333333333333
0.8365484620774741,0.8481065778833089,0.5196039927731547,0.5203243048788089,0.6747352496217852,0.0002521432173474533,0.0,0.06260940016883261,0.2503208488608721,1.0,1.0,30.097622916084067,0.0495933404047543,0.9444444444444444,0.9444444444444444,36,34,479.8493351617651,8.861366246167451,1392.3472062270841,0,56,0.0,16080,moving_front,7004,recruitment,24bfb8b9aac5b87f9f268595cf4462964bd3a01da9d8089f51ed740d780fee86,33909bb95a53710954872d70bc5591af92a450651324e9fef7a21e0a1cd4da1e,7bf3630b64703ad97ed3ccba,17.03861009299999,f000d324411431a807bac72657424c44472cc457a2b2f856442e941850c00046,0.6100942484874283,0.024205748865355523,main_nominal,56.0,1.8666666666666667
0.48969364599092274,0.5807725037821481,0.32226267019667165,0.3222569469771552,0.2753403933434191,0.078416540595058,0.0002521432173474533,0.0369143317145703,0.2283969326637769,1.0,1.0,96.92519225920321,0.20855395864851234,0.7222222222222222,0.7777777777777778,36,26,441.45358777282,9.289458048279812,1787.5422858114707,0,43,0.0,9320,storm,7007,economic,24bfb8b9aac5b87f9f268595cf4462964bd3a01da9d8089f51ed740d780fee86,b9aa9c192ff362205c201c037cc4f3c7c2aba8b7e0c4fd0ef068255fea54f756,7d9724768544b069e0c357ae,13.358971417999896,f000d324411431a807bac72657424c44472cc457a2b2f856442e941850c00046,0.13020833333333331,0.6626323751891074,main_nominal,43.0,4.283333333333333
0.47593608169440244,0.5508698940998488,0.2981357160867372,0.29757757368450577,0.2481089258698941,0.04563792233988905,0.0,0.07580129766923921,0.23709892229847096,1.0,1.0,104.47912726928894,0.2250929778113969,0.75,0.8055555555555556,36,27,1650.5915189982638,33.27749636134623,1434.0183252784166,0,31,0.0,9328,storm,7019,adaptive,24bfb8b9aac5b87f9f268595cf4462964bd3a01da9d8089f51ed740d780fee86,12c2676d5d2da4bfdacb5c9a6312d12b90a39b080a71ade938e7b16bbaabf086,7f090e898979c536617d786d,8.151820251000117,f000d324411431a807bac72657424c44472cc457a2b2f856442e941850c00046,0.16666666666666666,0.6671709531013615,main_nominal,,
0.8068501528044837,0.8263077510440678,0.4992541509915521,0.49988160423653194,0.7201210287443268,0.007060010085728694,0.0,0.08026248502387279,0.3988773490926548,1.0,1.0,32.05799553173692,0.043980658981331286,0.8611111111111112,0.8611111111111112,36,31,409.2227110785587,2.3568757516194774,2246.1983003192568,0,0,0.0,16778,moving_front,7018,static_tuned,24bfb8b9aac5b87f9f268595cf4462964bd3a01da9d8089f51ed740d780fee86,43e354cb1fa0a5fed03587ccc8ef089b630912d128abf8941ac224ef282c99e3,809a9b456cf0a81793c5b14b,6.960308151999925,f000d324411431a807bac72657424c44472cc457a2b2f856442e941850c00046,0.4990028672015668,0.1043872919818457,main_nominal,0.0,0.0
0.7568236258194654,0.7739063287947554,0.38304494452849225,0.3806971721364463,0.7912254160363086,0.0,0.0,0.19226301066807833,0.49409698129558893,0.8923348461926373,1.0,34.662522062531515,0.0336374810892587,0.9722222222222222,0.9722222222222222,36,35,393.9325860800998,3.8170270341083743,2180.7552837901644,0,8,0.0,16462,sensor_fault,7006,fungal,24bfb8b9aac5b87f9f268595cf4462964bd3a01da9d8089f51ed740d780fee86,5772c05e39ffe56db9fe4d550c615751b591862ac0732ff00bde5b9c136479f3,812899ac7f521439e114ba13,17.188889326000208,f000d324411431a807bac72657424c44472cc457a2b2f856442e941850c00046,0.625,0.01361573373676248,main_nominal,8.0,0.8
0.5336768784669692,0.5981467473524962,0.3371627584467978,0.3369912181388588,0.2617246596066566,0.01739788199697428,0.0,0.04943928873864736,0.3131173212091319,1.0,1.0,88.29708774583963,0.18460823247604638,0.6388888888888888,0.6666666666666666,36,23,418.8951135029917,5.947375105339532,2024.7927582522623,0,21,0.0,9579,storm,7005,fungal,24bfb8b9aac5b87f9f268595cf4462964bd3a01da9d8089f51ed740d780fee86,e5eb0adce92def657b42daaff1168729498af6b7f7eacaec91555308393fbb04,8185a115dba103118f2631a3,16.055047618000003,f000d324411431a807bac72657424c44472cc457a2b2f856442e941850c00046,0.23958333333333331,0.6475037821482602,main_nominal,21.0,2.0833333333333335
0.7715818835098335,0.7907211296016134,0.42145738779626823,0.42150145944353573,0.7065052950075643,0.0012607160867372667,0.0,0.1697294212682864,0.41979988048383166,0.9591527987897126,1.0,32.6805581820474,0.03390538325769037,0.9722222222222222,0.9722222222222222,36,35,395.1840291129547,3.796431565262289,2141.014639924289,0,11,0.0,15481,sensor_fault,7015,fungal,24bfb8b9aac5b87f9f268595cf4462964bd3a01da9d8089f51ed740d780fee86,b549dfc41676c63078393edb7074f42e4f0927a271f4a7ecca93c1f6bdaa8078,8254c82dead34e2419d6d66f,19.610834855999656,f000d324411431a807bac72657424c44472cc457a2b2f856442e941850c00046,0.6510416666666666,0.0045385779122541605,main_nominal,11.0,1.0166666666666666
0.8327482342306449,0.8456874271953975,0.5002019332241034,0.5008166711959235,0.7715582450832073,0.0,0.0,0.08224867309284596,0.18627026155467083,1.0,1.0,29.031343770971507,0.043634586900281394,0.9444444444444444,0.9444444444444444,36,34,496.52487627004257,11.630638393009757,1579.4699507767864,0,47,0.0,17416,moving_front,7002,deadline_fusion,24bfb8b9aac5b87f9f268595cf4462964bd3a01da9d8089f51ed740d780fee86,5b23548e342cd0e105b412e1f6ff973e8f388f6fbedb3fc9e75b3089b159ddd9,82864fd1cfcf6461f7a2748f,44.15442301300004,f000d324411431a807bac72657424c44472cc457a2b2f856442e941850c00046,0.6504930735423812,0.015128593040847202,main_nominal,47.0,4.7
0.767240292486132,0.7774048159354512,0.41122194906707005,0.41106178937616716,0.8880484114977307,0.0,0.0,0.16828247183313688,0.35322242126461945,1.0,1.0,32.75210381996974,0.029398323247604635,0.9722222222222222,0.9722222222222222,36,35,383.9689880176433,2.335729660665155,2194.213032686607,0,4,0.0,18972,sensor_fault,7002,fungal,24bfb8b9aac5b87f9f268595cf4462964bd3a01da9d8089f51ed740d780fee86,fb367cc0d79aa8d9c98eb2a529262d3fdb12211bf1a4b9a1df875515bb387ab8,84495a1c8443bec45b6e43b2,16.911636712000018,f000d324411431a807bac72657424c44472cc457a2b2f856442e941850c00046,0.671875,0.0045385779122541605,main_nominal,4.0,0.4
0.4997163388804841,0.5880688981341401,0.3287317196167423,0.32922676763663034,0.24205748865355523,0.06202723146747353,0.0,0.08598420407531542,0.3701934921988972,1.0,1.0,93.61439422592032,0.1943709026727181,0.6571428571428571,0.6857142857142857,35,23,363.913412468455,1.1781213871902292,2495.0936667415494,0,0,0.0,8762,storm,7001,fixed_ring,24bfb8b9aac5b87f9f268595cf4462964bd3a01da9d8089f51ed740d780fee86,9b5a428363b62ad024a6d518c6bdc283191d1cf8739502f5298786104f688bf6,84527ed0b09d06a7109ffbf1,6.005593936000082,f000d324411431a807bac72657424c44472cc457a2b2f856442e941850c00046,0.16145833333333331,0.642965204236006,main_nominal,,
0.5079819087241553,0.574697428139183,0.32620240796772565,0.3256786657250979,0.2813918305597579,0.025214321734745332,0.0,0.08709458480356605,0.2466933717970857,1.0,1.0,96.06183812405445,0.2088139813414019,0.7222222222222222,0.75,36,26,363.9235038793645,1.2029938553194799,2494.4943878782483,0,0,0.0,9761,storm,7003,fixed_ring,24bfb8b9aac5b87f9f268595cf4462964bd3a01da9d8089f51ed740d780fee86,7bba1255199adfdb1a1ba0c529b8275f13780540abed81a608a55c16f4b1390f,84d5fa94f31a4e5e098e83df,4.167957007000041,f000d324411431a807bac72657424c44472cc457a2b2f856442e941850c00046,0.19791666666666666,0.642965204236006,main_nominal,,
0.7742924230963186,0.7934080307614724,0.4153665532022188,0.4161441512024719,0.7488653555219364,0.0005042864346949066,0.0,0.1791975729936259,0.39472928197117857,0.9636913767019667,1.0,30.467607476046396,0.023354765506807866,0.9444444444444444,0.9444444444444444,36,34,399.46093018719415,4.071827832419113,2165.4214108673173,0,11,0.0,16058,sensor_fault,7007,fungal,24bfb8b9aac5b87f9f268595cf4462964bd3a01da9d8089f51ed740d780fee86,b9aa9c192ff362205c201c037cc4f3c7c2aba8b7e0c4fd0ef068255fea54f756,84f619cf6c035ef62ced50ee,13.828297623999788,f000d324411431a807bac72657424c44472cc457a2b2f856442e941850c00046,0.6718749999999999,0.019667170953101363,main_nominal,11.0,1.1
0.7583837619768028,0.7731420196671709,0.40979576399394857,0.41184105105065927,0.7488653555219364,0.0002521432173474533,0.0,0.2014177167381956,0.4670279003663808,0.940494200706001,0.9629349470499243,36.087210035300046,0.04150119768028239,0.9444444444444444,0.9444444444444444,36,34,363.43366689176486,0.9136360514995779,2497.3048137692767,0,0,0.0,16448,sensor_fault,7013,fixed_ring,24bfb8b9aac5b87f9f268595cf4462964bd3a01da9d8089f51ed740d780fee86,7566b3dd58ba1b4b73cead9a88da4a0d93430742ea574afa5e3d674dbfd7a1c5,85b979afc38f8779faeb6f9d,6.705434406000222,f000d324411431a807bac72657424c44472cc457a2b2f856442e941850c00046,0.6458333333333333,0.0045385779122541605,main_nominal,,
0.45469301563287934,0.5748865355521936,0.3113889939485627,0.3116220875197521,0.23903177004538578,0.11875945537065052,0.0002521432173474533,0.07511751382528024,0.2366423536559102,1.0,1.0,103.74633604387292,0.22907211296016136,0.75,0.8055555555555556,36,27,363.92384412990754,1.204825608507524,2494.421682094902,0,0,0.0,8172,storm,7019,fixed_ring,24bfb8b9aac5b87f9f268595cf4462964bd3a01da9d8089f51ed740d780fee86,12c2676d5d2da4bfdacb5c9a6312d12b90a39b080a71ade938e7b16bbaabf086,882f23041a3be4515bb40459,5.27350649899995,f000d324411431a807bac72657424c44472cc457a2b2f856442e941850c00046,0.11458333333333333,0.6686838124054463,main_nominal,,
0.8261006299740654,0.839953887664939,0.5119478494039202,0.5125121421350556,0.6686838124054463,0.0012607160867372667,0.0,0.12042662576468148,0.2783261731171972,1.0,1.0,28.56566421683836,0.037639779456305096,0.9444444444444444,0.9444444444444444,36,34,409.3066984916998,2.344396866897279,2246.9132550819763,0,0,0.0,15667,moving_front,7000,static_tuned,24bfb8b9aac5b87f9f268595cf4462964bd3a01da9d8089f51ed740d780fee86,5bd218142e142fa4278b4a5cda21ab3f6b168aad1e4f87cf0725f2f9c148a9ed,888d88eda296d511b205e828,6.088826057000006,f000d324411431a807bac72657424c44472cc457a2b2f856442e941850c00046,0.5771019728889827,0.02723146747352496,main_nominal,0.0,0.0
0.49502017145738775,0.5566061522945033,0.3070158850226929,0.3073591463009358,0.2783661119515885,0.03530005042864347,0.0,0.0764821614658871,0.19459675702591908,1.0,1.0,101.91557929904184,0.22306795259707513,0.75,0.7777777777777778,36,27,1177.4099060951685,22.5327073031807,1371.1517695871419,0,16,0.0,10067,storm,7009,adaptive,24bfb8b9aac5b87f9f268595cf4462964bd3a01da9d8089f51ed740d780fee86,956a9ceb80df2feb4bb3b76f79213a7f0cb93b60e4835d44d36852e549355e78,88af36b0b4155ac4fc38f787,8.263256088000162,f000d324411431a807bac72657424c44472cc457a2b2f856442e941850c00046,0.171875,0.642965204236006,main_nominal,,
0.5217158345940494,0.5664160993444276,0.3105222516389309,0.3108456236035952,0.2980332829046899,0.00832072617246596,0.0,0.07308522093273012,0.1947963765560625,1.0,1.0,97.9213155572365,0.2206725920322743,0.75,0.75,36,27,425.29992980314967,6.040498572601702,1981.6787558562166,0,44,0.0,10719,storm,7009,recruitment,24bfb8b9aac5b87f9f268595cf4462964bd3a01da9d8089f51ed740d780fee86,956a9ceb80df2feb4bb3b76f79213a7f0cb93b60e4835d44d36852e549355e78,890d117a741c2e5fd19ec1ac,15.089483256999983,f000d324411431a807bac72657424c44472cc457a2b2f856442e941850c00046,0.22395833333333331,0.6354009077155824,main_nominal,44.0,1.55
0.5059411245587493,0.5763442385274835,0.32821955370650524,0.3280235710714635,0.2723146747352496,0.030509329299041852,0.0,0.055460016890748205,0.18088825538005462,1.0,1.0,101.62068992687846,0.23929179273827533,0.75,0.7777777777777778,36,27,363.9407820645069,1.21735341279271,2494.488064075798,0,0,0.0,9795,storm,7002,fixed_ring,24bfb8b9aac5b87f9f268595cf4462964bd3a01da9d8089f51ed740d780fee86,fb367cc0d79aa8d9c98eb2a529262d3fdb12211bf1a4b9a1df875515bb387ab8,897d0ce867738a80a85232ea,6.6110619429999815,f000d324411431a807bac72657424c44472cc457a2b2f856442e941850c00046,0.19791666666666669,0.642965204236006,main_nominal,,
0.5198720373171961,0.5794723903177004,0.3240197932425617,0.3244847084196301,0.29652042360060515,0.022440746343923346,0.0,0.07721161221759228,0.34682682233870266,1.0,1.0,95.66936144730207,0.2110438729198184,0.75,0.75,36,27,1150.3901520671259,22.882889993931688,1844.5373634024845,0,24,0.0,10643,storm,7012,adaptive,24bfb8b9aac5b87f9f268595cf4462964bd3a01da9d8089f51ed740d780fee86,6ef10a6f8528f48913779ce02125f8ae67ac504fa24b04f7d539448adf330dc7,89c2337ee44389f348189fcd,7.411235490000081,f000d324411431a807bac72657424c44472cc457a2b2f856442e941850c00046,0.22395833333333331,0.670196671709531,main_nominal,,
0.742924230963187,0.7657274331820474,0.38237518910741297,0.38037112060482775,0.5506807866868382,0.0,0.0,0.2038989905539324,0.49456473782248406,0.8908219868885526,1.0,37.61992561775087,0.03730143721633888,0.9722222222222222,0.9722222222222222,36,35,363.7138799676195,1.405890655171296,2476.4431059565422,0,25,0.0,13929,sensor_fault,7006,adaptive,24bfb8b9aac5b87f9f268595cf4462964bd3a01da9d8089f51ed740d780fee86,5772c05e39ffe56db9fe4d550c615751b591862ac0732ff00bde5b9c136479f3,89c27d04fa0626b017143d84,10.328167027999825,f000d324411431a807bac72657424c44472cc457a2b2f856442e941850c00046,0.6197916666666666,0.015128593040847202,main_nominal,,
0.7863165027735752,0.7944953983862832,0.4100321482602118,0.4094782358039163,0.9334341906202723,0.0,0.0,0.15987835970216324,0.4024155448326814,1.0,1.0,31.090952786182548,0.0306590393343419,0.9722222222222222,0.9722222222222222,36,35,408.8615185721543,2.356789221037462,2246.997138254843,0,0,0.0,19644,sensor_fault,7016,static_tuned,24bfb8b9aac5b87f9f268595cf4462964bd3a01da9d8089f51ed740d780fee86,c01d3e850dcea516d0864d501fedc94fd615e60fababbc941400707247a8bedb,8a513726448643ccbcd4f2ba,7.1936335649998,f000d324411431a807bac72657424c44472cc457a2b2f856442e941850c00046,0.7031249999999999,0.0015128593040847202,main_nominal,0.0,0.0
0.5330937972768532,0.5649977937468481,0.31769257438224907,0.3166153589738509,0.34795763993948564,0.0017650025214321732,0.0,0.057358256760640755,0.24875411036860068,1.0,1.0,94.41435798033282,0.20944433938477053,0.75,0.75,36,27,409.2226660230362,2.6786940679482862,2244.4944570155258,0,0,0.0,11826,storm,7003,static_tuned,24bfb8b9aac5b87f9f268595cf4462964bd3a01da9d8089f51ed740d780fee86,7bba1255199adfdb1a1ba0c529b8275f13780540abed81a608a55c16f4b1390f,8af56641952a5e24c114b7e5,5.641825098999902,f000d324411431a807bac72657424c44472cc457a2b2f856442e941850c00046,0.23958333333333331,0.6338880484114977,main_nominal,0.0,0.0
0.8483399822830656,0.8599094538573143,0.536784367720716,0.5361452031351956,0.6838124054462935,0.0,0.0,0.10150480956310674,0.24322530086450003,1.0,1.0,26.83082085427076,0.039537143923539145,0.9444444444444444,0.9444444444444444,36,34,498.53464489431394,12.316690056517022,1449.112952986602,0,55,0.0,16109,moving_front,7011,economic,24bfb8b9aac5b87f9f268595cf4462964bd3a01da9d8089f51ed740d780fee86,a045df01d14234cb96176801d87713dde0c5b1030233001228c3094e00dd4a73,8b34b85ed6b0e7554ad8aef9,16.547099649999836,f000d324411431a807bac72657424c44472cc457a2b2f856442e941850c00046,0.6569409329437939,0.037821482602118005,main_nominal,55.0,5.433333333333334
0.5430455748865356,0.6046709531013615,0.34132312153303074,0.3409419812748054,0.2708018154311649,0.016893595562279373,0.0,0.04708867645072033,0.3134854266426523,1.0,1.0,87.83405036560767,0.18951714573877962,0.6388888888888888,0.6666666666666666,36,23,468.83997999956887,9.378329435586497,1351.220938645177,0,28,0.0,9878,storm,7005,deadline_fusion,24bfb8b9aac5b87f9f268595cf4462964bd3a01da9d8089f51ed740d780fee86,e5eb0adce92def657b42daaff1168729498af6b7f7eacaec91555308393fbb04,8c0601431f92ede9ee307b00,38.048061233,f000d324411431a807bac72657424c44472cc457a2b2f856442e941850c00046,0.2552083333333333,0.642965204236006,main_nominal,28.0,2.7666666666666666
0.7845958957413212,0.8081910007224544,0.46014615061110065,0.4603682683990737,0.6550680786686838,0.00605143721633888,0.0,0.08500990456523433,0.23909971196577348,1.0,1.0,35.82646048713063,0.048647143714922673,0.9166666666666666,0.9444444444444444,36,33,409.26686507145587,2.3442153906961667,2246.3470741359006,0,0,0.0,15758,moving_front,7010,static_tuned,24bfb8b9aac5b87f9f268595cf4462964bd3a01da9d8089f51ed740d780fee86,5c27fd92e06c33f2542baf1700cf25e04b52092d15caab1ec4dc802b1a93834e,8c2e234b2055f8736c06a85f,5.9052468029999545,f000d324411431a807bac72657424c44472cc457a2b2f856442e941850c00046,0.5395397926915453,0.07261724659606657,main_nominal,0.0,0.0
0.4721302950075642,0.5663688224911749,0.3135794881492687,0.3132224300413365,0.2481089258698941,0.052697932425617745,0.0,0.08379246089332179,0.31637765877132557,1.0,1.0,101.37709594049419,0.22311522945032777,0.8333333333333334,0.8333333333333334,36,30,442.44973822695863,7.982921865720198,2022.262720832455,0,20,0.0,8723,storm,7015,fungal,24bfb8b9aac5b87f9f268595cf4462964bd3a01da9d8089f51ed740d780fee86,b549dfc41676c63078393edb7074f42e4f0927a271f4a7ecca93c1f6bdaa8078,8d35b0b06283b88040350a37,13.539059471999963,f000d324411431a807bac72657424c44472cc457a2b2f856442e941850c00046,0.16666666666666666,0.6686838124054463,main_nominal,20.0,2.0
0.8330983713184514,0.8461777131597149,0.5267625324802787,0.5262219005870863,0.6520423600605144,0.0,0.0,0.093119389188321,0.24163111804828982,1.0,1.0,28.77419061813868,0.041719633170108635,0.9444444444444444,0.9444444444444444,36,34,474.86360142264687,8.812838022676551,1440.5225436620465,0,55,0.0,15718,moving_front,7011,recruitment,24bfb8b9aac5b87f9f268595cf4462964bd3a01da9d8089f51ed740d780fee86,a045df01d14234cb96176801d87713dde0c5b1030233001228c3094e00dd4a73,8d7ff087b7cd4118e1d4dc89,16.30540783499987,f000d324411431a807bac72657424c44472cc457a2b2f856442e941850c00046,0.6161508752516841,0.04387291981845688,main_nominal,55.0,1.8333333333333333
0.831889429677159,0.8435958786373229,0.5169846251196254,0.5181437850275306,0.680786686838124,0.0,0.0,0.10454151298218463,0.19668694142437607,1.0,1.0,28.20997937274527,0.03825113128625301,0.9722222222222222,0.9722222222222222,36,35,467.2804224064097,8.27567542374439,1508.5957995517017,0,54,0.0,16354,moving_front,7009,recruitment,24bfb8b9aac5b87f9f268595cf4462964bd3a01da9d8089f51ed740d780fee86,6e2d005a512f8f795588b53a08d35435fd833e215d9a9396f9ada02b8104fa48,8da9a52aa546b41f02e88b67,17.46087304499997,f000d324411431a807bac72657424c44472cc457a2b2f856442e941850c00046,0.6128543478174818,0.03479576399394856,main_nominal,54.0,1.8
0.7519619894099848,0.7804226550680786,0.4201651538073625,0.4195376798738509,0.44478063540090773,0.00302571860816944,0.0,0.17541843352180736,0.419907459353145,0.9523449319213313,1.0,36.47180723651034,0.040468986384266256,0.9722222222222222,0.9722222222222222,36,35,367.36106528615227,1.413501959801653,2412.587576547345,0,13,0.0,12675,sensor_fault,7015,adaptive,24bfb8b9aac5b87f9f268595cf4462964bd3a01da9d8089f51ed740d780fee86,b549dfc41676c63078393edb7074f42e4f0927a271f4a7ecca93c1f6bdaa8078,8e4f7fbcb9a29fcd343b8af3,9.832341305000227,f000d324411431a807bac72657424c44472cc457a2b2f856442e941850c00046,0.6302083333333333,0.01664145234493192,main_nominal,,
0.44473335854765506,0.5698121533030761,0.3156833081190116,0.3144828589286994,0.22844175491679275,0.10816944024205749,0.0010085728693898133,0.07948710339945761,0.31653143092850267,1.0,1.0,101.42618507312153,0.20215582450832073,0.5833333333333334,0.5833333333333334,36,21,1507.4688911540748,30.15506601800724,1651.5998849703226,0,25,0.0,8247,storm,7015,adaptive,24bfb8b9aac5b87f9f268595cf4462964bd3a01da9d8089f51ed740d780fee86,b549dfc41676c63078393edb7074f42e4f0927a271f4a7ecca93c1f6bdaa8078,8ee8de900f9a349e1a1177b0,7.579222720999951,f000d324411431a807bac72657424c44472cc457a2b2f856442e941850c00046,0.13020833333333331,0.6838124054462935,main_nominal,,
0.8186711075405685,0.8291834219259783,0.5189496929081532,0.5205335769602951,0.7534039334341907,0.0,0.0,0.08004039528252663,0.17857514048146636,1.0,1.0,34.7229848049726,0.060449632399018946,0.9166666666666666,0.9166666666666666,36,33,1904.0382255533957,37.36201621598491,956.2966945150899,0,6,0.0,17517,moving_front,7009,adaptive,24bfb8b9aac5b87f9f268595cf4462964bd3a01da9d8089f51ed740d780fee86,6e2d005a512f8f795588b53a08d35435fd833e215d9a9396f9ada02b8104fa48,8f66bf597f49bb997cfb235c,10.473181113999999,f000d324411431a807bac72657424c44472cc457a2b2f856442e941850c00046,0.6230926909660354,0.024205748865355523,main_nominal,,
0.8320678142927226,0.8456219970015759,0.5145303560686072,0.5140566764608685,0.632375189107413,0.0,0.0,0.11998944185571572,0.32633781915633325,1.0,1.0,28.826304601020375,0.036967932129486444,0.9722222222222222,0.9722222222222222,36,35,482.9445543451346,9.378944720747716,1536.480637158388,0,56,0.0,15631,moving_front,7008,recruitment,24bfb8b9aac5b87f9f268595cf4462964bd3a01da9d8089f51ed740d780fee86,a9dc4e7a83ea86ea436568b7b9e6ff3f12c69e20d2897f78617ebd8a5771ceb1,90b9fd0531a742b1c6383222,17.47109843200019,f000d324411431a807bac72657424c44472cc457a2b2f856442e941850c00046,0.5783704380986436,0.057488653555219364,main_nominal,56.0,1.8666666666666667
0.7780745713565305,0.7966386157337367,0.4273275970751386,0.42680383469047944,0.686838124054463,0.0005042864346949066,0.0,0.16545194446450381,0.36250719442199825,0.9614220877458396,1.0,28.88737865607665,0.015081316187594554,1.0,1.0,36,36,382.9562651194179,3.5515066733169443,2220.5393619627685,0,30,0.0,15442,sensor_fault,7017,greedy_sparse,24bfb8b9aac5b87f9f268595cf4462964bd3a01da9d8089f51ed740d780fee86,fded3c51bb367e0df8af6f8249b634fefe0cc389845c26618e90a9b29d9c3139,91c8daefe19bf0704fa454cc,36.07154564800021,f000d324411431a807bac72657424c44472cc457a2b2f856442e941850c00046,0.6302083333333333,0.01664145234493192,main_nominal,30.0,1.0
0.5203290468986385,0.56717252899647,0.3129254916792738,0.3132276306989779,0.329803328290469,0.015380736258194654,0.0,0.04998603344265155,0.3247502557134045,1.0,1.0,94.59917107917296,0.20441723398890568,0.6666666666666666,0.6944444444444444,36,24,409.20287175282255,2.6528447333730876,2243.568320096521,0,0,0.0,11240,storm,7008,static_tuned,24bfb8b9aac5b87f9f268595cf4462964bd3a01da9d8089f51ed740d780fee86,61fbc2c3c47ea0b2f394bf19d5d944ff33916305affd279efd1232b2237e443b,91f02160eade19b74889d3d8,4.969560530000081,f000d324411431a807bac72657424c44472cc457a2b2f856442e941850c00046,0.21875,0.6550680786686838,main_nominal,0.0,0.0
0.8587296681999769,0.8759876431316124,0.5416514121879091,0.5408952582319912,0.6475037821482602,0.0027735753908219867,0.0,0.0668404790229862,0.30824524979007706,1.0,1.0,23.38643681393819,0.02679420624958878,1.0,1.0,36,36,471.85244823977166,8.35945425485797,1442.7496212984759,0,50,0.0,15376,moving_front,7005,greedy_sparse,24bfb8b9aac5b87f9f268595cf4462964bd3a01da9d8089f51ed740d780fee86,3112fe2c83524b2f2e2f68f6ce520bfc1f93a616346ad692daac26f7b11e5a4b,941a27f177a0a8aeb445a838,16.144972226999926,f000d324411431a807bac72657424c44472cc457a2b2f856442e941850c00046,0.6445390906454963,0.03328290468986384,main_nominal,50.0,1.6666666666666667
0.5308087493696418,0.5683229324256176,0.3086784543620777,0.30874639604128307,0.3540090771558245,0.0057992939989914265,0.0,0.07199473626855116,0.19786274891954117,1.0,1.0,96.9677414271306,0.22599123802319715,0.6388888888888888,0.6666666666666666,36,23,431.9093171406924,7.16122174548748,1821.0725305716437,0,22,0.0,11909,storm,7016,deadline_fusion,24bfb8b9aac5b87f9f268595cf4462964bd3a01da9d8089f51ed740d780fee86,c01d3e850dcea516d0864d501fedc94fd615e60fababbc941400707247a8bedb,9438022fc2e90871da99712c,41.102165829000114,f000d324411431a807bac72657424c44472cc457a2b2f856442e941850c00046,0.2708333333333333,0.6611195158850227,main_nominal,22.0,2.15
0.5417218229954613,0.5796221003530004,0.31780288703983856,0.31797239158015805,0.34190620272314676,0.012102874432677761,0.0,0.08024527272198398,0.34698740404175815,1.0,1.0,94.13743381240543,0.21581095562279373,0.6944444444444444,0.6944444444444444,36,25,438.5040425923354,10.027500354753384,1942.524111642621,0,45,0.0,12009,storm,7012,economic,24bfb8b9aac5b87f9f268595cf4462964bd3a01da9d8089f51ed740d780fee86,6ef10a6f8528f48913779ce02125f8ae67ac504fa24b04f7d539448adf330dc7,94c0a417da46588e6107b723,15.666895836999856,f000d324411431a807bac72657424c44472cc457a2b2f856442e941850c00046,0.2552083333333333,0.649016641452345,main_nominal,45.0,4.5
0.5393894982349975,0.5796299798285426,0.3240985879979828,0.3226836908297424,0.3267776096822995,0.0027735753908219867,0.0,0.0913391160812234,0.24629920341071943,1.0,1.0,91.15556448562782,0.19756209026727178,0.8055555555555556,0.8055555555555556,36,29,428.630319727719,9.196056535740242,1630.9016043622041,0,43,0.0,11363,storm,7003,economic,24bfb8b9aac5b87f9f268595cf4462964bd3a01da9d8089f51ed740d780fee86,7bba1255199adfdb1a1ba0c529b8275f13780540abed81a608a55c16f4b1390f,9570fe43a0bba1fe47fb2a32,14.800284669999996,f000d324411431a807bac72657424c44472cc457a2b2f856442e941850c00046,0.24479166666666669,0.632375189107413,main_nominal,43.0,4.3
0.5260574256177508,0.6008494074634391,0.33773008068582955,0.337805328969299,0.2556732223903177,0.027735753908219873,0.0,0.04928036110606202,0.3970143415002084,1.0,1.0,92.99179746596067,0.2101062153303076,0.8888888888888888,0.8888888888888888,36,32,444.9464803228451,8.369028179705396,1457.9024940878137,0,28,0.0,9576,storm,7018,deadline_fusion,24bfb8b9aac5b87f9f268595cf4462964bd3a01da9d8089f51ed740d780fee86,20cbee7be12f3041b6f80dfbab6cf06c7cd24e2dceeb098a373acea1952196d8,95a1c29660bd74c25092d77a,38.13060352899993,f000d324411431a807bac72657424c44472cc457a2b2f856442e941850c00046,0.24479166666666663,0.6550680786686838,main_nominal,28.0,2.783333333333333
0.5232050554715078,0.5961217221381744,0.335358358547655,0.3350147028475112,0.264750378214826,0.023701462430660614,0.0,0.046301122433681584,0.39550602813252733,1.0,1.0,92.87577218860312,0.20500031517902165,0.8611111111111112,0.8611111111111112,36,31,424.9830773518052,6.05774757005025,2077.5634604839906,0,15,0.0,9364,storm,7018,fungal,24bfb8b9aac5b87f9f268595cf4462964bd3a01da9d8089f51ed740d780fee86,20cbee7be12f3041b6f80dfbab6cf06c7cd24e2dceeb098a373acea1952196d8,962b8c1d99b620b06ba4089f,14.243531708999853,f000d324411431a807bac72657424c44472cc457a2b2f856442e941850c00046,0.23958333333333331,0.653555219364599,main_nominal,15.0,1.5
0.7660426122037316,0.7887985375693393,0.4050601991931416,0.40474497911860097,0.7670196671709532,0.0032778618255168935,0.0,0.17237292818133632,0.2621646800924029,0.958900655572365,1.0,30.7745130484115,0.0208018154311649,1.0,1.0,36,36,388.7770631509357,5.159816376183135,2190.7398993092547,0,32,0.0,16381,sensor_fault,7010,economic,24bfb8b9aac5b87f9f268595cf4462964bd3a01da9d8089f51ed740d780fee86,c0265f2f5da1b8f1e6334a7d1da15d24852be86831d4583cf0a020b238d73be2,96324b4dcbfe3182b1868d94,16.24416505199997,f000d324411431a807bac72657424c44472cc457a2b2f856442e941850c00046,0.6510416666666666,0.028744326777609682,main_nominal,32.0,3.2
0.538774899142713,0.5775182803832577,0.32368885526979324,0.3224093153771952,0.3146747352496218,0.0032778618255168935,0.0,0.08822984295085863,0.24641077313164336,1.0,1.0,92.53916099344428,0.20244736510337874,0.7222222222222222,0.7222222222222222,36,26,418.65497902643114,5.6255923523450475,1853.026087919746,0,37,0.0,11127,storm,7003,recruitment,24bfb8b9aac5b87f9f268595cf4462964bd3a01da9d8089f51ed740d780fee86,7bba1255199adfdb1a1ba0c529b8275f13780540abed81a608a55c16f4b1390f,96e3cace69183ed5cc220cee,15.010772486000064,f000d324411431a807bac72657424c44472cc457a2b2f856442e941850c00046,0.24479166666666666,0.6369137670196672,main_nominal,37.0,1.2833333333333334
0.7668935955622793,0.7890191628845182,0.4064942637418053,0.40630387225813736,0.7700453857791225,0.0032778618255168935,0.0,0.17159425778935933,0.2620436938710912,0.9604135148764497,1.0,30.951092095310138,0.022125567322239033,1.0,1.0,36,36,387.4554582175956,3.0814781578669828,2175.7754355090215,0,7,0.0,16484,sensor_fault,7010,deadline_fusion,24bfb8b9aac5b87f9f268595cf4462964bd3a01da9d8089f51ed740d780fee86,c0265f2f5da1b8f1e6334a7d1da15d24852be86831d4583cf0a020b238d73be2,977f6e6d3cb64cef51fc67ca,93.36712189800028,f000d324411431a807bac72657424c44472cc457a2b2f856442e941850c00046,0.6510416666666665,0.02723146747352496,main_nominal,7.0,0.7
0.5686932677760967,0.6204062657589511,0.35134581442259194,0.35082618419488415,0.3101361573373676,0.006051437216338879,0.0,0.053956129924437345,0.3791289907104836,1.0,1.0,81.38757564296519,0.16648543872919816,0.8055555555555556,0.8055555555555556,36,29,410.03482918694584,5.3286254199993,2000.5505039166164,0,43,0.0,10968,storm,7014,recruitment,24bfb8b9aac5b87f9f268595cf4462964bd3a01da9d8089f51ed740d780fee86,ac5fa5d877e58450b21b5619aadcad71ab1db9e7cd210fd1cd516ef4a934c028,97c0df452d30192edf2dc492,14.818122781000056,f000d324411431a807bac72657424c44472cc457a2b2f856442e941850c00046,0.2864583333333333,0.5779122541603631,main_nominal,43.0,1.5166666666666666
0.762780509329299,0.7866868381240545,0.4067700453857791,0.40715628728577385,0.7594553706505295,0.004034291477559253,0.0,0.17253586998587592,0.26198570257462805,0.9581442259203227,1.0,30.605892271810383,0.019722327281896115,1.0,1.0,36,36,381.1911724436379,3.2381146816678483,2185.1454299480324,0,25,0.0,16170,sensor_fault,7010,greedy_sparse,24bfb8b9aac5b87f9f268595cf4462964bd3a01da9d8089f51ed740d780fee86,c0265f2f5da1b8f1e6334a7d1da15d24852be86831d4583cf0a020b238d73be2,996bc381ea612591cdf8604c,19.56945930599977,f000d324411431a807bac72657424c44472cc457a2b2f856442e941850c00046,0.6510416666666665,0.030257186081694403,main_nominal,25.0,0.8333333333333334
0.787025655572365,0.7995067448310639,0.43333175743822483,0.43427690212073866,0.8063540090771558,0.0005042864346949066,0.0,0.19170186900312644,0.49145283603066303,0.959909228441755,0.9992435703479576,32.309947049924354,0.03836516641452345,0.9166666666666666,0.9166666666666666,36,33,392.4350767729277,3.630742656132594,2182.012653715251,0,9,0.0,16717,sensor_fault,7000,deadline_fusion,24bfb8b9aac5b87f9f268595cf4462964bd3a01da9d8089f51ed740d780fee86,5f8536aad221b558feae01abd9e48012ffd43f0d986448ef31076303591affbe,99d5455b01bc1148a22a01cc,44.886032784000236,f000d324411431a807bac72657424c44472cc457a2b2f856442e941850c00046,0.671875,0.006051437216338881,main_nominal,9.0,0.9
0.8333194418742635,0.8452668069805049,0.5206563224243477,0.5220621423450484,0.6989409984871406,0.0,0.0,0.09574043965614158,0.19695544734844042,1.0,1.0,27.690198248184316,0.03645232535781569,0.9722222222222222,0.9722222222222222,36,35,475.1312394864715,8.789516615130593,1501.072396756807,0,53,0.0,16486,moving_front,7009,greedy_sparse,24bfb8b9aac5b87f9f268595cf4462964bd3a01da9d8089f51ed740d780fee86,6e2d005a512f8f795588b53a08d35435fd833e215d9a9396f9ada02b8104fa48,9a1b204084511aebfb3b46fa,16.560025708000012,f000d324411431a807bac72657424c44472cc457a2b2f856442e941850c00046,0.6114844200532497,0.046898638426626324,main_nominal,53.0,1.7666666666666666
0.7893107034795764,0.8081190115985878,0.43841401916288447,0.4384859309951329,0.8396369137670197,0.005547150781643974,0.0,0.16421345915180988,0.3964507071624298,0.9586485123550176,1.0,28.9697979702471,0.024213628340897627,0.9722222222222222,0.9722222222222222,36,35,403.14808075322026,3.992346961454504,2209.1340082851693,0,9,0.0,17496,sensor_fault,7018,fungal,24bfb8b9aac5b87f9f268595cf4462964bd3a01da9d8089f51ed740d780fee86,20cbee7be12f3041b6f80dfbab6cf06c7cd24e2dceeb098a373acea1952196d8,9a42c53fb69a5b44b4c816ae,22.075948310000058,f000d324411431a807bac72657424c44472cc457a2b2f856442e941850c00046,0.6979166666666666,0.01361573373676248,main_nominal,9.0,0.9
0.8498662943017969,0.8617638307204605,0.5194387757955353,0.5208162778184887,0.7700453857791225,0.0002521432173474533,0.0,0.11582045875123954,0.20487504079061342,1.0,1.0,26.71927710255091,0.03876858621463957,1.0,1.0,36,36,509.4952858752331,12.972593232860145,1544.7427892554688,0,52,0.0,17504,moving_front,7016,fungal,24bfb8b9aac5b87f9f268595cf4462964bd3a01da9d8089f51ed740d780fee86,5e29696557cda66a921641f993e950ae2ed95f14de01a827d8e1fe0231f9c807,9aa02edd98000ff071ddb937,15.87530046500001,f000d324411431a807bac72657424c44472cc457a2b2f856442e941850c00046,0.6813179883096047,0.0226928895612708,main_nominal,52.0,5.2
0.793589258698941,0.8072522692889561,0.4398953605648008,0.4393904554682021,0.7428139183055976,0.0,0.0,0.19508416778528648,0.33333279860286974,0.9531013615733737,1.0,28.26789428895613,0.019714447806354007,1.0,1.0,36,36,363.43347228938705,0.90584085885223,2496.5683637640127,0,0,0.0,16206,sensor_fault,7011,fixed_ring,24bfb8b9aac5b87f9f268595cf4462964bd3a01da9d8089f51ed740d780fee86,50b7b3fbf7cedf803850a0428d40ee1ccc4080b783db00698cf7730c8a755b36,9b6b501b231e56912b2252f0,9.868555862999983,f000d324411431a807bac72657424c44472cc457a2b2f856442e941850c00046,0.703125,0.0015128593040847202,main_nominal,,
0.7609209531013615,0.7868759455370651,0.426768154311649,0.42683259516556976,0.4886535552193646,0.0005042864346949066,0.0,0.16817078718684253,0.36290372602565896,0.9548663640948057,1.0,31.650119768028237,0.01840645486636409,1.0,1.0,36,36,363.63446890887053,1.2606389285558484,2473.1814209754693,0,21,0.0,13071,sensor_fault,7017,adaptive,24bfb8b9aac5b87f9f268595cf4462964bd3a01da9d8089f51ed740d780fee86,fded3c51bb367e0df8af6f8249b634fefe0cc389845c26618e90a9b29d9c3139,9b7c1c28a855c627d6fc31b6,9.733360560000165,f000d324411431a807bac72657424c44472cc457a2b2f856442e941850c00046,0.609375,0.030257186081694403,main_nominal,,
0.8431708770350015,0.8510270863342511,0.5127356394564049,0.5124472470489541,0.735249621785174,0.0,0.0,0.0960279406678636,0.24460916386914566,1.0,1.0,26.437368947615216,0.034735403815395145,1.0,1.0,36,36,494.7386457548484,11.5404719394361,1510.8174535795406,0,53,0.0,16981,moving_front,7003,economic,24bfb8b9aac5b87f9f268595cf4462964bd3a01da9d8089f51ed740d780fee86,ddbf34503eff23fbcd394039890145ec197c5f33f339d9222c1ea54ac42702a6,9bf32e119005d14e41d63c0b,17.681356441999924,f000d324411431a807bac72657424c44472cc457a2b2f856442e941850c00046,0.6206651491719442,0.048411497730711045,main_nominal,53.0,5.233333333333333
0.8477150403788806,0.8664204848668248,0.5525211233046673,0.5539779850558639,0.6021180030257186,0.0020171457387796266,0.0,0.11001127122793643,0.28144798464320875,1.0,1.0,24.68288726159033,0.02878841767460299,0.9722222222222222,0.9722222222222222,36,35,505.13285881733105,13.226350010381715,1566.8806424367783,0,52,0.0,14841,moving_front,7000,fungal,24bfb8b9aac5b87f9f268595cf4462964bd3a01da9d8089f51ed740d780fee86,5bd218142e142fa4278b4a5cda21ab3f6b168aad1e4f87cf0725f2f9c148a9ed,9cb6d2b979b64b92a93312f6,14.913311141999884,f000d324411431a807bac72657424c44472cc457a2b2f856442e941850c00046,0.634645386019976,0.02723146747352496,main_nominal,52.0,5.15
0.5224486258194654,0.5907400403429147,0.32922812657589506,0.329297522273364,0.30559757942511345,0.03933434190620272,0.0,0.05070204849744623,0.24007149275651662,1.0,1.0,95.46918337115481,0.21388836359051938,0.7777777777777778,0.8333333333333334,36,28,411.1655183107571,5.247653632480226,1751.604898319128,0,39,0.0,10406,storm,7011,recruitment,24bfb8b9aac5b87f9f268595cf4462964bd3a01da9d8089f51ed740d780fee86,50b7b3fbf7cedf803850a0428d40ee1ccc4080b783db00698cf7730c8a755b36,9d737a7437615e08826e6051,14.224554982999962,f000d324411431a807bac72657424c44472cc457a2b2f856442e941850c00046,0.203125,0.649016641452345,main_nominal,39.0,1.4333333333333333
0.5319197554210792,0.5942464069591528,0.32977181038830056,0.32982504816256486,0.31316187594553707,0.03277861825516893,0.0,0.052178580113953495,0.24065703082581016,1.0,1.0,93.49947207513868,0.21214699949571356,0.8055555555555556,0.8333333333333334,36,29,450.2435768713752,9.117341323721929,1495.6115904022606,0,24,0.0,10839,storm,7011,deadline_fusion,24bfb8b9aac5b87f9f268595cf4462964bd3a01da9d8089f51ed740d780fee86,50b7b3fbf7cedf803850a0428d40ee1ccc4080b783db00698cf7730c8a755b36,9e9f351243ad7df109a6c2e5,40.53568052900005,f000d324411431a807bac72657424c44472cc457a2b2f856442e941850c00046,0.23437499999999997,0.653555219364599,main_nominal,24.0,2.4
0.8681598104074809,0.8850860180461575,0.5529662193619335,0.5512749790273366,0.680786686838124,0.0027735753908219867,0.0,0.06670053195731859,0.30724236486871015,1.0,1.0,21.706329738207167,0.024662007467579787,1.0,1.0,36,36,489.90585321696415,11.231378732390457,1430.1788899910593,0,49,0.0,15728,moving_front,7005,economic,24bfb8b9aac5b87f9f268595cf4462964bd3a01da9d8089f51ed740d780fee86,3112fe2c83524b2f2e2f68f6ce520bfc1f93a616346ad692daac26f7b11e5a4b,9f22037b3b8d956f76b02fc0,14.535145434000015,f000d324411431a807bac72657424c44472cc457a2b2f856442e941850c00046,0.6703519141857313,0.030257186081694403,main_nominal,49.0,4.866666666666666
0.5358910110943015,0.5685199193141703,0.3092536560766515,0.30940605509069913,0.3630862329803328,0.01059001512859304,0.0,0.08938834750170385,0.346075506690559,1.0,1.0,96.79852968986384,0.2251166162380232,0.6944444444444444,0.6944444444444444,36,25,409.2463213937932,2.68455192103097,2245.948759839221,0,0,0.0,12588,storm,7012,static_tuned,24bfb8b9aac5b87f9f268595cf4462964bd3a01da9d8089f51ed740d780fee86,6ef10a6f8528f48913779ce02125f8ae67ac504fa24b04f7d539448adf330dc7,9fceddc98deb94743e0065cd,5.275849016000166,f000d324411431a807bac72657424c44472cc457a2b2f856442e941850c00046,0.265625,0.6369137670196672,main_nominal,0.0,0.0
0.521258825012607,0.5808906959152799,0.320095814422592,0.320217056379715,0.30257186081694404,0.02899646999495713,0.0,0.07806323517404588,0.3251696327823501,1.0,1.0,94.36712052445789,0.20854607917297022,0.6666666666666666,0.6944444444444444,36,24,409.1873370162257,5.096608528762477,1725.0165044010002,0,39,0.0,10522,storm,7008,greedy_sparse,24bfb8b9aac5b87f9f268595cf4462964bd3a01da9d8089f51ed740d780fee86,61fbc2c3c47ea0b2f394bf19d5d944ff33916305affd279efd1232b2237e443b,a02b26c77928beec8744af85,13.875270225999884,f000d324411431a807bac72657424c44472cc457a2b2f856442e941850c00046,0.21874999999999997,0.649016641452345,main_nominal,39.0,1.45
0.4845010716086737,0.5632564296520423,0.30870997226424607,0.30816065989380775,0.2586989409984871,0.03328290468986384,0.0,0.06927473347588202,0.23830292262900615,1.0,1.0,101.9617924230963,0.22957639939485627,0.8333333333333334,0.8333333333333334,36,30,456.31701973547945,9.329539687095142,1604.0530173149891,0,33,0.0,9488,storm,7010,deadline_fusion,24bfb8b9aac5b87f9f268595cf4462964bd3a01da9d8089f51ed740d780fee86,c0265f2f5da1b8f1e6334a7d1da15d24852be86831d4583cf0a020b238d73be2,a16d66062a8b257245f056f3,44.748931688000084,f000d324411431a807bac72657424c44472cc457a2b2f856442e941850c00046,0.171875,0.6656580937972768,main_nominal,33.0,3.283333333333333
0.7720388930912757,0.7837950706001007,0.41557141956631366,0.4155323067288607,0.75642965204236,0.0,0.0,0.1525814495609408,0.29151334207889124,1.0,1.0,31.29290374432678,0.02081757438224912,0.9444444444444444,0.9444444444444444,36,34,363.5402580623966,1.1259749572774744,2488.7921028739265,0,28,0.0,16300,sensor_fault,7004,adaptive,24bfb8b9aac5b87f9f268595cf4462964bd3a01da9d8089f51ed740d780fee86,1ffbd60f44c9f81edacbd6236060262a241240e41dabbe8776c51fac2266503a,a187064256ff4a53e1abe402,7.343046105999747,f000d324411431a807bac72657424c44472cc457a2b2f856442e941850c00046,0.6822916666666666,0.0015128593040847202,main_nominal,,
0.8386679326502304,0.862708451255678,0.5159482308604488,0.5167082183259754,0.5491679273827534,0.0007564296520423601,0.0,0.09959750063817718,0.23114098017036178,1.0,1.0,28.059710051972793,0.038810145124929384,0.9166666666666666,0.9166666666666666,36,33,492.4896647297661,12.450884587674324,1394.0246142384337,0,50,0.0,14210,moving_front,7007,deadline_fusion,24bfb8b9aac5b87f9f268595cf4462964bd3a01da9d8089f51ed740d780fee86,4359898ad5beb32bbf1d8eff13ccc594cdb32a36c3aec06531a94f326fed618b,a2a215caecb76bd3402b2136,42.07583261500008,f000d324411431a807bac72657424c44472cc457a2b2f856442e941850c00046,0.6297524241125912,0.05143721633888049,main_nominal,50.0,5.0
0.5439911119515884,0.5806306732223903,0.31684947049924356,0.31703281001692785,0.3358547655068079,0.010842158345940493,0.0,0.07754325299990773,0.3462279629597894,1.0,1.0,93.83478315683308,0.21433749369641955,0.7222222222222222,0.7222222222222222,36,26,422.68853882978226,5.979043087517451,1953.3451395726267,0,39,0.0,11887,storm,7012,greedy_sparse,24bfb8b9aac5b87f9f268595cf4462964bd3a01da9d8089f51ed740d780fee86,6ef10a6f8528f48913779ce02125f8ae67ac504fa24b04f7d539448adf330dc7,a2d95dda1d9fc5f14b154e18,19.265372048000017,f000d324411431a807bac72657424c44472cc457a2b2f856442e941850c00046,0.2708333333333333,0.6520423600605144,main_nominal,39.0,1.45
0.5351424609178013,0.5739252395360565,0.32295606404437716,0.3220362890053693,0.3101361573373676,0.004286434694906706,0.0,0.08825711247465755,0.24643212736353323,1.0,1.0,94.12226582198689,0.21033472012102875,0.75,0.75,36,27,404.2628678066792,5.007953661931362,1925.8922256049345,0,41,0.0,11032,storm,7003,greedy_sparse,24bfb8b9aac5b87f9f268595cf4462964bd3a01da9d8089f51ed740d780fee86,7bba1255199adfdb1a1ba0c529b8275f13780540abed81a608a55c16f4b1390f,a30627a1a7776e57df369392,14.452547465000066,f000d324411431a807bac72657424c44472cc457a2b2f856442e941850c00046,0.24999999999999997,0.6369137670196672,main_nominal,41.0,1.4333333333333333
0.48256272062531513,0.5820568582955118,0.32810136157337366,0.32741626133055995,0.24962178517397882,0.07791225416036308,0.0,0.07578158670210228,0.3279045095206974,1.0,1.0,98.75457009581442,0.21400655572365104,0.7222222222222222,0.7222222222222222,36,26,444.9175745519357,10.319193672421616,1891.2684804355542,0,44,0.0,8787,storm,7017,economic,24bfb8b9aac5b87f9f268595cf4462964bd3a01da9d8089f51ed740d780fee86,fded3c51bb367e0df8af6f8249b634fefe0cc389845c26618e90a9b29d9c3139,a31f322f2bea7a4d98fd62d3,15.149981270000126,f000d324411431a807bac72657424c44472cc457a2b2f856442e941850c00046,0.140625,0.6611195158850227,main_nominal,44.0,4.4
0.7833459404942005,0.8019021053958648,0.4434174861321231,0.4438366018304652,0.540090771558245,0.0007564296520423601,0.0,0.18817226142717325,0.48909169952500026,1.0,0.9994957135653052,32.61909827281895,0.03677351235501764,0.9166666666666666,0.9166666666666666,36,33,363.64718933468856,1.244366566356909,2472.1746781434927,0,16,0.0,13765,sensor_fault,7000,adaptive,24bfb8b9aac5b87f9f268595cf4462964bd3a01da9d8089f51ed740d780fee86,5f8536aad221b558feae01abd9e48012ffd43f0d986448ef31076303591affbe,a34028e78b73638e827543d9,8.301786683000046,f000d324411431a807bac72657424c44472cc457a2b2f856442e941850c00046,0.6666666666666666,0.0045385779122541605,main_nominal,,
0.7966780131114473,0.8019572617246596,0.42517650025214315,0.4241630878600366,0.9183055975794251,0.0,0.0,0.1820751959386164,0.5665506233422225,0.9586485123550176,0.967221381744831,29.163948247604637,0.02664050680786686,0.9166666666666666,0.9166666666666666,36,33,390.97645527569523,3.745371876666344,2187.2846307940913,0,12,0.0,19510,sensor_fault,7012,deadline_fusion,24bfb8b9aac5b87f9f268595cf4462964bd3a01da9d8089f51ed740d780fee86,6ef10a6f8528f48913779ce02125f8ae67ac504fa24b04f7d539448adf330dc7,a38c0ca02150b55f422eaf42,92.96076248100007,f000d324411431a807bac72657424c44472cc457a2b2f856442e941850c00046,0.7135416666666665,0.0,main_nominal,12.0,1.2
0.7815100226928894,0.7901301689359556,0.4117341149773071,0.4118448007188105,0.9001512859304085,0.0,0.0,0.1565951918769853,0.2920892273386599,0.961169944528492,1.0,30.549790405950578,0.02691628845184064,0.9444444444444444,0.9444444444444444,36,34,392.77311752894275,4.009776210100166,2140.9031021210976,0,34,0.0,18450,sensor_fault,7004,greedy_sparse,24bfb8b9aac5b87f9f268595cf4462964bd3a01da9d8089f51ed740d780fee86,1ffbd60f44c9f81edacbd6236060262a241240e41dabbe8776c51fac2266503a,a4f7aed41ae4112a102e8784,13.650184057999923,f000d324411431a807bac72657424c44472cc457a2b2f856442e941850c00046,0.6874999999999999,0.0030257186081694403,main_nominal,34.0,1.1333333333333333
0.4376969868885527,0.5581505295007564,0.314989914271306,0.31550187093183446,0.24205748865355523,0.11749873928391324,0.0002521432173474533,0.06859369964447286,0.23817995720987373,1.0,1.0,107.97694465456378,0.2424672213817448,0.6111111111111112,0.6666666666666666,36,22,363.939586983202,1.2306535819522106,2494.4356430622547,0,0,0.0,8319,storm,7010,fixed_ring,24bfb8b9aac5b87f9f268595cf4462964bd3a01da9d8089f51ed740d780fee86,c0265f2f5da1b8f1e6334a7d1da15d24852be86831d4583cf0a020b238d73be2,a58b0a52c85836145a7fbf81,4.618899473000056,f000d324411431a807bac72657424c44472cc457a2b2f856442e941850c00046,0.10416666666666666,0.6747352496217852,main_nominal,,
0.8412943679665161,0.8525223082802319,0.5204771676644426,0.5214019961406666,0.7291981845688351,0.0,0.0,0.10369414281694066,0.19671208809009047,1.0,1.0,27.1123662284975,0.0375772751971223,0.9722222222222222,0.9722222222222222,36,35,505.5389528009662,12.34407222987484,1548.441050194093,0,55,0.0,16878,moving_front,7009,economic,24bfb8b9aac5b87f9f268595cf4462964bd3a01da9d8089f51ed740d780fee86,6e2d005a512f8f795588b53a08d35435fd833e215d9a9396f9ada02b8104fa48,a5f61b2fec5ac626e4da3395,17.71460427199986,f000d324411431a807bac72657424c44472cc457a2b2f856442e941850c00046,0.6273295363764644,0.039334341906202726,main_nominal,55.0,5.483333333333333
0.8453237439404502,0.8554724094797297,0.5220259415510713,0.5220771305159075,0.6913767019667171,0.0,0.0,0.06548890224338318,0.2452842284941792,1.0,1.0,27.07740449191081,0.038783809935095045,0.9722222222222222,0.9722222222222222,36,35,514.5203166127947,12.970391983483632,1429.629165695464,0,51,0.0,16532,moving_front,7004,fungal,24bfb8b9aac5b87f9f268595cf4462964bd3a01da9d8089f51ed740d780fee86,33909bb95a53710954872d70bc5591af92a450651324e9fef7a21e0a1cd4da1e,a6a0fb19aba45bad3a581a5a,15.157871305000072,f000d324411431a807bac72657424c44472cc457a2b2f856442e941850c00046,0.6047652802228387,0.046898638426626324,main_nominal,51.0,5.033333333333333
0.4919786938981341,0.5726408850226928,0.31344553706505296,0.31363649916119174,0.2874432677760968,0.061522945032778616,0.0002521432173474533,0.04037287019840546,0.22362703159900163,1.0,1.0,98.08268721633888,0.21217063792233987,0.7777777777777778,0.8333333333333334,36,28,409.2144862162151,2.682098327364138,2243.8610698342604,0,0,0.0,9835,storm,7007,static_tuned,24bfb8b9aac5b87f9f268595cf4462964bd3a01da9d8089f51ed740d780fee86,b9aa9c192ff362205c201c037cc4f3c7c2aba8b7e0c4fd0ef068255fea54f756,a6efc1a9fa454a608586532c,5.290297191000036,f000d324411431a807bac72657424c44472cc457a2b2f856442e941850c00046,0.13020833333333331,0.6732223903177005,main_nominal,0.0,0.0
0.8082923600605142,0.8159590897629853,0.4251213439233483,0.4256336894056564,0.9288956127080181,0.0,0.0,0.18517715823591474,0.43864531804969875,0.9583963691376702,1.0,23.786127395360566,0.01342662632375189,0.9722222222222222,0.9722222222222222,36,35,400.0227851921355,3.7161637415384154,2166.0767259358354,0,9,0.0,19310,sensor_fault,7003,deadline_fusion,24bfb8b9aac5b87f9f268595cf4462964bd3a01da9d8089f51ed740d780fee86,7bba1255199adfdb1a1ba0c529b8275f13780540abed81a608a55c16f4b1390f,a754c76092864a13d4e318dd,37.48872398699996,f000d324411431a807bac72657424c44472cc457a2b2f856442e941850c00046,0.6718749999999999,0.0,main_nominal,9.0,0.9
0.8047445684191391,0.8343268723406373,0.5195165621138417,0.5202950652867072,0.49924357034795763,0.003277861825516894,0.0,0.1182890051982129,0.27862117990640994,1.0,1.0,32.97249457273412,0.045740473622544915,0.9444444444444444,0.9444444444444444,36,34,363.80103570319295,0.896857924503409,2496.91234309056,0,0,0.0,12915,moving_front,7000,fixed_ring,24bfb8b9aac5b87f9f268595cf4462964bd3a01da9d8089f51ed740d780fee86,5bd218142e142fa4278b4a5cda21ab3f6b168aad1e4f87cf0725f2f9c148a9ed,a7ad306ba33e64eda1c5e7ae,5.219885440000098,f000d324411431a807bac72657424c44472cc457a2b2f856442e941850c00046,0.5278243116841344,0.07866868381240545,main_nominal,,
0.7743318204740292,0.783598083711548,0.39866994452849214,0.40024826004398595,0.8925869894099848,0.0,0.0,0.18265477795681206,0.46423714867788596,0.9541099344427635,0.9639435199193143,32.944756996974284,0.03470121028744327,0.9166666666666666,0.9166666666666666,36,33,408.84650142393855,2.357503879771792,2247.3738096215834,0,0,0.0,18728,sensor_fault,7013,static_tuned,24bfb8b9aac5b87f9f268595cf4462964bd3a01da9d8089f51ed740d780fee86,7566b3dd58ba1b4b73cead9a88da4a0d93430742ea574afa5e3d674dbfd7a1c5,a87dbfea144f7e7feeab11dc,14.171803316000023,f000d324411431a807bac72657424c44472cc457a2b2f856442e941850c00046,0.6822916666666665,0.0045385779122541605,main_nominal,0.0,0.0
0.8383694602208691,0.8633916716782698,0.5159196094274812,0.5167586277698352,0.5476550680786687,0.0012607160867372667,0.0,0.09902597834517136,0.23114224943849423,1.0,1.0,27.707991089364906,0.037531711903077684,0.9166666666666666,0.9166666666666666,36,33,494.89860581393975,12.75089512192199,1397.176503907038,0,50,0.0,14182,moving_front,7007,fungal,24bfb8b9aac5b87f9f268595cf4462964bd3a01da9d8089f51ed740d780fee86,4359898ad5beb32bbf1d8eff13ccc594cdb32a36c3aec06531a94f326fed618b,a897f8c4ac1bd41408e3db08,16.443506554999885,f000d324411431a807bac72657424c44472cc457a2b2f856442e941850c00046,0.6297524241125912,0.0529500756429652,main_nominal,50.0,5.0
0.8115498795453415,0.8447619399205619,0.5102968244885848,0.5108063649342877,0.6051437216338881,0.01059001512859304,0.0,0.0980739805503671,0.24432258416268102,1.0,1.0,31.918534529179848,0.05044914071477558,0.9722222222222222,1.0,36,35,511.7167582453367,13.313309025967408,1428.8034891346242,0,56,0.0,14762,moving_front,7010,deadline_fusion,24bfb8b9aac5b87f9f268595cf4462964bd3a01da9d8089f51ed740d780fee86,5c27fd92e06c33f2542baf1700cf25e04b52092d15caab1ec4dc802b1a93834e,a8998dae097e93f8bdacf3e7,43.002912397000046,f000d324411431a807bac72657424c44472cc457a2b2f856442e941850c00046,0.5331869577723216,0.09682299546142209,main_nominal,56.0,5.55
0.8013741805345435,0.8105852874432677,0.41587871911245583,0.4156468121820325,0.8910741301059002,0.0,0.0,0.18045317533883426,0.40136504954542807,0.8908219868885526,1.0,25.784519982349973,0.01574319213313162,1.0,1.0,36,36,392.0656205762724,4.208466710001238,2044.7524129757078,0,28,0.0,18703,sensor_fault,7009,greedy_sparse,24bfb8b9aac5b87f9f268595cf4462964bd3a01da9d8089f51ed740d780fee86,956a9ceb80df2feb4bb3b76f79213a7f0cb93b60e4835d44d36852e549355e78,aa3e56f78a99af52ee6889e7,17.812972100000025,f000d324411431a807bac72657424c44472cc457a2b2f856442e941850c00046,0.6979166666666666,0.0,main_nominal,28.0,0.9333333333333333
0.5510196041351487,0.6269304715078163,0.3602023449319213,0.3597845924829832,0.29046898638426627,0.0297528996469995,0.0,0.05458568030385263,0.379538385980395,1.0,1.0,82.09755578668684,0.1592520801815431,0.8055555555555556,0.8055555555555556,36,29,1269.1377046574773,25.47264087161991,1713.5892042365972,0,21,0.0,9993,storm,7014,adaptive,24bfb8b9aac5b87f9f268595cf4462964bd3a01da9d8089f51ed740d780fee86,ac5fa5d877e58450b21b5619aadcad71ab1db9e7cd210fd1cd516ef4a934c028,aa719849210972cf8ba85be8,8.634254381999881,f000d324411431a807bac72657424c44472cc457a2b2f856442e941850c00046,0.2552083333333333,0.6096822995461422,main_nominal,,
0.8277972465299478,0.8531113121829982,0.5054945907514125,0.5074149775475366,0.529500756429652,0.0020171457387796266,0.0,0.10554020974655438,0.23026409171142131,1.0,1.0,29.697202942626035,0.04195885499408605,0.8888888888888888,0.8888888888888888,36,32,465.0812899801533,8.61842913473357,1397.1248534845217,0,56,0.0,13843,moving_front,7007,recruitment,24bfb8b9aac5b87f9f268595cf4462964bd3a01da9d8089f51ed740d780fee86,4359898ad5beb32bbf1d8eff13ccc594cdb32a36c3aec06531a94f326fed618b,aaa4be9ea5c864c74ee71361,13.732138519000046,f000d324411431a807bac72657424c44472cc457a2b2f856442e941850c00046,0.6113808723980917,0.05143721633888049,main_nominal,56.0,1.8666666666666667
0.8049800411904443,0.8246807327490558,0.5049440757585835,0.5045235781803973,0.7760968229954615,0.007564296520423601,0.0,0.07030066594581973,0.35944924045325266,1.0,1.0,33.350053249029116,0.051622282282439556,0.9142857142857143,0.9142857142857143,35,32,1797.9316983162848,35.14591628419008,964.4813231698622,0,5,0.0,17239,moving_front,7001,adaptive,24bfb8b9aac5b87f9f268595cf4462964bd3a01da9d8089f51ed740d780fee86,0eaaad553c80db6664d9a551f5b55b53a649071324c5a65ea020b06da777986c,ac827885837a0d7864cfe908,8.539162647000012,f000d324411431a807bac72657424c44472cc457a2b2f856442e941850c00046,0.556449271342728,0.059001512859304085,main_nominal,,
0.8764335333629651,0.8929328746420092,0.5559198084476749,0.5541468422074026,0.6686838124054463,0.0027735753908219867,0.0,0.07036735569918544,0.30786316442159206,1.0,1.0,20.71293215673911,0.024320928396758174,1.0,1.0,36,36,505.7779007968984,12.298038927894266,1479.3874196198592,0,46,0.0,15829,moving_front,7005,fungal,24bfb8b9aac5b87f9f268595cf4462964bd3a01da9d8089f51ed740d780fee86,3112fe2c83524b2f2e2f68f6ce520bfc1f93a616346ad692daac26f7b11e5a4b,acfbfa770cc30939263cb989,14.10314039800005,f000d324411431a807bac72657424c44472cc457a2b2f856442e941850c00046,0.6983345200785238,0.01664145234493192,main_nominal,46.0,4.583333333333333
0.5225904563792233,0.5657621028744326,0.309947049924357,0.31054377446255643,0.3071104387291982,0.008068582955118506,0.0,0.07346522211494344,0.1946961835049992,1.0,1.0,97.71345499243569,0.21952218860312656,0.75,0.75,36,27,414.52111460747614,6.128797541629329,2045.7905796715067,0,45,0.0,10815,storm,7009,greedy_sparse,24bfb8b9aac5b87f9f268595cf4462964bd3a01da9d8089f51ed740d780fee86,956a9ceb80df2feb4bb3b76f79213a7f0cb93b60e4835d44d36852e549355e78,ad05a1fe94e62d5b425e8bf5,16.12865819900003,f000d324411431a807bac72657424c44472cc457a2b2f856442e941850c00046,0.21875,0.6399394856278366,main_nominal,45.0,1.6166666666666667
0.7820694654563791,0.7977181038830055,0.4219222768532526,0.42139811581644687,0.7609682299546142,0.0005042864346949066,0.0,0.16519447136981544,0.362329120023661,0.9649520927887039,1.0,28.278019415027735,0.014860690872415531,1.0,1.0,36,36,408.83074233378363,2.3585461607361085,2246.9511810514196,0,0,0.0,16285,sensor_fault,7017,static_tuned,24bfb8b9aac5b87f9f268595cf4462964bd3a01da9d8089f51ed740d780fee86,fded3c51bb367e0df8af6f8249b634fefe0cc389845c26618e90a9b29d9c3139,adec7ef069261fe3a945a264,7.883623452999927,f000d324411431a807bac72657424c44472cc457a2b2f856442e941850c00046,0.6458333333333333,0.0226928895612708,main_nominal,0.0,0.0
0.7999162203940052,0.8281400478747394,0.5119113171734283,0.5128688104437514,0.583963691376702,0.0017650025214321732,0.0,0.06707541419148137,0.31996756470866833,1.0,1.0,37.84724375206414,0.067304744388047,0.9166666666666666,0.9166666666666666,36,33,2065.1033745430777,40.97295143098917,1103.58041037268,0,12,0.0,14414,moving_front,7017,adaptive,24bfb8b9aac5b87f9f268595cf4462964bd3a01da9d8089f51ed740d780fee86,897c3ea0ca4def7c92d6c5bc4c681216da15d36377736736da162a96b99c0650,af13338ab876977c8cbdf725,9.961093305999839,f000d324411431a807bac72657424c44472cc457a2b2f856442e941850c00046,0.5397037368758145,0.07261724659606657,main_nominal,,
0.7915434814636599,0.8052821450007734,0.4812524977895065,0.48016193745898994,0.7140695915279879,0.0,0.0,0.09917736673072855,0.18657803560142558,1.0,1.0,36.545965986597565,0.0543230912463285,0.8888888888888888,0.8888888888888888,36,32,363.803389251233,0.8890432733047507,2496.2782508227406,0,0,0.0,16413,moving_front,7002,fixed_ring,24bfb8b9aac5b87f9f268595cf4462964bd3a01da9d8089f51ed740d780fee86,5b23548e342cd0e105b412e1f6ff973e8f388f6fbedb3fc9e75b3089b159ddd9,b070cc9447bed797b3b182bd,5.228735604000121,f000d324411431a807bac72657424c44472cc457a2b2f856442e941850c00046,0.5819904078609021,0.02723146747352496,main_nominal,,
0.4594285804336863,0.5625157589510842,0.31229513363590516,0.3118854763272797,0.23903177004538578,0.0685829551185073,0.0,0.08084377956209231,0.316787760866045,1.0,1.0,102.96173726676751,0.22383226172465961,0.7777777777777778,0.7777777777777778,36,28,419.96818659004936,5.504131561275146,1907.6801662365663,0,41,0.0,8515,storm,7015,recruitment,24bfb8b9aac5b87f9f268595cf4462964bd3a01da9d8089f51ed740d780fee86,b549dfc41676c63078393edb7074f42e4f0927a271f4a7ecca93c1f6bdaa8078,b23c40de53df5bd3cc986d27,15.316959706000034,f000d324411431a807bac72657424c44472cc457a2b2f856442e941850c00046,0.14583333333333331,0.6838124054462935,main_nominal,41.0,1.4666666666666666
0.7833538199697426,0.8020360564800806,0.443417486132123,0.4438560916859996,0.5416036308623298,0.0007564296520423601,0.0,0.18822462285969785,0.48910320643756866,1.0,0.9994957135653052,32.69174703731719,0.037025655572365104,0.9166666666666666,0.9166666666666666,36,33,363.4292087834431,0.8941496102468479,2497.134111166141,0,0,0.0,13774,sensor_fault,7000,fixed_ring,24bfb8b9aac5b87f9f268595cf4462964bd3a01da9d8089f51ed740d780fee86,5f8536aad221b558feae01abd9e48012ffd43f0d986448ef31076303591affbe,b2827e30b910a074090feae4,6.012921719000133,f000d324411431a807bac72657424c44472cc457a2b2f856442e941850c00046,0.6666666666666665,0.0045385779122541605,main_nominal,,
0.8497314536383741,0.8633222737110128,0.5146636251793163,0.514525177257344,0.7367624810892587,0.0027735753908219867,0.0,0.08766784153694719,0.30923379119086924,1.0,1.0,23.236656553428247,0.02121798374593034,0.9722222222222222,0.9722222222222222,36,35,409.37143281387534,2.3654823578388617,2246.917452360641,0,0,0.0,16581,moving_front,7005,static_tuned,24bfb8b9aac5b87f9f268595cf4462964bd3a01da9d8089f51ed740d780fee86,3112fe2c83524b2f2e2f68f6ce520bfc1f93a616346ad692daac26f7b11e5a4b,b2f07c79d002f06d00088c78,5.4577160810001715,f000d324411431a807bac72657424c44472cc457a2b2f856442e941850c00046,0.6353435057771504,0.02723146747352496,main_nominal,0.0,0.0
0.497588880484115,0.5944433938477055,0.33498014372163387,0.3342580161869433,0.28895612708018154,0.08119011598587997,0.0005042864346949066,0.050061842059413865,0.23996582174406444,1.0,1.0,97.81206662884519,0.21684316691880987,0.7777777777777778,0.8333333333333334,36,28,363.9420692454322,1.232339389701567,2493.7453523279173,0,0,0.0,9363,storm,7011,fixed_ring,24bfb8b9aac5b87f9f268595cf4462964bd3a01da9d8089f51ed740d780fee86,50b7b3fbf7cedf803850a0428d40ee1ccc4080b783db00698cf7730c8a755b36,b3619ed14e6b1fecac120228,5.36309881599982,f000d324411431a807bac72657424c44472cc457a2b2f856442e941850c00046,0.16666666666666666,0.6505295007564297,main_nominal,,
0.7951730332829047,0.8143122793746848,0.4253262102874433,0.42578346444768383,0.7639939485627837,0.0020171457387796266,0.0,0.1922803086672082,0.4896117084924196,0.9541099344427635,1.0,24.638371469994958,0.01009360816944024,0.9714285714285714,0.9714285714285714,35,34,382.604295337045,3.9607444543958987,2447.374959753134,0,25,0.0,16430,sensor_fault,7001,adaptive,24bfb8b9aac5b87f9f268595cf4462964bd3a01da9d8089f51ed740d780fee86,9b5a428363b62ad024a6d518c6bdc283191d1cf8739502f5298786104f688bf6,b388dcc60f9a8a8f01e9e35d,9.832032952999725,f000d324411431a807bac72657424c44472cc457a2b2f856442e941850c00046,0.6614583333333333,0.01059001512859304,main_nominal,,
0.5230947428139182,0.5673379979828542,0.3104907337367625,0.3107422522683876,0.30257186081694404,0.005799293998991426,0.0,0.07653798330535035,0.19482064358000453,1.0,1.0,98.1201935199193,0.2229970373171961,0.75,0.75,36,27,422.4333435283334,8.475186045066202,2017.7904798994189,0,44,0.0,10770,storm,7009,economic,24bfb8b9aac5b87f9f268595cf4462964bd3a01da9d8089f51ed740d780fee86,956a9ceb80df2feb4bb3b76f79213a7f0cb93b60e4835d44d36852e549355e78,b38b8b1349374485c641087b,15.50095146800004,f000d324411431a807bac72657424c44472cc457a2b2f856442e941850c00046,0.22916666666666663,0.6399394856278366,main_nominal,44.0,4.4
0.8156754286434694,0.8266988149268784,0.4423695158850227,0.44262206966685336,0.8456883509833586,0.0,0.0,0.20140405909487583,0.4217616039485965,0.8908219868885526,1.0,26.794511157337368,0.026372604639435197,0.9444444444444444,0.9444444444444444,36,34,411.8399513161031,4.472635830714174,2099.119701053303,0,11,0.0,17415,sensor_fault,7005,fungal,24bfb8b9aac5b87f9f268595cf4462964bd3a01da9d8089f51ed740d780fee86,e5eb0adce92def657b42daaff1168729498af6b7f7eacaec91555308393fbb04,b3aacca6e620603358a3ca7a,14.939816596999663,f000d324411431a807bac72657424c44472cc457a2b2f856442e941850c00046,0.703125,0.0030257186081694403,main_nominal,11.0,1.1
0.7680046016137165,0.7895155698436711,0.40046646495209276,0.39974702346687374,0.7972768532526475,0.0012607160867372667,0.0,0.17684706907000702,0.46077735114396484,1.0,0.9997478567826527,30.691226991931412,0.020589069591527988,0.9444444444444444,0.9444444444444444,36,34,408.8845356207888,2.3444989499024294,2246.934566547099,0,0,0.0,17103,sensor_fault,7019,static_tuned,24bfb8b9aac5b87f9f268595cf4462964bd3a01da9d8089f51ed740d780fee86,12c2676d5d2da4bfdacb5c9a6312d12b90a39b080a71ade938e7b16bbaabf086,b3b4746698c4533e89e02f9b,7.225802909999857,f000d324411431a807bac72657424c44472cc457a2b2f856442e941850c00046,0.6666666666666666,0.02118003025718608,main_nominal,0.0,0.0
0.8395327714960032,0.8525239832329262,0.5098136755117545,0.5115476965116214,0.7367624810892587,0.0005042864346949066,0.0,0.11938043824518377,0.2028617075848897,1.0,1.0,28.6539331549947,0.043411028043250116,0.9444444444444444,0.9444444444444444,36,34,482.71420170956674,9.241451579604474,1556.3676640390333,0,58,0.0,17074,moving_front,7016,recruitment,24bfb8b9aac5b87f9f268595cf4462964bd3a01da9d8089f51ed740d780fee86,5e29696557cda66a921641f993e950ae2ed95f14de01a827d8e1fe0231f9c807,b3d8ca27130eca4eadefd593,17.701504440999997,f000d324411431a807bac72657424c44472cc457a2b2f856442e941850c00046,0.6482773903820107,0.028744326777609682,main_nominal,58.0,1.9333333333333333
0.8256185740329594,0.8594825667856056,0.5188129965189733,0.516403247991052,0.583963691376702,0.008572869389813413,0.0,0.08618600795505513,0.32118315478129705,1.0,1.0,28.170868726875174,0.037744618806540495,0.9166666666666666,0.9166666666666666,36,33,492.03082083299046,12.018397673197635,1471.7991451736489,0,52,0.0,14117,moving_front,7015,fungal,24bfb8b9aac5b87f9f268595cf4462964bd3a01da9d8089f51ed740d780fee86,277879760b7636cf423ed8f2b038495b33a699b960bf9fcac3c05a45a91ae287,b4f5b4df359eb0343ddfcbe4,18.73444980499994,f000d324411431a807bac72657424c44472cc457a2b2f856442e941850c00046,0.5849101240042773,0.046898638426626324,main_nominal,52.0,5.116666666666666
0.783164712556732,0.7965913388804842,0.43363905698436706,0.4353715157048468,0.7851739788199698,0.0005042864346949066,0.0,0.2010471153669517,0.4906070815117328,0.9583963691376702,0.9989914271306103,33.71651222894604,0.042667360060514366,0.9166666666666666,0.9166666666666666,36,33,400.05799217203383,5.940537247598516,2168.5809413576776,0,36,0.0,16432,sensor_fault,7000,economic,24bfb8b9aac5b87f9f268595cf4462964bd3a01da9d8089f51ed740d780fee86,5f8536aad221b558feae01abd9e48012ffd43f0d986448ef31076303591affbe,b50758339de5aaea47b0f83f,15.711378243000127,f000d324411431a807bac72657424c44472cc457a2b2f856442e941850c00046,0.6718749999999999,0.007564296520423601,main_nominal,36.0,3.5166666666666666
0.7843151159858799,0.7926043242561774,0.4112061901159858,0.4106789471840127,0.9288956127080181,0.0,0.0,0.16011965237083595,0.40220390833416864,1.0,1.0,31.194095121028745,0.029563792233988903,0.9722222222222222,0.9722222222222222,36,35,410.9261006279608,5.303750758380746,2164.600102018931,0,14,0.0,19420,sensor_fault,7016,deadline_fusion,24bfb8b9aac5b87f9f268595cf4462964bd3a01da9d8089f51ed740d780fee86,c01d3e850dcea516d0864d501fedc94fd615e60fababbc941400707247a8bedb,b56d318a0f8f8626ecdf42af,49.05228268200017,f000d324411431a807bac72657424c44472cc457a2b2f856442e941850c00046,0.6927083333333333,0.0015128593040847202,main_nominal,14.0,1.4
0.5250173348461927,0.5870366868381239,0.3207892082702975,0.32071205790197793,0.31316187594553707,0.024962178517397883,0.0,0.07833419352310192,0.325332930164375,1.0,1.0,92.8087572491175,0.2049845562279374,0.7777777777777778,0.7777777777777778,36,28,434.31445681048524,7.61222255056415,1720.76451267217,0,24,0.0,10883,storm,7008,fungal,24bfb8b9aac5b87f9f268595cf4462964bd3a01da9d8089f51ed740d780fee86,61fbc2c3c47ea0b2f394bf19d5d944ff33916305affd279efd1232b2237e443b,b5ced4e3a62bfdcab3f71276,14.88995108500012,f000d324411431a807bac72657424c44472cc457a2b2f856442e941850c00046,0.21875,0.6414523449319214,main_nominal,24.0,2.4
0.8141704488149266,0.8245713565305093,0.4453006807866868,0.44413473605389675,0.8683812405446294,0.0,0.0,0.1754808558868433,0.3350051917173067,0.9606656580937972,1.0,23.945292801311144,0.01342662632375189,1.0,1.0,36,36,400.7874895827804,4.266010562006977,2141.6951834027805,0,13,0.0,18180,sensor_fault,7011,fungal,24bfb8b9aac5b87f9f268595cf4462964bd3a01da9d8089f51ed740d780fee86,50b7b3fbf7cedf803850a0428d40ee1ccc4080b783db00698cf7730c8a755b36,b6fa0bbed2d5af0eb1e9bcfe,33.795262331999766,f000d324411431a807bac72657424c44472cc457a2b2f856442e941850c00046,0.7291666666666665,0.0030257186081694403,main_nominal,13.0,1.3
0.49173443015632884,0.5781171205244577,0.3219317322239032,0.32158134580948233,0.26021180030257185,0.056732223903177004,0.0,0.05348567494869018,0.1901235173439134,1.0,1.0,99.63718954866364,0.22410016389309126,0.6388888888888888,0.6388888888888888,36,23,363.93164434387245,1.2156489090863027,2495.008620539365,0,0,0.0,9195,storm,7013,fixed_ring,24bfb8b9aac5b87f9f268595cf4462964bd3a01da9d8089f51ed740d780fee86,7566b3dd58ba1b4b73cead9a88da4a0d93430742ea574afa5e3d674dbfd7a1c5,b747212d4b13a94ec4d567d2,5.969751293999934,f000d324411431a807bac72657424c44472cc457a2b2f856442e941850c00046,0.16145833333333331,0.6399394856278366,main_nominal,,
0.7710618381240543,0.7901144099848713,0.4213076777609682,0.4211433115705305,0.6853252647503782,0.0012607160867372667,0.0,0.16829428532245516,0.4194468298625853,0.9604135148764497,1.0,32.59581442259203,0.03298348461926374,0.9722222222222222,0.9722222222222222,36,35,389.15494734305463,5.122195930380714,2172.3348302811655,0,28,0.0,15329,sensor_fault,7015,economic,24bfb8b9aac5b87f9f268595cf4462964bd3a01da9d8089f51ed740d780fee86,b549dfc41676c63078393edb7074f42e4f0927a271f4a7ecca93c1f6bdaa8078,b7680a49208d548810a640cb,36.4349039409999,f000d324411431a807bac72657424c44472cc457a2b2f856442e941850c00046,0.6510416666666666,0.0045385779122541605,main_nominal,28.0,2.783333333333333
0.8286247419199795,0.8518969386699996,0.5269184716889114,0.5264834772273053,0.6399394856278366,0.00680786686838124,0.0,0.08879083737621667,0.4021582883095908,1.0,1.0,27.514846268746624,0.03571233018132015,0.9722222222222222,0.9722222222222222,36,35,464.86220460557325,7.856060429117239,1431.9012256444898,0,48,0.0,15417,moving_front,7018,recruitment,24bfb8b9aac5b87f9f268595cf4462964bd3a01da9d8089f51ed740d780fee86,43e354cb1fa0a5fed03587ccc8ef089b630912d128abf8941ac224ef282c99e3,b7e1564b384cffa47fa415ce,17.89191466400007,f000d324411431a807bac72657424c44472cc457a2b2f856442e941850c00046,0.5462849044631894,0.07564296520423601,main_nominal,48.0,1.6
0.4731861447302067,0.561121091780131,0.3075438098840141,0.30745863425966924,0.2526475037821483,0.04084720121028744,0.0,0.07291956868559997,0.31762914431463396,1.0,1.0,102.52868129097327,0.22716527987897125,0.8055555555555556,0.8055555555555556,36,29,409.2311445356371,2.693808690862193,2245.0955519716526,0,0,0.0,9066,storm,7015,static_tuned,24bfb8b9aac5b87f9f268595cf4462964bd3a01da9d8089f51ed740d780fee86,b549dfc41676c63078393edb7074f42e4f0927a271f4a7ecca93c1f6bdaa8078,b8e3f9ac625694b3375fe251,5.016303904000097,f000d324411431a807bac72657424c44472cc457a2b2f856442e941850c00046,0.16666666666666666,0.6732223903177005,main_nominal,0.0,0.0
0.8144225920322742,0.8253750630358041,0.44896463691376703,0.4480026270711179,0.8653555219364599,0.0,0.0,0.18139981126495475,0.3344956366335183,0.961169944528492,1.0,24.92258415279879,0.0164208270297529,1.0,1.0,36,36,387.3978806891437,3.9541023754693656,2215.7224754686767,0,19,0.0,18069,sensor_fault,7011,economic,24bfb8b9aac5b87f9f268595cf4462964bd3a01da9d8089f51ed740d780fee86,50b7b3fbf7cedf803850a0428d40ee1ccc4080b783db00698cf7730c8a755b36,b91961c474518bdbf126024a,14.828892160000123,f000d324411431a807bac72657424c44472cc457a2b2f856442e941850c00046,0.7239583333333333,0.0015128593040847202,main_nominal,19.0,1.85
0.7814942637418052,0.7981435955622793,0.4253734871406959,0.4247643884584474,0.7337367624810892,0.0005042864346949066,0.0,0.16466724510554842,0.3622093977760617,0.9646999495713566,1.0,28.463581064044376,0.014230332829046899,1.0,1.0,36,36,418.801108836447,5.3087900185004555,2140.3642207161247,0,18,0.0,15837,sensor_fault,7017,fungal,24bfb8b9aac5b87f9f268595cf4462964bd3a01da9d8089f51ed740d780fee86,fded3c51bb367e0df8af6f8249b634fefe0cc389845c26618e90a9b29d9c3139,b953dd04b933400d92db41f3,20.800447556999643,f000d324411431a807bac72657424c44472cc457a2b2f856442e941850c00046,0.6458333333333333,0.01664145234493192,main_nominal,18.0,1.8
0.7591874684820977,0.7764435199193142,0.3810277987897125,0.3787494942446977,0.773071104387292,0.0,0.0,0.19212119562808272,0.4945417560634632,0.8908219868885526,1.0,34.051429336863336,0.03224281391830559,0.9444444444444444,0.9444444444444444,36,34,383.968881235412,3.1288918333150275,2236.8170249961145,0,22,0.0,16390,sensor_fault,7006,greedy_sparse,24bfb8b9aac5b87f9f268595cf4462964bd3a01da9d8089f51ed740d780fee86,5772c05e39ffe56db9fe4d550c615751b591862ac0732ff00bde5b9c136479f3,b9a8561577f3c7d796cbc3b2,14.641626108999844,f000d324411431a807bac72657424c44472cc457a2b2f856442e941850c00046,0.6302083333333333,0.012102874432677761,main_nominal,22.0,0.7333333333333333
0.5474108043368633,0.5820410993444276,0.3194812153303076,0.31942506603364895,0.3615733736762481,0.0113464447806354,0.0,0.07818974258421706,0.3476093918422658,1.0,1.0,92.36691565809379,0.2122100353000504,0.75,0.75,36,27,477.61886059450416,10.611364160970938,1538.7299741854008,0,34,0.0,12236,storm,7012,deadline_fusion,24bfb8b9aac5b87f9f268595cf4462964bd3a01da9d8089f51ed740d780fee86,6ef10a6f8528f48913779ce02125f8ae67ac504fa24b04f7d539448adf330dc7,ba3ee53c60611aa85a32bf7c,49.94410577000008,f000d324411431a807bac72657424c44472cc457a2b2f856442e941850c00046,0.265625,0.6459909228441755,main_nominal,34.0,3.316666666666667
0.7801259622281962,0.8071394466821121,0.4901166466773018,0.4879070035411178,0.6354009077155824,0.00680786686838124,0.0,0.06473892138548298,0.2439693839260011,1.0,1.0,42.51307063049683,0.0780599119343905,1.0,1.0,36,36,2137.842408478381,43.446969593878435,952.7756431020158,0,11,0.0,15669,moving_front,7010,adaptive,24bfb8b9aac5b87f9f268595cf4462964bd3a01da9d8089f51ed740d780fee86,5c27fd92e06c33f2542baf1700cf25e04b52092d15caab1ec4dc802b1a93834e,ba575ec212bc97034dff4d82,9.691046669000116,f000d324411431a807bac72657424c44472cc457a2b2f856442e941850c00046,0.5552726081949102,0.06202723146747353,main_nominal,,
0.4994799546142209,0.5904169818456884,0.3364142082702975,0.3370906845548134,0.2617246596066566,0.05622793746848209,0.0,0.05056036515612442,0.27982521696275897,1.0,1.0,96.32946451084217,0.20828605648008067,0.6388888888888888,0.75,36,23,417.56208379298937,5.810567804964076,1968.1747184674107,0,41,0.0,9007,storm,7000,greedy_sparse,24bfb8b9aac5b87f9f268595cf4462964bd3a01da9d8089f51ed740d780fee86,5f8536aad221b558feae01abd9e48012ffd43f0d986448ef31076303591affbe,bbfebe0238f88d8e0997592c,16.960754017,f000d324411431a807bac72657424c44472cc457a2b2f856442e941850c00046,0.16145833333333331,0.6505295007564297,main_nominal,41.0,1.6
0.5231105017650025,0.5638710287443267,0.3162191124558749,0.31531179636207674,0.3101361573373676,0.010085728693898134,0.0,0.053191921138589546,0.18075702544838043,1.0,1.0,100.69363023197175,0.2376292233988906,0.7222222222222222,0.7222222222222222,36,26,406.2990776523541,4.853118705839103,1860.8646589322536,0,37,0.0,11194,storm,7002,recruitment,24bfb8b9aac5b87f9f268595cf4462964bd3a01da9d8089f51ed740d780fee86,fb367cc0d79aa8d9c98eb2a529262d3fdb12211bf1a4b9a1df875515bb387ab8,bc85885a0c05cd31ccfb5c3b,14.552214067000023,f000d324411431a807bac72657424c44472cc457a2b2f856442e941850c00046,0.23958333333333331,0.642965204236006,main_nominal,37.0,1.3
0.8204396416280803,0.8550993960674014,0.513704778942862,0.5112680258682859,0.5779122541603631,0.00907715582450832,0.0,0.10001972834896707,0.32551237066297917,1.0,1.0,29.034541906167053,0.03806370600382928,0.9166666666666666,0.9166666666666666,36,33,479.99611339923115,11.069852435883197,1513.4094722108853,0,53,0.0,13986,moving_front,7015,economic,24bfb8b9aac5b87f9f268595cf4462964bd3a01da9d8089f51ed740d780fee86,277879760b7636cf423ed8f2b038495b33a699b960bf9fcac3c05a45a91ae287,be0ea15113a2527ebc845410,19.19703097500019,f000d324411431a807bac72657424c44472cc457a2b2f856442e941850c00046,0.5765157456972339,0.06202723146747353,main_nominal,53.0,5.183333333333334
0.8192862950124395,0.846771200283156,0.4989290666637599,0.49825979957218675,0.5627836611195158,0.002017145738779627,0.0,0.08748967308421068,0.3276684844616501,1.0,1.0,28.554457019243095,0.03543090617055252,0.8888888888888888,0.8888888888888888,36,32,493.7931068312668,11.963287779971111,1529.3670676413967,0,50,0.0,13903,moving_front,7017,fungal,24bfb8b9aac5b87f9f268595cf4462964bd3a01da9d8089f51ed740d780fee86,897c3ea0ca4def7c92d6c5bc4c681216da15d36377736736da162a96b99c0650,be1fa546e553dee0f05a6b5e,18.554796113000066,f000d324411431a807bac72657424c44472cc457a2b2f856442e941850c00046,0.5864894427511345,0.06505295007564296,main_nominal,50.0,4.95
0.5153886157337367,0.5774158472012102,0.3188744957135653,0.3187650759849027,0.28895612708018154,0.02042360060514372,0.0,0.07426058144248773,0.19733375159780958,1.0,1.0,98.98149899142712,0.2298127836611195,0.6666666666666666,0.6666666666666666,36,24,363.9454909287198,1.2323271153431101,2495.0670518903917,0,0,0.0,10193,storm,7016,fixed_ring,24bfb8b9aac5b87f9f268595cf4462964bd3a01da9d8089f51ed740d780fee86,c01d3e850dcea516d0864d501fedc94fd615e60fababbc941400707247a8bedb,be8ccd18249c6ab2dbae8557,5.373910614999886,f000d324411431a807bac72657424c44472cc457a2b2f856442e941850c00046,0.22395833333333331,0.6611195158850227,main_nominal,,
0.7675554715078163,0.7779957766011093,0.4168478946041351,0.4164013092040775,0.8819969742813918,0.0,0.0,0.1699393516212712,0.3528792011277807,1.0,1.0,33.47934001512859,0.03297560514372164,0.9722222222222222,0.9722222222222222,36,35,377.1047492854962,2.6754880053421384,2222.7629814737534,0,24,0.0,18691,sensor_fault,7002,recruitment,24bfb8b9aac5b87f9f268595cf4462964bd3a01da9d8089f51ed740d780fee86,fb367cc0d79aa8d9c98eb2a529262d3fdb12211bf1a4b9a1df875515bb387ab8,bfa3a055a94c1aed24f1926b,15.408814386000358,f000d324411431a807bac72657424c44472cc457a2b2f856442e941850c00046,0.6718749999999999,0.01059001512859304,main_nominal,24.0,0.85
0.7570467450563614,0.7830676590937019,0.4337735397899716,0.43295198977490096,0.5264750378214826,0.0017650025214321732,0.0,0.09323670952224629,0.2892889720153166,1.0,1.0,41.81490793070669,0.0631516971801734,0.9444444444444444,0.9444444444444444,36,34,363.8005566142023,0.8963120061951049,2496.823771751981,0,0,0.0,13132,moving_front,7006,fixed_ring,24bfb8b9aac5b87f9f268595cf4462964bd3a01da9d8089f51ed740d780fee86,ab258b21f7221620284a3215d026dafd75f9efdf5bedb3e529bdff643d2065af,bfc6b15fbeba37505efa40c0,5.698397594000198,f000d324411431a807bac72657424c44472cc457a2b2f856442e941850c00046,0.46467238683840356,0.13313161875945537,main_nominal,,
0.4950674483106404,0.5867136283408975,0.33011850731215325,0.3294848603334184,0.2859304084720121,0.07160867372667674,0.0,0.06115299274302263,0.24028984776764853,1.0,1.0,95.79925460161371,0.20091086737266764,0.7777777777777778,0.8333333333333334,36,28,1002.4563924369385,20.285132741118478,1650.8567367595442,0,23,0.0,9626,storm,7011,adaptive,24bfb8b9aac5b87f9f268595cf4462964bd3a01da9d8089f51ed740d780fee86,50b7b3fbf7cedf803850a0428d40ee1ccc4080b783db00698cf7730c8a755b36,bfe9835ef9f6c2bc297cc808,9.57057229399993,f000d324411431a807bac72657424c44472cc457a2b2f856442e941850c00046,0.15625,0.6580937972768532,main_nominal,,
0.8269567746008366,0.8416776990114746,0.4920473986208941,0.4931438593511933,0.6656580937972768,0.0002521432173474533,0.0,0.1013116011096071,0.18552572573631454,1.0,1.0,28.205819364978304,0.03783975177943558,0.9166666666666666,0.9166666666666666,36,33,469.34951076526596,8.552552476061884,1657.428695030075,0,54,0.0,16019,moving_front,7013,greedy_sparse,24bfb8b9aac5b87f9f268595cf4462964bd3a01da9d8089f51ed740d780fee86,0aace0ec30ee371a7c2663e2411d8b6b713bd3c12b78091846cea85ee9e6f3b4,c0bef7da2fc3e85c19b811f8,16.91046486999994,f000d324411431a807bac72657424c44472cc457a2b2f856442e941850c00046,0.5667610600103484,0.06505295007564296,main_nominal,54.0,1.8
0.8290179246403244,0.8383306340788317,0.5006189687344647,0.500566901903762,0.708018154311649,0.0,0.0,0.08579566064294412,0.24724975899183835,1.0,1.0,28.62752568371377,0.037720118361458915,1.0,1.0,36,36,466.44773943204154,8.080643753611998,1595.3398722640318,0,50,0.0,16555,moving_front,7003,recruitment,24bfb8b9aac5b87f9f268595cf4462964bd3a01da9d8089f51ed740d780fee86,ddbf34503eff23fbcd394039890145ec197c5f33f339d9222c1ea54ac42702a6,c2c0112ae70a9dfddd4fa77a,16.47897226100008,f000d324411431a807bac72657424c44472cc457a2b2f856442e941850c00046,0.5704150685002052,0.06354009077155824,main_nominal,50.0,1.6666666666666667
0.7892634266263238,0.8088596822995462,0.43946986888552697,0.43896396674780586,0.8260211800302572,0.006051437216338881,0.0,0.16633787658338517,0.39696699785495737,0.9563792233988905,1.0,29.78035961926374,0.027696356530509333,0.9722222222222222,0.9722222222222222,36,35,409.6016702841407,4.763107714705808,2142.74222005498,0,16,0.0,17359,sensor_fault,7018,deadline_fusion,24bfb8b9aac5b87f9f268595cf4462964bd3a01da9d8089f51ed740d780fee86,20cbee7be12f3041b6f80dfbab6cf06c7cd24e2dceeb098a373acea1952196d8,c2f9a7b8e525e414d4366e70,72.58518192799966,f000d324411431a807bac72657424c44472cc457a2b2f856442e941850c00046,0.6927083333333333,0.01664145234493192,main_nominal,16.0,1.5833333333333333
0.7824480426013248,0.8107130619396249,0.464766269067025,0.4652553932624508,0.6399394856278366,0.00983358547655068,0.0,0.11401313788338899,0.3670783796896918,1.0,1.0,31.626756708899173,0.033424298771173054,0.8857142857142857,0.8857142857142857,35,31,363.7992463135379,0.8862535858742374,2496.356178777236,0,0,0.0,15445,moving_front,7001,fixed_ring,24bfb8b9aac5b87f9f268595cf4462964bd3a01da9d8089f51ed740d780fee86,0eaaad553c80db6664d9a551f5b55b53a649071324c5a65ea020b06da777986c,c36e6709ea2117ffadf226e2,4.956819437000149,f000d324411431a807bac72657424c44472cc457a2b2f856442e941850c00046,0.48258019116254375,0.12102874432677761,main_nominal,,
0.7940474472927249,0.8123976497420896,0.46685494231152486,0.46493911246889946,0.6066565809379728,0.00151285930408472,0.0,0.08424365284323919,0.2921293909763311,1.0,1.0,34.81519606100805,0.05193950066510289,0.9444444444444444,0.9444444444444444,36,34,502.65394901132106,12.751071604257962,1439.8077380948953,0,52,0.0,14772,moving_front,7006,deadline_fusion,24bfb8b9aac5b87f9f268595cf4462964bd3a01da9d8089f51ed740d780fee86,ab258b21f7221620284a3215d026dafd75f9efdf5bedb3e529bdff643d2065af,c3a8c9ce78c49facb4c23f68,40.063168742000016,f000d324411431a807bac72657424c44472cc457a2b2f856442e941850c00046,0.5260227651082741,0.09531013615733737,main_nominal,52.0,5.15
0.511756177508825,0.5688744957135653,0.31086106908724154,0.3109713460352605,0.3010590015128593,0.025214321734745332,0.0,0.0627200204218597,0.18951046863243443,1.0,1.0,97.14597516389307,0.21756019919314168,0.6944444444444444,0.7222222222222222,36,25,455.82445442017354,10.204534697200481,1903.8790700434224,0,41,0.0,10633,storm,7013,economic,24bfb8b9aac5b87f9f268595cf4462964bd3a01da9d8089f51ed740d780fee86,7566b3dd58ba1b4b73cead9a88da4a0d93430742ea574afa5e3d674dbfd7a1c5,c553bd24bde10d6abf777412,25.784425678999924,f000d324411431a807bac72657424c44472cc457a2b2f856442e941850c00046,0.19270833333333331,0.6384266263237519,main_nominal,41.0,4.1
0.573594301563288,0.6238495965708521,0.35128277861825513,0.3503259325027325,0.32526475037821484,0.00529500756429652,0.0,0.05436406019197698,0.3792522421654427,1.0,1.0,81.11368507312152,0.16873108925869892,0.8333333333333334,0.8611111111111112,36,30,410.94251455642836,5.211839614530943,2043.317977217447,0,16,0.0,11273,storm,7014,fungal,24bfb8b9aac5b87f9f268595cf4462964bd3a01da9d8089f51ed740d780fee86,ac5fa5d877e58450b21b5619aadcad71ab1db9e7cd210fd1cd516ef4a934c028,c5bf2e60bebdfb1d5ea97272,15.57147803099997,f000d324411431a807bac72657424c44472cc457a2b2f856442e941850c00046,0.3020833333333333,0.5627836611195158,main_nominal,16.0,1.5833333333333333
0.8158516591665472,0.8442915046521761,0.4969617359497034,0.49593375867388806,0.5582450832072617,0.0022692889561270802,0.0,0.08491136273750842,0.3286067066797674,1.0,1.0,29.906002359033767,0.039605803719536564,0.8888888888888888,0.8888888888888888,36,32,488.7761689831916,11.863152921166517,1522.9737259170704,0,56,0.0,13763,moving_front,7017,economic,24bfb8b9aac5b87f9f268595cf4462964bd3a01da9d8089f51ed740d780fee86,897c3ea0ca4def7c92d6c5bc4c681216da15d36377736736da162a96b99c0650,c641bc03e1f7f620d5c55c20,17.068297054999903,f000d324411431a807bac72657424c44472cc457a2b2f856442e941850c00046,0.5744281986986041,0.0680786686838124,main_nominal,56.0,5.55
0.7922261094301563,0.8040216843166917,0.432465015128593,0.43330017185139236,0.8184568835098336,0.0005042864346949066,0.0,0.18783330253781164,0.4903046848290183,0.9644478063540091,1.0,30.242884833585478,0.03076935199193142,0.9166666666666666,0.9166666666666666,36,33,408.8672197504983,2.346721270328875,2247.1341233655844,0,0,0.0,17069,sensor_fault,7000,static_tuned,24bfb8b9aac5b87f9f268595cf4462964bd3a01da9d8089f51ed740d780fee86,5f8536aad221b558feae01abd9e48012ffd43f0d986448ef31076303591affbe,c6f5f9d0524d829da1d81e2d,6.781004410999685,f000d324411431a807bac72657424c44472cc457a2b2f856442e941850c00046,0.6822916666666665,0.009077155824508321,main_nominal,0.0,0.0
0.8177058810354618,0.8468656338002086,0.496630236987368,0.49573902973570116,0.5627836611195158,0.0030257186081694403,0.0,0.0872459857575251,0.32762728568224964,1.0,1.0,28.88703318737317,0.03685252952711484,0.8888888888888888,0.8888888888888888,36,32,491.95950271207056,11.817357156557367,1527.7297820597278,0,50,0.0,13879,moving_front,7017,deadline_fusion,24bfb8b9aac5b87f9f268595cf4462964bd3a01da9d8089f51ed740d780fee86,897c3ea0ca4def7c92d6c5bc4c681216da15d36377736736da162a96b99c0650,c864194c01493c88138ab90d,49.49675201199989,f000d324411431a807bac72657424c44472cc457a2b2f856442e941850c00046,0.5734626064576492,0.06505295007564296,main_nominal,50.0,4.95
0.46979009077155826,0.6014088502269288,0.3435214952092788,0.34316028923026365,0.24357034795763993,0.10136157337367625,0.0,0.04621966148149617,0.3958831390158043,1.0,1.0,97.11559978567827,0.20491364094805845,0.8611111111111112,0.8611111111111112,36,31,879.5198357225009,17.8160824149329,2201.641194739455,0,20,0.0,8316,storm,7018,adaptive,24bfb8b9aac5b87f9f268595cf4462964bd3a01da9d8089f51ed740d780fee86,20cbee7be12f3041b6f80dfbab6cf06c7cd24e2dceeb098a373acea1952196d8,c93977dbb08c76113d90d17b,6.904046547999997,f000d324411431a807bac72657424c44472cc457a2b2f856442e941850c00046,0.13541666666666666,0.680786686838124,main_nominal,,
0.8487974191757537,0.8605451935000173,0.5193306079470857,0.5204648710334548,0.7685325264750378,0.0002521432173474533,0.0,0.11677872585155363,0.20516564009767682,1.0,1.0,27.163683268492093,0.04055198170168424,1.0,1.0,36,36,504.66631026335915,12.579407611073178,1571.7391286497111,0,51,0.0,17467,moving_front,7016,deadline_fusion,24bfb8b9aac5b87f9f268595cf4462964bd3a01da9d8089f51ed740d780fee86,5e29696557cda66a921641f993e950ae2ed95f14de01a827d8e1fe0231f9c807,c9983f3d4dd010b887f791ae,44.90197825700011,f000d324411431a807bac72657424c44472cc457a2b2f856442e941850c00046,0.6792393956186077,0.0226928895612708,main_nominal,51.0,5.083333333333333
0.7788861573373677,0.7905871785173979,0.4129948310640443,0.41308640249141454,0.7927382753403933,0.0,0.0,0.19001050083083196,0.40279155643812664,0.8908219868885526,1.0,29.902964258698937,0.02317353756933938,0.9166666666666666,0.9166666666666666,36,33,363.42975813978774,0.9001787596435313,2497.194215000505,0,0,0.0,16946,sensor_fault,7009,fixed_ring,24bfb8b9aac5b87f9f268595cf4462964bd3a01da9d8089f51ed740d780fee86,956a9ceb80df2feb4bb3b76f79213a7f0cb93b60e4835d44d36852e549355e78,c9b414859ef38baee5b23ad8,5.714461034000124,f000d324411431a807bac72657424c44472cc457a2b2f856442e941850c00046,0.6718749999999999,0.006051437216338881,main_nominal,,
0.7670827029752898,0.7905635400907716,0.4044928769541099,0.40343048118002073,0.773071104387292,0.0020171457387796266,0.0,0.20020765050678846,0.45909592800605253,1.0,0.9997478567826527,31.002584467977808,0.022881996974281393,0.9444444444444444,0.9444444444444444,36,34,384.7536588292167,3.729889932311552,2131.81664535447,0,33,0.0,16426,sensor_fault,7019,recruitment,24bfb8b9aac5b87f9f268595cf4462964bd3a01da9d8089f51ed740d780fee86,12c2676d5d2da4bfdacb5c9a6312d12b90a39b080a71ade938e7b16bbaabf086,ca410b42003b28909bb23ca5,23.937825779999912,f000d324411431a807bac72657424c44472cc457a2b2f856442e941850c00046,0.65625,0.0226928895612708,main_nominal,33.0,1.1
0.4312515758951084,0.5788499117498739,0.3316550050428643,0.3309522502115392,0.22995461422087746,0.18633383761976802,0.0020171457387796266,0.07754634653174884,0.3274238431327452,1.0,1.0,106.2205307614725,0.22848115229450328,0.75,0.75,36,27,363.94506096635774,1.230402819467935,2494.0170030358872,0,0,0.0,7729,storm,7017,fixed_ring,24bfb8b9aac5b87f9f268595cf4462964bd3a01da9d8089f51ed740d780fee86,fded3c51bb367e0df8af6f8249b634fefe0cc389845c26618e90a9b29d9c3139,cbb3439831d4a71051a3ed39,5.097278253000013,f000d324411431a807bac72657424c44472cc457a2b2f856442e941850c00046,0.06770833333333333,0.6686838124054463,main_nominal,,
0.8419850028282252,0.855565230710332,0.525541767302428,0.5238663837674749,0.6611195158850227,0.0,0.0,0.10705148901250498,0.32308565945532053,1.0,1.0,26.46641167050801,0.03110832906650198,1.0,1.0,36,36,502.10370879795653,12.496065308690701,1460.4716067657089,0,49,0.0,16132,moving_front,7008,deadline_fusion,24bfb8b9aac5b87f9f268595cf4462964bd3a01da9d8089f51ed740d780fee86,a9dc4e7a83ea86ea436568b7b9e6ff3f12c69e20d2897f78617ebd8a5771ceb1,cbea30254cd6bf5e056677da,49.065998132000004,f000d324411431a807bac72657424c44472cc457a2b2f856442e941850c00046,0.5989082891300037,0.04084720121028744,main_nominal,49.0,4.883333333333334
0.8157824185524728,0.8217377740823346,0.46729789735766386,0.4677970453182032,0.8472012102874432,0.0,0.0,0.09098565579674153,0.3479277478525992,1.0,1.0,28.39251715286998,0.02932857063959403,0.9722222222222222,0.9722222222222222,36,35,409.3126084784473,2.3305787076297855,2245.878242437496,0,0,0.0,18679,moving_front,7012,static_tuned,24bfb8b9aac5b87f9f268595cf4462964bd3a01da9d8089f51ed740d780fee86,760400fc1b0b776e9c52ee32311a1069b16aa52520e6f2d9a36a2dd8b57f7ebd,cc3af6b6c0b8f31bde9036b2,6.287785514999996,f000d324411431a807bac72657424c44472cc457a2b2f856442e941850c00046,0.5721189717856905,0.05446293494704992,main_nominal,0.0,0.0
0.5710649899142712,0.6188224911749873,0.34690966969238524,0.3462633900391446,0.34493192133131617,0.004034291477559253,0.0,0.05162087010323037,0.3790464234613589,1.0,1.0,81.38958490922843,0.16782494957135652,0.8055555555555556,0.8333333333333334,36,29,409.23514919633925,2.693906600534603,2244.7956226991864,0,0,0.0,11615,storm,7014,static_tuned,24bfb8b9aac5b87f9f268595cf4462964bd3a01da9d8089f51ed740d780fee86,ac5fa5d877e58450b21b5619aadcad71ab1db9e7cd210fd1cd516ef4a934c028,cc530e8683436a19a3a62b90,5.835218801999872,f000d324411431a807bac72657424c44472cc457a2b2f856442e941850c00046,0.3020833333333333,0.5779122541603631,main_nominal,0.0,0.0
0.7763095688350984,0.7958349092284416,0.4174388552697933,0.4180205205155966,0.7428139183055976,0.0005042864346949066,0.0,0.1779763207614683,0.39458732750291403,0.9626828038325768,1.0,29.710311081694403,0.021053958648512353,0.9444444444444444,0.9444444444444444,36,34,388.56070575688886,4.43644056391667,2175.792235362492,0,24,0.0,15922,sensor_fault,7007,economic,24bfb8b9aac5b87f9f268595cf4462964bd3a01da9d8089f51ed740d780fee86,b9aa9c192ff362205c201c037cc4f3c7c2aba8b7e0c4fd0ef068255fea54f756,cc6f33f31d4aa6ada184c516,14.177441138999711,f000d324411431a807bac72657424c44472cc457a2b2f856442e941850c00046,0.6666666666666666,0.018154311649016642,main_nominal,24.0,2.3666666666666667
0.529579551185073,0.5708207261724658,0.30943488401412,0.3096445069586242,0.34190620272314676,0.0057992939989914265,0.0,0.07060402356133111,0.19826238114237033,1.0,1.0,96.6746643343419,0.22311522945032777,0.6944444444444444,0.7222222222222222,36,25,407.7201409862672,7.239967591505863,1679.7878899220875,0,35,0.0,11912,storm,7016,economic,24bfb8b9aac5b87f9f268595cf4462964bd3a01da9d8089f51ed740d780fee86,c01d3e850dcea516d0864d501fedc94fd615e60fababbc941400707247a8bedb,cc7c4f1a173e769b377bfea5,15.019303909999962,f000d324411431a807bac72657424c44472cc457a2b2f856442e941850c00046,0.2552083333333333,0.6565809379727685,main_nominal,35.0,3.4833333333333334
0.7999743221581661,0.8123573400160693,0.47548159100799803,0.4751142288704948,0.7609682299546142,0.0,0.0,0.10425437806807852,0.3292668427800344,1.0,1.0,35.64369327349682,0.054949663058207004,0.8611111111111112,0.8611111111111112,36,31,409.2128977458194,2.3210097425473077,2245.124135438166,0,0,0.0,17172,moving_front,7008,static_tuned,24bfb8b9aac5b87f9f268595cf4462964bd3a01da9d8089f51ed740d780fee86,a9dc4e7a83ea86ea436568b7b9e6ff3f12c69e20d2897f78617ebd8a5771ceb1,ccb0a69a412e9ff1a0768f5b,5.739586947000134,f000d324411431a807bac72657424c44472cc457a2b2f856442e941850c00046,0.4892960621911206,0.11497730711043873,main_nominal,0.0,0.0
0.796071293494705,0.8065115985879979,0.4181322491174987,0.41848417668109644,0.8366111951588502,0.0,0.0,0.1847338675733305,0.439978806866817,0.9500756429652042,1.0,25.689414712556733,0.014616427130610187,0.9722222222222222,0.9722222222222222,36,35,374.0733336218843,2.1953278557821294,2437.2937667830884,0,22,0.0,17391,sensor_fault,7003,adaptive,24bfb8b9aac5b87f9f268595cf4462964bd3a01da9d8089f51ed740d780fee86,7bba1255199adfdb1a1ba0c529b8275f13780540abed81a608a55c16f4b1390f,cd387ae646942b9017125889,8.024396601000262,f000d324411431a807bac72657424c44472cc457a2b2f856442e941850c00046,0.6822916666666665,0.0,main_nominal,,
0.8081861679430636,0.8188398132071488,0.4644707659772173,0.46433762071005313,0.7110438729198184,0.0,0.0,0.09571266634581996,0.3473443576396371,1.0,1.0,30.559485748834245,0.03370895284307778,0.9722222222222222,0.9722222222222222,36,35,363.79685155755425,0.8842052119540936,2495.8782363401533,0,0,0.0,16687,moving_front,7012,fixed_ring,24bfb8b9aac5b87f9f268595cf4462964bd3a01da9d8089f51ed740d780fee86,760400fc1b0b776e9c52ee32311a1069b16aa52520e6f2d9a36a2dd8b57f7ebd,cdb40e8752b476c78310f426,6.16429848000007,f000d324411431a807bac72657424c44472cc457a2b2f856442e941850c00046,0.5779602951895941,0.0529500756429652,main_nominal,,
0.4585224407463438,0.5987298285426121,0.3436160489157841,0.34340437305667765,0.24357034795763993,0.10514372163388805,0.0,0.046050078441914125,0.3954582896512959,1.0,1.0,99.44292107917296,0.21646495209278868,0.8333333333333334,0.8333333333333334,36,30,363.9350346218992,1.2312379634845514,2493.9316318934552,0,0,0.0,8228,storm,7018,fixed_ring,24bfb8b9aac5b87f9f268595cf4462964bd3a01da9d8089f51ed740d780fee86,20cbee7be12f3041b6f80dfbab6cf06c7cd24e2dceeb098a373acea1952196d8,ce5d24bc7359674fb7960ea6,5.313381220999872,f000d324411431a807bac72657424c44472cc457a2b2f856442e941850c00046,0.13541666666666666,0.680786686838124,main_nominal,,
0.8833117169477357,0.8907763283375341,0.5634708237328346,0.5647122272384791,0.7397881996974282,0.0,0.0,0.1506671210743136,0.3920711104649795,1.0,1.0,22.059638133553623,0.03375850417684891,1.0,1.0,36,36,501.98342673855507,12.39217186464136,1529.4728437359367,0,55,0.0,17343,moving_front,7014,economic,24bfb8b9aac5b87f9f268595cf4462964bd3a01da9d8089f51ed740d780fee86,358f3d3ac5e4c7943da7c4ded7230c7e4afe2570f3a3d3555871e5543b789f00,ce92bb0f71e53ed857165d7e,16.323939910000036,f000d324411431a807bac72657424c44472cc457a2b2f856442e941850c00046,0.7129983542066662,0.006051437216338881,main_nominal,55.0,5.4
0.7661844427634896,0.788633068582955,0.4035709783156832,0.40270243133431516,0.7821482602118003,0.0020171457387796266,0.0,0.19992039764529726,0.45901862682177885,1.0,0.9997478567826527,31.517271810388298,0.02473367372667675,0.9444444444444444,0.9444444444444444,36,34,390.0531778008705,3.861999877105194,2125.173753811591,0,32,0.0,16535,sensor_fault,7019,greedy_sparse,24bfb8b9aac5b87f9f268595cf4462964bd3a01da9d8089f51ed740d780fee86,12c2676d5d2da4bfdacb5c9a6312d12b90a39b080a71ade938e7b16bbaabf086,ced402970edb18ffb163745d,19.376772674999756,f000d324411431a807bac72657424c44472cc457a2b2f856442e941850c00046,0.6614583333333333,0.02118003025718608,main_nominal,32.0,1.1
0.8445112429999131,0.853897505067171,0.5102145046602957,0.5095438819880348,0.7337367624810892,0.0,0.0,0.0969741290221761,0.24382780167334595,1.0,1.0,26.057020296555706,0.03429303077948943,1.0,1.0,36,36,498.7324738108953,11.521372750192997,1542.984109542651,0,48,0.0,17017,moving_front,7003,fungal,24bfb8b9aac5b87f9f268595cf4462964bd3a01da9d8089f51ed740d780fee86,ddbf34503eff23fbcd394039890145ec197c5f33f339d9222c1ea54ac42702a6,cedbe0c1bb7d3fca8ac6876f,17.183867767000038,f000d324411431a807bac72657424c44472cc457a2b2f856442e941850c00046,0.6220404565770862,0.046898638426626324,main_nominal,48.0,4.8
0.5201320600100857,0.577762544125063,0.3195206127080182,0.31955666823572426,0.291981845688351,0.015632879475542105,0.0,0.0732848050771289,0.1979089260890199,1.0,1.0,96.77764907967725,0.21729229702471,0.7222222222222222,0.7222222222222222,36,26,952.4517986880833,18.53269619165713,1932.1259035549185,0,21,0.0,10401,storm,7016,adaptive,24bfb8b9aac5b87f9f268595cf4462964bd3a01da9d8089f51ed740d780fee86,c01d3e850dcea516d0864d501fedc94fd615e60fababbc941400707247a8bedb,ceddc74615e7bf6626a49479,7.8611572769998475,f000d324411431a807bac72657424c44472cc457a2b2f856442e941850c00046,0.23958333333333331,0.670196671709531,main_nominal,,
0.49197081442259194,0.5613023197175996,0.30094080937972767,0.30116679061861085,0.2556732223903177,0.03202218860312657,0.0,0.07525583341163049,0.23679283743031157,1.0,1.0,101.45069024205746,0.22848115229450328,0.8055555555555556,0.8055555555555556,36,29,410.68395667016847,5.067281875207119,1929.7711749414584,0,37,0.0,9379,storm,7019,recruitment,24bfb8b9aac5b87f9f268595cf4462964bd3a01da9d8089f51ed740d780fee86,12c2676d5d2da4bfdacb5c9a6312d12b90a39b080a71ade938e7b16bbaabf086,cf4b60c93742a21a689c7154,14.346170444000109,f000d324411431a807bac72657424c44472cc457a2b2f856442e941850c00046,0.18229166666666663,0.6641452344931922,main_nominal,37.0,1.45
0.5015758951084215,0.5674246722138174,0.30243003025718607,0.30206818463769886,0.2692889561270802,0.0264750378214826,0.0,0.06771419354285921,0.23748230512316207,1.0,1.0,98.52681385526978,0.21784386031265757,0.75,0.75,36,27,478.27041315022615,9.18101443830159,1660.524011208745,0,29,0.0,9769,storm,7019,deadline_fusion,24bfb8b9aac5b87f9f268595cf4462964bd3a01da9d8089f51ed740d780fee86,12c2676d5d2da4bfdacb5c9a6312d12b90a39b080a71ade938e7b16bbaabf086,d0ce593220b833d36c6a2230,38.60773375200006,f000d324411431a807bac72657424c44472cc457a2b2f856442e941850c00046,0.21354166666666669,0.6626323751891074,main_nominal,29.0,2.8333333333333335
0.532999243570348,0.5954204488149268,0.32993727937468476,0.330127276246649,0.3161875945537065,0.03479576399394856,0.0,0.05121550639659054,0.24013023987718696,1.0,1.0,93.77442637418052,0.21097295763993945,0.8055555555555556,0.8055555555555556,36,29,460.163639421953,9.076653558941292,1917.7781100615389,0,25,0.0,10832,storm,7011,fungal,24bfb8b9aac5b87f9f268595cf4462964bd3a01da9d8089f51ed740d780fee86,50b7b3fbf7cedf803850a0428d40ee1ccc4080b783db00698cf7730c8a755b36,d2be0b67ce78ac7aded029f2,16.269354120000116,f000d324411431a807bac72657424c44472cc457a2b2f856442e941850c00046,0.234375,0.649016641452345,main_nominal,25.0,2.5
0.4907810136157337,0.5923001765002521,0.32983484619263737,0.3287313702333064,0.2692889561270802,0.06127080181543117,0.0,0.05724776576612746,0.24905485637714248,1.0,1.0,99.41183654815934,0.22786655320221885,0.7222222222222222,0.75,36,26,363.9318654610336,1.219353262885735,2494.0857128132006,0,0,0.0,9145,storm,7004,fixed_ring,24bfb8b9aac5b87f9f268595cf4462964bd3a01da9d8089f51ed740d780fee86,1ffbd60f44c9f81edacbd6236060262a241240e41dabbe8776c51fac2266503a,d3124abdee5ffa87d11553bc,5.296538949000023,f000d324411431a807bac72657424c44472cc457a2b2f856442e941850c00046,0.16145833333333334,0.6580937972768532,main_nominal,,
0.8119641956631366,0.8299136409480583,0.44474123802319726,0.4449253783777812,0.6263237518910741,0.0002521432173474533,0.0,0.20628995738355752,0.41879770635159586,0.8908219868885526,1.0,24.809868255168936,0.015617120524457889,0.9722222222222222,0.9722222222222222,36,35,363.43993596201733,0.9208168968585132,2496.7146585008295,0,0,0.0,14705,sensor_fault,7005,fixed_ring,24bfb8b9aac5b87f9f268595cf4462964bd3a01da9d8089f51ed740d780fee86,e5eb0adce92def657b42daaff1168729498af6b7f7eacaec91555308393fbb04,d34686cbf3c9c91318a670b5,4.843977472999995,f000d324411431a807bac72657424c44472cc457a2b2f856442e941850c00046,0.7135416666666665,0.0030257186081694403,main_nominal,,
0.7701635779122542,0.7930534543620775,0.4027121154815935,0.40221348486717257,0.7745839636913767,0.00151285930408472,0.0,0.18301871923741336,0.4608971485638529,1.0,0.9997478567826527,30.3267224533535,0.020376323751891075,0.9444444444444444,0.9444444444444444,36,34,410.85929036342594,4.955725891036162,2121.49769765634,0,15,0.0,16701,sensor_fault,7019,deadline_fusion,24bfb8b9aac5b87f9f268595cf4462964bd3a01da9d8089f51ed740d780fee86,12c2676d5d2da4bfdacb5c9a6312d12b90a39b080a71ade938e7b16bbaabf086,d35c3824b64526352eb7899a,41.67156048999959,f000d324411431a807bac72657424c44472cc457a2b2f856442e941850c00046,0.6614583333333333,0.02118003025718608,main_nominal,15.0,1.5
0.7613070474029248,0.7871832450832073,0.42695726172465953,0.42711219404969936,0.49016641452344933,0.0005042864346949066,0.0,0.16822590628372916,0.3629171951835721,0.9548663640948057,1.0,31.649016641452345,0.018390695915279875,0.9722222222222222,0.9722222222222222,36,35,363.4349810001071,0.9044878449741813,2495.799618313338,0,0,0.0,13068,sensor_fault,7017,fixed_ring,24bfb8b9aac5b87f9f268595cf4462964bd3a01da9d8089f51ed740d780fee86,fded3c51bb367e0df8af6f8249b634fefe0cc389845c26618e90a9b29d9c3139,d44876a7048b3a08f94fc55f,6.298999004000052,f000d324411431a807bac72657424c44472cc457a2b2f856442e941850c00046,0.609375,0.030257186081694403,main_nominal,,
0.8187704570098933,0.8375300905702725,0.5093425754652285,0.5103242020900742,0.583963691376702,0.0015128593040847202,0.0,0.06432579834348019,0.22986356420256915,1.0,1.0,35.730957448803096,0.06458684423122672,0.9722222222222222,0.9722222222222222,36,35,1885.0892496456377,36.918352483756635,1052.2919613153808,0,3,0.0,15008,moving_front,7007,adaptive,24bfb8b9aac5b87f9f268595cf4462964bd3a01da9d8089f51ed740d780fee86,4359898ad5beb32bbf1d8eff13ccc594cdb32a36c3aec06531a94f326fed618b,d4b41b83a18726d817790bd6,8.917531955999948,f000d324411431a807bac72657424c44472cc457a2b2f856442e941850c00046,0.6167302719108272,0.030257186081694403,main_nominal,,
0.7593608169440241,0.7766326273323247,0.3842426248108925,0.3820681601933726,0.773071104387292,0.0,0.0,0.19247856678470607,0.4944605733647182,0.8908219868885526,1.0,34.12041414523449,0.03263678769541099,0.9444444444444444,0.9444444444444444,36,34,379.44840948446904,2.930461978620207,2240.1540768678265,0,23,0.0,16283,sensor_fault,7006,recruitment,24bfb8b9aac5b87f9f268595cf4462964bd3a01da9d8089f51ed740d780fee86,5772c05e39ffe56db9fe4d550c615751b591862ac0732ff00bde5b9c136479f3,d5767fb9b0940f5477e64cf1,14.087742872000035,f000d324411431a807bac72657424c44472cc457a2b2f856442e941850c00046,0.6302083333333333,0.01361573373676248,main_nominal,23.0,0.7833333333333333
0.48739283913262726,0.5817495587493695,0.32045039082198684,0.3207694576713151,0.2692889561270802,0.08396369137670197,0.0002521432173474533,0.034870864754674546,0.2277390459959499,1.0,1.0,97.17465645486635,0.2083254538577912,0.7777777777777778,0.8333333333333334,36,28,412.3877627599785,5.087893970225342,2002.8977549578449,0,38,0.0,9137,storm,7007,recruitment,24bfb8b9aac5b87f9f268595cf4462964bd3a01da9d8089f51ed740d780fee86,b9aa9c192ff362205c201c037cc4f3c7c2aba8b7e0c4fd0ef068255fea54f756,d614c575c7eff41cbff31da6,14.043595782000011,f000d324411431a807bac72657424c44472cc457a2b2f856442e941850c00046,0.13020833333333331,0.6717095310136157,main_nominal,38.0,1.3666666666666667
0.7652365537552951,0.80678682784664,0.4708251133894934,0.4695227519665487,0.47806354009077157,0.007816439737771052,0.0,0.09290038842700124,0.32965675177361337,1.0,1.0,36.52383128374239,0.04473042034217242,0.9444444444444444,0.9444444444444444,36,34,363.80302461570096,0.8993043887827371,2495.0845927483397,0,0,0.0,12434,moving_front,7017,fixed_ring,24bfb8b9aac5b87f9f268595cf4462964bd3a01da9d8089f51ed740d780fee86,897c3ea0ca4def7c92d6c5bc4c681216da15d36377736736da162a96b99c0650,d6201c29ef47400a9614089c,5.855119337999895,f000d324411431a807bac72657424c44472cc457a2b2f856442e941850c00046,0.46658012369441804,0.13010590015128592,main_nominal,,
0.7832750252143217,0.7925885653050933,0.41386157337367624,0.4127009358291452,0.9273827534039334,0.0,0.0,0.1593790010150578,0.4018311499306129,1.0,1.0,30.60904406202723,0.026924167927382753,1.0,1.0,36,36,378.8665731966444,2.880555817496549,2194.312829909539,0,21,0.0,19289,sensor_fault,7016,recruitment,24bfb8b9aac5b87f9f268595cf4462964bd3a01da9d8089f51ed740d780fee86,c01d3e850dcea516d0864d501fedc94fd615e60fababbc941400707247a8bedb,d7778c19025a33fba67c894e,37.94354350000003,f000d324411431a807bac72657424c44472cc457a2b2f856442e941850c00046,0.6927083333333333,0.0015128593040847202,main_nominal,21.0,0.7
0.8088047462050545,0.8351263195726079,0.4950757463157886,0.49432768957507023,0.5975794251134644,0.006051437216338881,0.0,0.10526454084677202,0.23511702565449638,1.0,1.0,31.12680946715059,0.040134737543055424,1.0,1.0,36,36,464.09721984168436,7.928751022197942,1574.7868647748692,0,48,0.0,14509,moving_front,7019,greedy_sparse,24bfb8b9aac5b87f9f268595cf4462964bd3a01da9d8089f51ed740d780fee86,7fc013544a2434726446cf0cb1c220e784a923ebb4fc53407d1bf1d9ae765b5f,d7f5d4edbd3f6e53fdc43da8,18.16515097499996,f000d324411431a807bac72657424c44472cc457a2b2f856442e941850c00046,0.5336599084270259,0.08925869894099848,main_nominal,48.0,1.6
0.7556338250126071,0.7831568330811901,0.4200706001008572,0.4207443222982397,0.5385779122541604,0.0020171457387796266,0.0,0.1767409576299533,0.395181546543728,0.953857791225416,1.0,33.33116647755925,0.027247226424609174,0.9444444444444444,0.9444444444444444,36,34,363.4278124919241,0.8909579291080255,2496.656888371053,0,0,0.0,13438,sensor_fault,7007,fixed_ring,24bfb8b9aac5b87f9f268595cf4462964bd3a01da9d8089f51ed740d780fee86,b9aa9c192ff362205c201c037cc4f3c7c2aba8b7e0c4fd0ef068255fea54f756,d83ab7d5c8acdd750f87c4c6,5.658376087999841,f000d324411431a807bac72657424c44472cc457a2b2f856442e941850c00046,0.6354166666666665,0.0226928895612708,main_nominal,,
0.4765112834089762,0.5742010211800301,0.324405887544125,0.3241347799435647,0.2405446293494705,0.07362581946545636,0.0,0.07254031595019025,0.3280971586198847,1.0,1.0,100.48553328290468,0.21903366111951583,0.7222222222222222,0.7222222222222222,36,26,424.9365017093285,6.138610546858928,1903.192734967772,0,41,0.0,8648,storm,7017,greedy_sparse,24bfb8b9aac5b87f9f268595cf4462964bd3a01da9d8089f51ed740d780fee86,fded3c51bb367e0df8af6f8249b634fefe0cc389845c26618e90a9b29d9c3139,da17b6abc61248ae2583c016,15.03367022700013,f000d324411431a807bac72657424c44472cc457a2b2f856442e941850c00046,0.13020833333333331,0.6611195158850227,main_nominal,41.0,1.5833333333333333
0.5402483610690871,0.5815683308119011,0.3144541099344427,0.3154641415240127,0.3388804841149773,0.005547150781643973,0.0,0.07208449851332295,0.19791083574127782,1.0,1.0,94.17360060514372,0.2154957766011094,0.7777777777777778,0.7777777777777778,36,28,420.30496709418435,6.593889132296777,1876.6582836938262,0,18,0.0,11919,storm,7016,fungal,24bfb8b9aac5b87f9f268595cf4462964bd3a01da9d8089f51ed740d780fee86,c01d3e850dcea516d0864d501fedc94fd615e60fababbc941400707247a8bedb,da36ccbe0615e0d2051e922c,15.2331625180002,f000d324411431a807bac72657424c44472cc457a2b2f856442e941850c00046,0.27604166666666663,0.6580937972768532,main_nominal,18.0,1.7666666666666666
0.5172718103883005,0.5933481467473524,0.33475951840645485,0.33537657220749395,0.2632375189107413,0.03530005042864347,0.0,0.05210901121645128,0.28121718330937595,1.0,1.0,93.41768311901158,0.20244736510337868,0.7222222222222222,0.7777777777777778,36,26,450.02231500117114,9.17682740547078,1586.9389205323087,0,30,0.0,9484,storm,7000,deadline_fusion,24bfb8b9aac5b87f9f268595cf4462964bd3a01da9d8089f51ed740d780fee86,5f8536aad221b558feae01abd9e48012ffd43f0d986448ef31076303591affbe,da4485b7526ad0de2b88162d,47.06750704499996,f000d324411431a807bac72657424c44472cc457a2b2f856442e941850c00046,0.20312499999999997,0.6459909228441755,main_nominal,30.0,2.933333333333333
0.8007595814422591,0.8065115985879979,0.42800523197175994,0.4270561075509509,0.9167927382753404,0.0,0.0,0.1795355372931862,0.5662590628858538,0.9606656580937972,0.9677256681795261,28.422962367624812,0.025348272818961168,0.9166666666666666,0.9166666666666666,36,33,382.10392232240275,3.315465819703695,2183.946007169675,0,27,0.0,19453,sensor_fault,7012,recruitment,24bfb8b9aac5b87f9f268595cf4462964bd3a01da9d8089f51ed740d780fee86,6ef10a6f8528f48913779ce02125f8ae67ac504fa24b04f7d539448adf330dc7,da772b90dda9d5979d0674ad,38.40327327399973,f000d324411431a807bac72657424c44472cc457a2b2f856442e941850c00046,0.7187499999999999,0.0,main_nominal,27.0,0.9166666666666666
0.8474900778371935,0.857518636646414,0.528057094606191,0.5274379156726746,0.6959152798789713,0.0,0.0,0.0617400625281997,0.2475935863322932,1.0,1.0,28.151806605478683,0.0445981985862624,0.9722222222222222,0.9722222222222222,36,35,508.26907292517063,12.40246201709059,1500.5067653329204,0,53,0.0,16481,moving_front,7004,economic,24bfb8b9aac5b87f9f268595cf4462964bd3a01da9d8089f51ed740d780fee86,33909bb95a53710954872d70bc5591af92a450651324e9fef7a21e0a1cd4da1e,dace73035f22a521c7c8fae9,14.766309266999997,f000d324411431a807bac72657424c44472cc457a2b2f856442e941850c00046,0.6140427022173569,0.0226928895612708,main_nominal,53.0,5.25
0.8527998585734484,0.8650202639956129,0.538554515078588,0.5374304026794203,0.680786686838124,0.0,0.0,0.09637482683108833,0.2407378159005882,1.0,1.0,25.68851977716542,0.0356788021459618,0.9444444444444444,0.9444444444444444,36,34,508.0094639764945,12.637376841498414,1433.5889859280082,0,51,0.0,16197,moving_front,7011,deadline_fusion,24bfb8b9aac5b87f9f268595cf4462964bd3a01da9d8089f51ed740d780fee86,a045df01d14234cb96176801d87713dde0c5b1030233001228c3094e00dd4a73,db58f06b3f91a02220475d05,43.91115758299998,f000d324411431a807bac72657424c44472cc457a2b2f856442e941850c00046,0.6698733033471929,0.03177004538577912,main_nominal,51.0,5.016666666666667
0.5117325390821986,0.5589227181038829,0.3027136913767019,0.3031241179078316,0.3177004538577912,0.018406454866364094,0.0,0.058395238699722726,0.19137826289941892,1.0,1.0,98.69539523449318,0.22101928895612705,0.7222222222222222,0.7222222222222222,36,26,409.22562384427613,2.6919814426629145,2245.0086844403254,0,0,0.0,11086,storm,7013,static_tuned,24bfb8b9aac5b87f9f268595cf4462964bd3a01da9d8089f51ed740d780fee86,7566b3dd58ba1b4b73cead9a88da4a0d93430742ea574afa5e3d674dbfd7a1c5,dc99b59615c15dfa39f41f9f,6.307812242999944,f000d324411431a807bac72657424c44472cc457a2b2f856442e941850c00046,0.19270833333333331,0.6354009077155824,main_nominal,0.0,0.0
0.5091874684820977,0.5799136409480584,0.3262496848209783,0.3274945267331961,0.2692889561270802,0.029248613212304587,0.0,0.03842513762360974,0.27620796373737977,1.0,1.0,96.45762418053454,0.20827029752899645,0.6388888888888888,0.6666666666666666,36,23,409.2353679948887,2.6852744775399424,2244.755268931294,0,0,0.0,9584,storm,7000,static_tuned,24bfb8b9aac5b87f9f268595cf4462964bd3a01da9d8089f51ed740d780fee86,5f8536aad221b558feae01abd9e48012ffd43f0d986448ef31076303591affbe,dc9eadcc3513fa29c8945d45,6.514521062999961,f000d324411431a807bac72657424c44472cc457a2b2f856442e941850c00046,0.19791666666666666,0.6459909228441755,main_nominal,0.0,0.0
0.8326664948341866,0.8544463020818616,0.5174474771188656,0.5177489343177347,0.5658093797276853,0.004790721129601613,0.0,0.11102128111436774,0.3126402831092042,1.0,1.0,26.700926121307262,0.027223994885752487,0.9166666666666666,0.9166666666666666,36,33,363.81338649239086,0.921727273221914,2496.2168253026653,0,0,0.0,14112,moving_front,7005,fixed_ring,24bfb8b9aac5b87f9f268595cf4462964bd3a01da9d8089f51ed740d780fee86,3112fe2c83524b2f2e2f68f6ce520bfc1f93a616346ad692daac26f7b11e5a4b,dcaf6ebc11bc4314b7ce1359,5.7410016470000755,f000d324411431a807bac72657424c44472cc457a2b2f856442e941850c00046,0.5949086886283415,0.04236006051437216,main_nominal,,
0.8537446223037847,0.8651089201601438,0.5385555910523792,0.5379444568774273,0.6898638426626323,0.0,0.0,0.09247220812947562,0.23951940536488336,1.0,1.0,25.74212314971231,0.035864318332945004,0.9444444444444444,0.9444444444444444,36,34,508.1471706643031,12.741832213750907,1423.896074503984,0,51,0.0,16278,moving_front,7011,fungal,24bfb8b9aac5b87f9f268595cf4462964bd3a01da9d8089f51ed740d780fee86,a045df01d14234cb96176801d87713dde0c5b1030233001228c3094e00dd4a73,dd5450d497c52124639fe59f,15.968348948000084,f000d324411431a807bac72657424c44472cc457a2b2f856442e941850c00046,0.6685463852068348,0.030257186081694403,main_nominal,51.0,5.066666666666666
0.7801941502773574,0.799798285426122,0.4281155446293495,0.4277736015603539,0.6777609682299546,0.0005042864346949066,0.0,0.16515166781880025,0.36243643992431124,0.9619263741805344,1.0,28.139774016641454,0.013347831568330814,1.0,1.0,36,36,382.4474170161537,3.1474834894354253,2232.225437988068,0,24,0.0,15308,sensor_fault,7017,recruitment,24bfb8b9aac5b87f9f268595cf4462964bd3a01da9d8089f51ed740d780fee86,fded3c51bb367e0df8af6f8249b634fefe0cc389845c26618e90a9b29d9c3139,de1a09a4eeb8bf309f527b55,17.336488761000055,f000d324411431a807bac72657424c44472cc457a2b2f856442e941850c00046,0.6302083333333333,0.018154311649016642,main_nominal,24.0,0.8
0.8130358043368633,0.8238228063540091,0.45012291981845687,0.4492776956209065,0.8638426626323752,0.0,0.0,0.1821576497791306,0.33447950592822506,0.959909228441755,1.0,25.138363590519415,0.016649331820474025,1.0,1.0,36,36,389.5185123351173,3.244413052784605,2188.249028025987,0,21,0.0,18005,sensor_fault,7011,recruitment,24bfb8b9aac5b87f9f268595cf4462964bd3a01da9d8089f51ed740d780fee86,50b7b3fbf7cedf803850a0428d40ee1ccc4080b783db00698cf7730c8a755b36,de27794a95f08724d55aeb09,41.03655702800006,f000d324411431a807bac72657424c44472cc457a2b2f856442e941850c00046,0.7239583333333333,0.0015128593040847202,main_nominal,21.0,0.7
0.7918163767019667,0.8112235249621785,0.4395092662632375,0.4389393091739227,0.8245083207261724,0.005799293998991427,0.0,0.16541820754519818,0.3965683003026742,0.9583963691376702,1.0,28.982917297024713,0.02483610690872416,0.9722222222222222,0.9722222222222222,36,35,397.1244536565784,5.131259861406047,2175.1516630633487,0,30,0.0,17321,sensor_fault,7018,economic,24bfb8b9aac5b87f9f268595cf4462964bd3a01da9d8089f51ed740d780fee86,20cbee7be12f3041b6f80dfbab6cf06c7cd24e2dceeb098a373acea1952196d8,de3b9a1c412c286974549c09,17.67517355400014,f000d324411431a807bac72657424c44472cc457a2b2f856442e941850c00046,0.6874999999999999,0.015128593040847202,main_nominal,30.0,2.9166666666666665
0.8252751255899634,0.8337016008605648,0.5076428684376958,0.5083650887021183,0.8366111951588502,0.0,0.0,0.06915623010693416,0.348828383745892,1.0,1.0,34.239779808886006,0.06514448922193952,0.9444444444444444,0.9444444444444444,36,34,1934.347665694524,38.49875471899563,1045.2139886427917,0,8,0.0,18421,moving_front,7012,adaptive,24bfb8b9aac5b87f9f268595cf4462964bd3a01da9d8089f51ed740d780fee86,760400fc1b0b776e9c52ee32311a1069b16aa52520e6f2d9a36a2dd8b57f7ebd,de82b986e51aa6b05d3db728,9.889806358999977,f000d324411431a807bac72657424c44472cc457a2b2f856442e941850c00046,0.6468927029949075,0.03479576399394856,main_nominal,,
0.8385369272006102,0.859165157543764,0.5356235841677035,0.5360199139450471,0.6732223903177005,0.005042864346949067,0.0,0.08466463616233723,0.4009174802728864,1.0,1.0,26.83934613144872,0.03872383364180941,0.9722222222222222,0.9722222222222222,36,35,487.2517254312093,11.302263582430431,1456.401397222568,0,49,0.0,15964,moving_front,7018,economic,24bfb8b9aac5b87f9f268595cf4462964bd3a01da9d8089f51ed740d780fee86,43e354cb1fa0a5fed03587ccc8ef089b630912d128abf8941ac224ef282c99e3,df2698a7591eccce23c9d129,18.00670263500001,f000d324411431a807bac72657424c44472cc457a2b2f856442e941850c00046,0.5732479174762646,0.06202723146747353,main_nominal,49.0,4.85
0.7562563035804336,0.7820931038830055,0.4110486006051437,0.4098923108313788,0.6338880484114977,0.0022692889561270802,0.0,0.2064854738210991,0.45886930305992163,0.9997478567826527,0.9992435703479576,33.42713848966213,0.026490796772566813,0.9444444444444444,0.9444444444444444,36,34,363.4283889819212,0.8969304467682054,2496.934566449235,0,0,0.0,14373,sensor_fault,7019,fixed_ring,24bfb8b9aac5b87f9f268595cf4462964bd3a01da9d8089f51ed740d780fee86,12c2676d5d2da4bfdacb5c9a6312d12b90a39b080a71ade938e7b16bbaabf086,dfc05457d5c4e6e6c8d9e8e1,7.013310486999671,f000d324411431a807bac72657424c44472cc457a2b2f856442e941850c00046,0.65625,0.019667170953101363,main_nominal,,
0.5298159354513362,0.5866190746343923,0.3212068204740292,0.320631191930834,0.2934947049924357,0.01638930912758447,0.0,0.05940971690780719,0.24837789554380865,1.0,1.0,95.56578574130104,0.21755231971759956,0.7222222222222222,0.7777777777777778,36,26,465.42626055012954,9.355191527932151,1743.2250729708674,0,29,0.0,10417,storm,7004,deadline_fusion,24bfb8b9aac5b87f9f268595cf4462964bd3a01da9d8089f51ed740d780fee86,1ffbd60f44c9f81edacbd6236060262a241240e41dabbe8776c51fac2266503a,dfebf85709105dc110b1a20f,40.119253624000066,f000d324411431a807bac72657424c44472cc457a2b2f856442e941850c00046,0.234375,0.6611195158850227,main_nominal,29.0,2.9
0.5191628845184064,0.5954677256681795,0.3360044755421079,0.3358758153060595,0.25718608169440244,0.02521432173474534,0.0,0.0453864797285698,0.39561624362400205,1.0,1.0,93.36429967221382,0.20503971255673217,0.8611111111111112,0.8611111111111112,36,31,443.2839542973294,9.937127862882104,1636.5017631526175,0,40,0.0,9427,storm,7018,economic,24bfb8b9aac5b87f9f268595cf4462964bd3a01da9d8089f51ed740d780fee86,20cbee7be12f3041b6f80dfbab6cf06c7cd24e2dceeb098a373acea1952196d8,e0271afecdcd161daed7aff5,14.25538362899988,f000d324411431a807bac72657424c44472cc457a2b2f856442e941850c00046,0.22916666666666663,0.6520423600605144,main_nominal,40.0,4.0
0.8170719531142033,0.8431954218953829,0.5013603864786157,0.5005089687596292,0.6278366111951589,0.00529500756429652,0.0,0.10547644469241942,0.23220512628302314,1.0,1.0,30.511260508461767,0.04188840564902888,1.0,1.0,36,36,487.07521398263737,11.151301035559168,1521.170559812501,0,51,0.0,14878,moving_front,7019,economic,24bfb8b9aac5b87f9f268595cf4462964bd3a01da9d8089f51ed740d780fee86,7fc013544a2434726446cf0cb1c220e784a923ebb4fc53407d1bf1d9ae765b5f,e04b738e9b51a0f254b0feed,18.76217986499978,f000d324411431a807bac72657424c44472cc457a2b2f856442e941850c00046,0.5591284713725198,0.08472012102874432,main_nominal,51.0,5.066666666666666
0.8380304493332003,0.8624305502174544,0.5168389776890303,0.5190409742092823,0.5385779122541604,0.0012607160867372667,0.0,0.10803518044749551,0.23201216582996217,1.0,1.0,28.169302884784255,0.0386080708645818,0.9166666666666666,0.9166666666666666,36,33,490.19891875080646,12.170734916007397,1456.2926928128827,0,55,0.0,14105,moving_front,7007,economic,24bfb8b9aac5b87f9f268595cf4462964bd3a01da9d8089f51ed740d780fee86,4359898ad5beb32bbf1d8eff13ccc594cdb32a36c3aec06531a94f326fed618b,e1a16198d4ab5198f9f3ba5d,15.299070159999928,f000d324411431a807bac72657424c44472cc457a2b2f856442e941850c00046,0.6286030351301866,0.048411497730711045,main_nominal,55.0,5.45
0.8162214528041764,0.8493099806843367,0.5147688252281091,0.5146214473053167,0.6021180030257186,0.010337871911245588,0.0,0.09667429361882958,0.24319636482676477,1.0,1.0,31.101625450281077,0.04857914093525205,0.9722222222222222,1.0,36,35,515.4580035074874,13.7682060245032,1507.7659901644256,0,56,0.0,14777,moving_front,7010,fungal,24bfb8b9aac5b87f9f268595cf4462964bd3a01da9d8089f51ed740d780fee86,5c27fd92e06c33f2542baf1700cf25e04b52092d15caab1ec4dc802b1a93834e,e226186148d284de989a78b5,17.034916549999934,f000d324411431a807bac72657424c44472cc457a2b2f856442e941850c00046,0.591434015081642,0.08774583963691376,main_nominal,56.0,5.583333333333333
0.8053408763578018,0.8229948551351768,0.47046766840042964,0.47136344447671247,0.7957639939485628,0.004286434694906706,0.0,0.09378744424877687,0.36335757127867646,1.0,1.0,28.087685794547042,0.027690834061920296,0.9142857142857143,0.9142857142857143,35,32,409.2358959511653,2.3254324860693925,2246.3611593140663,0,0,0.0,17626,moving_front,7001,static_tuned,24bfb8b9aac5b87f9f268595cf4462964bd3a01da9d8089f51ed740d780fee86,0eaaad553c80db6664d9a551f5b55b53a649071324c5a65ea020b06da777986c,e2a8a12610ffa851cd64e8aa,5.830902943000183,f000d324411431a807bac72657424c44472cc457a2b2f856442e941850c00046,0.5061593913598372,0.09531013615733737,main_nominal,0.0,0.0
0.8282092636349323,0.8497095746512571,0.5264025889918508,0.5261501044206655,0.6580937972768532,0.006303580433686333,0.0,0.08430365911426511,0.4002786554614885,1.0,1.0,28.082856561732363,0.03953306901569055,0.9722222222222222,0.9722222222222222,36,35,473.62436775417245,8.831435083606673,1477.9664786934698,0,53,0.0,15653,moving_front,7018,greedy_sparse,24bfb8b9aac5b87f9f268595cf4462964bd3a01da9d8089f51ed740d780fee86,43e354cb1fa0a5fed03587ccc8ef089b630912d128abf8941ac224ef282c99e3,e3fa2f8c42752f323df8f928,17.868471674000148,f000d324411431a807bac72657424c44472cc457a2b2f856442e941850c00046,0.5354655178588343,0.07866868381240545,main_nominal,53.0,1.7666666666666666
0.8390700860503483,0.8531674083828124,0.5225584829455601,0.52114730473577,0.6671709531013615,0.0,0.0,0.10513420950795432,0.3232882807457104,1.0,1.0,27.58750782768335,0.035600986743228584,1.0,1.0,36,36,490.1716335685618,12.137698122187912,1452.362635908411,0,55,0.0,16052,moving_front,7008,economic,24bfb8b9aac5b87f9f268595cf4462964bd3a01da9d8089f51ed740d780fee86,a9dc4e7a83ea86ea436568b7b9e6ff3f12c69e20d2897f78617ebd8a5771ceb1,e44da181b8557d0b590eb5de,17.594796763999966,f000d324411431a807bac72657424c44472cc457a2b2f856442e941850c00046,0.5952506105017467,0.046898638426626324,main_nominal,55.0,5.466666666666667
0.7873644730206757,0.8009250504286434,0.4265317700453858,0.42693410875040644,0.8714069591527988,0.0,0.0,0.2069472910091388,0.486474776260515,0.9591527987897126,1.0,30.263765443772062,0.027475731215330305,0.9722222222222222,0.9722222222222222,36,35,386.26475995714475,3.4678919672830024,2166.8002244324766,0,27,0.0,17924,sensor_fault,7008,recruitment,24bfb8b9aac5b87f9f268595cf4462964bd3a01da9d8089f51ed740d780fee86,61fbc2c3c47ea0b2f394bf19d5d944ff33916305affd279efd1232b2237e443b,e45470e9337c1da6be0a9046,16.41071600799978,f000d324411431a807bac72657424c44472cc457a2b2f856442e941850c00046,0.6822916666666665,0.0045385779122541605,main_nominal,27.0,0.9
0.5214873298033282,0.5554005925365607,0.31253151790216843,0.3122483408730985,0.34493192133131617,0.009581442259203229,0.0,0.05493722176263516,0.17918313397335625,1.0,1.0,102.09066124558751,0.24360186585980834,0.7777777777777778,0.7777777777777778,36,28,409.24496292789263,2.696329848547853,2244.488129434367,0,0,0.0,11855,storm,7002,static_tuned,24bfb8b9aac5b87f9f268595cf4462964bd3a01da9d8089f51ed740d780fee86,fb367cc0d79aa8d9c98eb2a529262d3fdb12211bf1a4b9a1df875515bb387ab8,e4b28921da41bbd97dba9bd0,5.362671055000078,f000d324411431a807bac72657424c44472cc457a2b2f856442e941850c00046,0.234375,0.653555219364599,main_nominal,0.0,0.0
0.5299262481089259,0.5810246469994956,0.31922119263741805,0.32011650387155716,0.2586989409984871,0.00529500756429652,0.0,0.07656707492217585,0.3670206672607228,1.0,1.0,92.24659606656581,0.19772755925365607,0.6857142857142857,0.6857142857142857,35,24,443.047547847247,9.255607343059635,1791.7177947456964,0,40,0.0,10264,storm,7001,economic,24bfb8b9aac5b87f9f268595cf4462964bd3a01da9d8089f51ed740d780fee86,9b5a428363b62ad024a6d518c6bdc283191d1cf8739502f5298786104f688bf6,e4d1cf79a4e0534e7d762329,17.18157704400005,f000d324411431a807bac72657424c44472cc457a2b2f856442e941850c00046,0.22916666666666666,0.6293494704992436,main_nominal,40.0,4.0
0.8149347579425114,0.8262024079677256,0.44151853252647505,0.44219453115314145,0.8441754916792739,0.0,0.0,0.20238690224267097,0.41986655583136906,0.8908219868885526,1.0,26.823468229954614,0.026412002017145737,0.9722222222222222,0.9722222222222222,36,35,402.73708729277007,3.9197095734765273,2135.3928554010727,0,10,0.0,17341,sensor_fault,7005,deadline_fusion,24bfb8b9aac5b87f9f268595cf4462964bd3a01da9d8089f51ed740d780fee86,e5eb0adce92def657b42daaff1168729498af6b7f7eacaec91555308393fbb04,e59bb49b7c8018e48faf5d00,42.27391479900007,f000d324411431a807bac72657424c44472cc457a2b2f856442e941850c00046,0.7083333333333333,0.0030257186081694403,main_nominal,10.0,1.0
0.4496816691880988,0.5302256681795259,0.2821403807362582,0.28164162011838084,0.2783661119515885,0.05471507816439737,0.0,0.060409991217658686,0.2914054954809934,1.0,1.0,107.53864882753403,0.23798379979828538,0.5555555555555556,0.6666666666666666,36,20,435.43041678844224,7.276064582294664,1934.9354923811593,0,24,0.0,9583,storm,7006,fungal,24bfb8b9aac5b87f9f268595cf4462964bd3a01da9d8089f51ed740d780fee86,5772c05e39ffe56db9fe4d550c615751b591862ac0732ff00bde5b9c136479f3,e5e5169093ccc2146e35992a,14.666289984999935,f000d324411431a807bac72657424c44472cc457a2b2f856442e941850c00046,0.11979166666666666,0.670196671709531,main_nominal,24.0,2.3666666666666667
0.5223146747352496,0.5632800680786687,0.3159748487140696,0.31553913224495667,0.3071104387291982,0.010085728693898134,0.0,0.06129507318502165,0.18104829729672067,1.0,1.0,101.19708932173474,0.2411198310640444,0.7222222222222222,0.7222222222222222,36,26,414.0229915676802,5.5103330948057545,1791.476343000348,0,39,0.0,11171,storm,7002,greedy_sparse,24bfb8b9aac5b87f9f268595cf4462964bd3a01da9d8089f51ed740d780fee86,fb367cc0d79aa8d9c98eb2a529262d3fdb12211bf1a4b9a1df875515bb387ab8,e748128f3a6c352cf83f73f0,13.915790260999984,f000d324411431a807bac72657424c44472cc457a2b2f856442e941850c00046,0.22916666666666666,0.649016641452345,main_nominal,39.0,1.4
0.7560277987897124,0.7834247352496218,0.40937815179021675,0.407760687451766,0.6293494704992436,0.0030257186081694403,0.0,0.20987306394444882,0.4581826466101285,0.9997478567826527,0.9992435703479576,34.455646432173474,0.032274331820474025,0.9444444444444444,0.9444444444444444,36,34,378.94239159359495,1.9627638887539725,2405.7127830494164,0,5,0.0,14365,sensor_fault,7019,adaptive,24bfb8b9aac5b87f9f268595cf4462964bd3a01da9d8089f51ed740d780fee86,12c2676d5d2da4bfdacb5c9a6312d12b90a39b080a71ade938e7b16bbaabf086,e77fce7b5cfc67d68f1cb633,11.333597120999912,f000d324411431a807bac72657424c44472cc457a2b2f856442e941850c00046,0.65625,0.018154311649016642,main_nominal,,
0.7652546646495209,0.7751276475037819,0.4118601865859808,0.41174141405269044,0.886535552193646,0.0,0.0,0.1839090554324333,0.3536008560154591,0.9488149268784669,1.0,34.44788514876449,0.036474092284417545,0.9722222222222222,0.9722222222222222,36,35,385.10555298305997,4.463364187122664,2181.961347200163,0,29,0.0,18910,sensor_fault,7002,economic,24bfb8b9aac5b87f9f268595cf4462964bd3a01da9d8089f51ed740d780fee86,fb367cc0d79aa8d9c98eb2a529262d3fdb12211bf1a4b9a1df875515bb387ab8,e7bffc876dcd22a351a2c6c7,15.182963309000115,f000d324411431a807bac72657424c44472cc457a2b2f856442e941850c00046,0.6666666666666665,0.0015128593040847202,main_nominal,29.0,2.8
0.7941585748217115,0.8109418217135717,0.4848527210274753,0.4861561467003485,0.6444780635400907,0.0007564296520423601,0.0,0.1060757551165909,0.19662398542547363,1.0,1.0,34.92287379522321,0.04915978210403949,0.8611111111111112,0.8611111111111112,36,31,363.8024003142625,0.9028929832245809,2496.444944574938,0,0,0.0,15599,moving_front,7009,fixed_ring,24bfb8b9aac5b87f9f268595cf4462964bd3a01da9d8089f51ed740d780fee86,6e2d005a512f8f795588b53a08d35435fd833e215d9a9396f9ada02b8104fa48,e8d942bfb400da9c88c7e15a,6.908836055000165,f000d324411431a807bac72657424c44472cc457a2b2f856442e941850c00046,0.527368489261768,0.06505295007564296,main_nominal,,
0.44723903177004537,0.5339526601109429,0.2845672592032274,0.28348641054970397,0.2708018154311649,0.06404437720625314,0.0,0.06332518759955595,0.2906063379427859,1.0,1.0,106.83044156580938,0.2360139309127584,0.5277777777777778,0.6388888888888888,36,19,429.5907291436301,8.65695466267086,1734.3664161336912,0,43,0.0,9499,storm,7006,economic,24bfb8b9aac5b87f9f268595cf4462964bd3a01da9d8089f51ed740d780fee86,5772c05e39ffe56db9fe4d550c615751b591862ac0732ff00bde5b9c136479f3,e9290d8fbdd6e0fbcf534974,14.707452128,f000d324411431a807bac72657424c44472cc457a2b2f856442e941850c00046,0.11458333333333331,0.670196671709531,main_nominal,43.0,4.3
0.8347884007801178,0.8501740217744127,0.5375889258557414,0.5373148230477522,0.6611195158850227,0.0005042864346949066,0.0,0.07336250019512823,0.3048580303665433,1.0,1.0,30.72064213128859,0.05065790207051629,0.9444444444444444,0.9722222222222222,36,34,1889.9630148558,36.54883574793833,1090.7484654688722,0,9,0.0,15889,moving_front,7005,adaptive,24bfb8b9aac5b87f9f268595cf4462964bd3a01da9d8089f51ed740d780fee86,3112fe2c83524b2f2e2f68f6ce520bfc1f93a616346ad692daac26f7b11e5a4b,e97672f6ece3a2f417c4634f,8.991135473999975,f000d324411431a807bac72657424c44472cc457a2b2f856442e941850c00046,0.6170392800902696,0.037821482602118005,main_nominal,,
0.8294806295042519,0.8369913962935304,0.49623002165143476,0.49722120165249645,0.7503782148260212,0.0,0.0,0.08759413848346422,0.34828516981534896,1.0,1.0,29.176045483439804,0.04232527502982868,0.9444444444444444,0.9444444444444444,36,34,487.59078437671593,9.51766816831808,1543.8349289627783,0,57,0.0,17365,moving_front,7012,recruitment,24bfb8b9aac5b87f9f268595cf4462964bd3a01da9d8089f51ed740d780fee86,760400fc1b0b776e9c52ee32311a1069b16aa52520e6f2d9a36a2dd8b57f7ebd,e9e0f473be492fb6a746fb94,18.332937342999912,f000d324411431a807bac72657424c44472cc457a2b2f856442e941850c00046,0.5952175832855888,0.049924357034795766,main_nominal,57.0,1.9
0.8162673250297171,0.8352805056134353,0.5160842045515094,0.5167483919485485,0.6444780635400907,0.0012607160867372667,0.0,0.08815643611947171,0.27831442699405257,1.0,1.0,33.5318294571317,0.05598221397259509,0.9444444444444444,0.9444444444444444,36,34,1975.6584806132885,39.782351367396,940.9592761696567,0,13,0.0,15434,moving_front,7000,adaptive,24bfb8b9aac5b87f9f268595cf4462964bd3a01da9d8089f51ed740d780fee86,5bd218142e142fa4278b4a5cda21ab3f6b168aad1e4f87cf0725f2f9c148a9ed,ecbe16569468fc65fee33bf3,8.495231131999844,f000d324411431a807bac72657424c44472cc457a2b2f856442e941850c00046,0.5674999736991533,0.048411497730711045,main_nominal,,
0.8256666036308622,0.8368396999495713,0.44598619515885024,0.44557987815194755,0.8305597579425114,0.0,0.0,0.20749798294673077,0.41747953710398444,0.8908219868885526,1.0,24.430432110438726,0.02035268532526475,0.9722222222222222,0.9722222222222222,36,35,394.1465768186686,3.7225905196712303,2177.9897476141546,0,26,0.0,17165,sensor_fault,7005,recruitment,24bfb8b9aac5b87f9f268595cf4462964bd3a01da9d8089f51ed740d780fee86,e5eb0adce92def657b42daaff1168729498af6b7f7eacaec91555308393fbb04,ee1e9815422c7ba4ccdcd70b,17.334654168999805,f000d324411431a807bac72657424c44472cc457a2b2f856442e941850c00046,0.7395833333333333,0.0,main_nominal,26.0,0.8666666666666667
0.8297378252833189,0.8433742881113703,0.5014042962794848,0.5017860603846382,0.7685325264750378,0.0,0.0,0.08762457287637442,0.18651391348503513,1.0,1.0,29.445106347907483,0.044366663242092125,0.9444444444444444,0.9444444444444444,36,34,490.86255872213724,11.799054487728053,1562.1901921357417,0,53,0.0,17359,moving_front,7002,economic,24bfb8b9aac5b87f9f268595cf4462964bd3a01da9d8089f51ed740d780fee86,5b23548e342cd0e105b412e1f6ff973e8f388f6fbedb3fc9e75b3089b159ddd9,ee76d9f6b61defa7e8171c62,15.320113073999892,f000d324411431a807bac72657424c44472cc457a2b2f856442e941850c00046,0.638644882085101,0.01664145234493192,main_nominal,53.0,5.25
0.7688161875945536,0.786143154311649,0.4154847453353504,0.415424349424406,0.7609682299546142,0.0012607160867372667,0.0,0.16903181112570462,0.41963519252802756,0.9624306606152294,1.0,33.750866742309626,0.03744326777609682,0.9722222222222222,0.9722222222222222,36,35,408.8354669042925,2.345653266521095,2247.5087878923755,0,0,0.0,16181,sensor_fault,7015,static_tuned,24bfb8b9aac5b87f9f268595cf4462964bd3a01da9d8089f51ed740d780fee86,b549dfc41676c63078393edb7074f42e4f0927a271f4a7ecca93c1f6bdaa8078,eeedb41a02ba5dcac1d6e25f,12.907711462000407,f000d324411431a807bac72657424c44472cc457a2b2f856442e941850c00046,0.6562499999999999,0.006051437216338881,main_nominal,0.0,0.0
0.535347327281896,0.5745871154815935,0.32160079425113464,0.3209291807891397,0.329803328290469,0.0037821482602118004,0.0,0.08619056188861592,0.24656597199491204,1.0,1.0,92.40237329803327,0.2020691502773575,0.8055555555555556,0.8055555555555556,36,29,451.7044200889849,8.936537489724026,1876.9728230077837,0,31,0.0,11332,storm,7003,deadline_fusion,24bfb8b9aac5b87f9f268595cf4462964bd3a01da9d8089f51ed740d780fee86,7bba1255199adfdb1a1ba0c529b8275f13780540abed81a608a55c16f4b1390f,ef7d28ea3afd8f48e51d9988,40.09390078499996,f000d324411431a807bac72657424c44472cc457a2b2f856442e941850c00046,0.24999999999999997,0.6384266263237519,main_nominal,31.0,3.066666666666667
0.7745366868381239,0.7854340015128594,0.4071167423096318,0.4094771301027562,0.859304084720121,0.0,0.0,0.1905198362565516,0.4651528058416571,0.9531013615733737,0.9639435199193143,32.155785110943015,0.031636094301563285,0.9166666666666666,0.9166666666666666,36,33,382.2848209642266,3.1968615842834507,2150.5758880259773,0,27,0.0,18108,sensor_fault,7013,greedy_sparse,24bfb8b9aac5b87f9f268595cf4462964bd3a01da9d8089f51ed740d780fee86,7566b3dd58ba1b4b73cead9a88da4a0d93430742ea574afa5e3d674dbfd7a1c5,f01ad905063ce83dcb768206,18.84066030699978,f000d324411431a807bac72657424c44472cc457a2b2f856442e941850c00046,0.6770833333333333,0.0015128593040847202,main_nominal,27.0,0.9166666666666666
0.8126103126575893,0.8277073877962682,0.4238212304589005,0.4235319405668987,0.8850226928895613,0.0020171457387796266,0.0,0.18373337226558648,0.4901215650894811,0.9614220877458396,1.0,22.880066502773577,0.011180975794251133,0.9714285714285714,0.9714285714285714,35,34,391.58142434472813,5.9438151959226175,2118.7522813919113,0,33,0.0,18383,sensor_fault,7001,economic,24bfb8b9aac5b87f9f268595cf4462964bd3a01da9d8089f51ed740d780fee86,9b5a428363b62ad024a6d518c6bdc283191d1cf8739502f5298786104f688bf6,f07a7f0b9358cc35c5f1d2ee,19.202970834999633,f000d324411431a807bac72657424c44472cc457a2b2f856442e941850c00046,0.6927083333333333,0.006051437216338881,main_nominal,33.0,3.283333333333333
0.7918006177508824,0.8096082324760463,0.4326304841149773,0.4323295685386007,0.8517397881996974,0.004790721129601614,0.0,0.16154744221713158,0.3966466068141899,0.9715078164397379,1.0,28.07260148764498,0.0215976424609178,1.0,1.0,36,36,408.8231848407303,2.3593941666032876,2246.6669151639517,0,0,0.0,17839,sensor_fault,7018,static_tuned,24bfb8b9aac5b87f9f268595cf4462964bd3a01da9d8089f51ed740d780fee86,20cbee7be12f3041b6f80dfbab6cf06c7cd24e2dceeb098a373acea1952196d8,f134dfd5f25cc5fe8b041cfe,6.097254527000132,f000d324411431a807bac72657424c44472cc457a2b2f856442e941850c00046,0.7031249999999999,0.01361573373676248,main_nominal,0.0,0.0
0.4796236762481089,0.5798900025214321,0.32671457387796266,0.3258926073397559,0.24205748865355523,0.07060010085728693,0.0,0.07803676294166904,0.3274663334254785,1.0,1.0,99.0613968734241,0.21278523701462426,0.75,0.75,36,27,443.43374173073147,7.513017365121504,2026.6692871138464,0,23,0.0,8688,storm,7017,fungal,24bfb8b9aac5b87f9f268595cf4462964bd3a01da9d8089f51ed740d780fee86,fded3c51bb367e0df8af6f8249b634fefe0cc389845c26618e90a9b29d9c3139,f19e0dcf31c93831d125c042,15.337320742000202,f000d324411431a807bac72657424c44472cc457a2b2f856442e941850c00046,0.13020833333333331,0.659606656580938,main_nominal,23.0,2.283333333333333
0.7816899476080227,0.801037481219195,0.44887697340203686,0.44794857564145696,0.5763993948562783,0.0030257186081694403,0.0,0.08532811319615664,0.2919242355873598,1.0,1.0,36.13517826407199,0.0525665027555572,1.0,1.0,36,36,468.70586354917816,8.660422376051153,1553.9172634715962,0,54,0.0,14324,moving_front,7006,recruitment,24bfb8b9aac5b87f9f268595cf4462964bd3a01da9d8089f51ed740d780fee86,ab258b21f7221620284a3215d026dafd75f9efdf5bedb3e529bdff643d2065af,f1ffaae71520058d6fbd0df3,15.12166573400009,f000d324411431a807bac72657424c44472cc457a2b2f856442e941850c00046,0.5225396095215811,0.08623298033282904,main_nominal,54.0,1.8
0.8039774779530556,0.8130052723055968,0.4633526615329921,0.46275486076980293,0.8063540090771558,0.0,0.0,0.08682811788341878,0.24784769700498502,1.0,1.0,31.24807207731514,0.03654903322492666,0.9444444444444444,0.9444444444444444,36,34,409.288028215319,2.3443137446374234,2244.962353414611,0,0,0.0,18064,moving_front,7003,static_tuned,24bfb8b9aac5b87f9f268595cf4462964bd3a01da9d8089f51ed740d780fee86,ddbf34503eff23fbcd394039890145ec197c5f33f339d9222c1ea54ac42702a6,f2920b0af8330f064f005540,6.8076996190000045,f000d324411431a807bac72657424c44472cc457a2b2f856442e941850c00046,0.5437180446688985,0.06656580937972768,main_nominal,0.0,0.0
0.8253950508460624,0.8354428908250904,0.5215136963231485,0.5220371169518062,0.8214826021180031,0.0,0.0,0.07123699295727404,0.20081397148896374,1.0,1.0,33.3815647502199,0.06183762093989991,1.0,1.0,36,36,2003.597346691166,39.6927439308502,931.3037897836532,0,8,0.0,18269,moving_front,7016,adaptive,24bfb8b9aac5b87f9f268595cf4462964bd3a01da9d8089f51ed740d780fee86,5e29696557cda66a921641f993e950ae2ed95f14de01a827d8e1fe0231f9c807,f2a46209fb051bcd782f5fae,8.593649164999988,f000d324411431a807bac72657424c44472cc457a2b2f856442e941850c00046,0.6451426217488694,0.025718608169440244,main_nominal,,
0.5091717095310135,0.592733547655068,0.3350589384770549,0.3356887769456568,0.264750378214826,0.04589006555723651,0.0,0.052060515976296524,0.2812194398388581,1.0,1.0,93.46113842662633,0.19979986132123043,0.7222222222222222,0.75,36,26,443.9020037137973,8.91948599223708,1759.4740392920066,0,33,0.0,9259,storm,7000,fungal,24bfb8b9aac5b87f9f268595cf4462964bd3a01da9d8089f51ed740d780fee86,5f8536aad221b558feae01abd9e48012ffd43f0d986448ef31076303591affbe,f2d04ada419e99ece28b8ff2,17.326521493999962,f000d324411431a807bac72657424c44472cc457a2b2f856442e941850c00046,0.19270833333333331,0.6505295007564297,main_nominal,33.0,3.2666666666666666
0.8245004412506303,0.8354450327786181,0.4469632501260717,0.44658737765574175,0.8426626323751891,0.0,0.0,0.1993989015144407,0.4196427850834412,0.8908219868885526,1.0,25.213573184568833,0.02337840393343419,0.9444444444444444,0.9444444444444444,36,34,389.87682727784596,3.8947421076158646,2160.3899030438465,0,30,0.0,17170,sensor_fault,7005,greedy_sparse,24bfb8b9aac5b87f9f268595cf4462964bd3a01da9d8089f51ed740d780fee86,e5eb0adce92def657b42daaff1168729498af6b7f7eacaec91555308393fbb04,f351e9ad6dfd8ac0d0e14744,16.643864229999963,f000d324411431a807bac72657424c44472cc457a2b2f856442e941850c00046,0.734375,0.0015128593040847202,main_nominal,30.0,1.0
0.5323294881492687,0.583829740292486,0.32071041351487645,0.32182065540119154,0.26021180030257185,0.010085728693898132,0.0,0.08629245945258428,0.3701732343802845,1.0,1.0,91.32256996974279,0.19373266515380735,0.6571428571428571,0.6571428571428571,35,23,449.2984095607434,7.947209169824821,2033.0117364696077,0,24,0.0,10095,storm,7001,fungal,24bfb8b9aac5b87f9f268595cf4462964bd3a01da9d8089f51ed740d780fee86,9b5a428363b62ad024a6d518c6bdc283191d1cf8739502f5298786104f688bf6,f51a0da0978a3b596029384d,18.13413472299999,f000d324411431a807bac72657424c44472cc457a2b2f856442e941850c00046,0.22916666666666666,0.6278366111951589,main_nominal,24.0,2.4
0.7697538451840645,0.7924073373676246,0.40155383257690364,0.40094634970800447,0.7957639939485628,0.00151285930408472,0.0,0.18215142174363594,0.4597022667172064,1.0,0.9997478567826527,30.59253656076651,0.02270076903681291,0.9444444444444444,0.9444444444444444,36,34,401.075280502537,3.805782845194947,2083.9400321860276,0,10,0.0,16985,sensor_fault,7019,fungal,24bfb8b9aac5b87f9f268595cf4462964bd3a01da9d8089f51ed740d780fee86,12c2676d5d2da4bfdacb5c9a6312d12b90a39b080a71ade938e7b16bbaabf086,f53b7878f4d801290e351685,18.72170551299996,f000d324411431a807bac72657424c44472cc457a2b2f856442e941850c00046,0.6666666666666666,0.02118003025718608,main_nominal,10.0,1.0
0.4627379601613716,0.5988795385779122,0.34647629853756934,0.3459920341807042,0.2481089258698941,0.1517902168431669,0.0,0.05562268629440855,0.2805797715283973,1.0,1.0,99.51836705748866,0.21106751134644477,0.6666666666666666,0.7222222222222222,36,24,905.0242964116101,16.455314478180032,1991.130070034787,0,17,0.0,8147,storm,7000,adaptive,24bfb8b9aac5b87f9f268595cf4462964bd3a01da9d8089f51ed740d780fee86,5f8536aad221b558feae01abd9e48012ffd43f0d986448ef31076303591affbe,f64ecfc73bfdac6166115399,10.712716413999942,f000d324411431a807bac72657424c44472cc457a2b2f856442e941850c00046,0.109375,0.6611195158850227,main_nominal,,
0.8119158553389596,0.8212873886573363,0.4952593214181178,0.4936707973101278,0.7534039334341907,0.0,0.0,0.09761973181673589,0.24113412559844974,1.0,1.0,31.99042553316084,0.04356148308291129,0.9444444444444444,0.9444444444444444,36,34,409.2046978641839,2.341845714895275,2245.794445932827,0,0,0.0,17199,moving_front,7011,static_tuned,24bfb8b9aac5b87f9f268595cf4462964bd3a01da9d8089f51ed740d780fee86,a045df01d14234cb96176801d87713dde0c5b1030233001228c3094e00dd4a73,f6ad64e9b8adc392a332a076,6.003542499000105,f000d324411431a807bac72657424c44472cc457a2b2f856442e941850c00046,0.5514125141744839,0.06959152798789713,main_nominal,0.0,0.0
0.4430786686838124,0.5772740166414523,0.32322396621280886,0.32365815614194743,0.25416036308623297,0.16515380736258192,0.008068582955118506,0.038808943397153364,0.22852654404763828,1.0,1.0,103.28558371154816,0.21521211548159352,0.75,0.8333333333333334,36,27,1035.4885637280631,20.124645254994793,2123.5130036429223,0,21,0.0,8356,storm,7007,adaptive,24bfb8b9aac5b87f9f268595cf4462964bd3a01da9d8089f51ed740d780fee86,b9aa9c192ff362205c201c037cc4f3c7c2aba8b7e0c4fd0ef068255fea54f756,f800de2cb4995ca54a7efb4f,6.81719619799992,f000d324411431a807bac72657424c44472cc457a2b2f856442e941850c00046,0.06770833333333333,0.6822995461422088,main_nominal,,
0.526065305093293,0.5883683182047402,0.32852685325264747,0.3291105871643107,0.2783661119515885,0.017145738779626826,0.0,0.04226473407039056,0.3119094194291827,1.0,1.0,90.75493255168935,0.19322049924357032,0.6944444444444444,0.6944444444444444,36,25,409.289779817248,2.724636454767411,2244.8701474638433,0,0,0.0,9990,storm,7005,static_tuned,24bfb8b9aac5b87f9f268595cf4462964bd3a01da9d8089f51ed740d780fee86,e5eb0adce92def657b42daaff1168729498af6b7f7eacaec91555308393fbb04,f80da00d9331309d44f339d1,5.095169719999944,f000d324411431a807bac72657424c44472cc457a2b2f856442e941850c00046,0.22916666666666666,0.6520423600605144,main_nominal,0.0,0.0
0.5351660993444276,0.6263946671709529,0.3620382627332324,0.36202867621062207,0.2874432677760968,0.04614220877458396,0.0,0.053645220697096076,0.3790347984438197,1.0,1.0,86.44040752647504,0.1829141452344932,0.75,0.8055555555555556,36,27,363.9346208494508,1.2136695262545705,2494.7954656940346,0,0,0.0,9706,storm,7014,fixed_ring,24bfb8b9aac5b87f9f268595cf4462964bd3a01da9d8089f51ed740d780fee86,ac5fa5d877e58450b21b5619aadcad71ab1db9e7cd210fd1cd516ef4a934c028,f8266b3626ba44aed3ad38bd,13.294558901000073,f000d324411431a807bac72657424c44472cc457a2b2f856442e941850c00046,0.21354166666666666,0.6096822995461422,main_nominal,,
0.5297765380736258,0.5847437594553706,0.31941817952597074,0.31880736412629557,0.29652042360060515,0.011346444780635399,0.0,0.059432706066547734,0.2483649136126934,1.0,1.0,95.34709089762984,0.21531454866364094,0.6944444444444444,0.75,36,25,454.2712806057898,8.386945937811543,2041.7798485156954,0,25,0.0,10502,storm,7004,fungal,24bfb8b9aac5b87f9f268595cf4462964bd3a01da9d8089f51ed740d780fee86,1ffbd60f44c9f81edacbd6236060262a241240e41dabbe8776c51fac2266503a,f876bc64ff30d7650ed0b6a1,15.63569565299997,f000d324411431a807bac72657424c44472cc457a2b2f856442e941850c00046,0.24479166666666663,0.6611195158850227,main_nominal,25.0,2.5
0.49869200706001005,0.5693157463439232,0.30422655068078663,0.3040006908464097,0.2632375189107413,0.028744326777609682,0.0,0.07053273536833676,0.23777668550468678,1.0,1.0,98.86677382753403,0.2195458270297529,0.7777777777777778,0.7777777777777778,36,28,436.6432368217305,9.63348289035837,1811.1590420907748,0,43,0.0,9569,storm,7019,economic,24bfb8b9aac5b87f9f268595cf4462964bd3a01da9d8089f51ed740d780fee86,12c2676d5d2da4bfdacb5c9a6312d12b90a39b080a71ade938e7b16bbaabf086,f903ba6437493dee652c54a0,15.209133732000055,f000d324411431a807bac72657424c44472cc457a2b2f856442e941850c00046,0.19791666666666666,0.659606656580938,main_nominal,43.0,4.3
0.8369956411876956,0.8557596704324576,0.5063888703720028,0.5074221625731202,0.7276853252647504,0.006555723651033787,0.0,0.08388176383618723,0.36245935728827067,1.0,1.0,24.135133630953092,0.02529763163984549,0.9714285714285714,0.9714285714285714,35,34,491.5737466338296,11.844125895987968,1506.1508854012595,0,49,0.0,16698,moving_front,7001,economic,24bfb8b9aac5b87f9f268595cf4462964bd3a01da9d8089f51ed740d780fee86,0eaaad553c80db6664d9a551f5b55b53a649071324c5a65ea020b06da777986c,f903e724f83b667d26dce4c5,14.501240466000127,f000d324411431a807bac72657424c44472cc457a2b2f856442e941850c00046,0.5546330336054809,0.049924357034795766,main_nominal,49.0,4.9
0.8864783926848818,0.8936191517695387,0.5637918763444189,0.5650742898219226,0.7367624810892587,0.0,0.0,0.1503871569340476,0.391479529557775,1.0,1.0,21.87854669288233,0.03407317043740037,1.0,1.0,36,36,509.11465405429874,12.744608102240218,1513.7939004404918,0,52,0.0,17329,moving_front,7014,deadline_fusion,24bfb8b9aac5b87f9f268595cf4462964bd3a01da9d8089f51ed740d780fee86,358f3d3ac5e4c7943da7c4ded7230c7e4afe2570f3a3d3555871e5543b789f00,f905405e50ec7e04eeb906fd,47.94505216100015,f000d324411431a807bac72657424c44472cc457a2b2f856442e941850c00046,0.7210974740413091,0.0045385779122541605,main_nominal,52.0,5.133333333333334
0.47184663388804843,0.5537459026727181,0.30588124054462934,0.30620845611261466,0.24508320726172467,0.037821482602118005,0.0,0.0568765897514917,0.23832860216678559,1.0,1.0,104.32461075390822,0.23407557992939987,0.75,0.7777777777777778,36,27,422.31548786280865,5.91290088661761,1861.1670948774292,0,43,0.0,9235,storm,7010,recruitment,24bfb8b9aac5b87f9f268595cf4462964bd3a01da9d8089f51ed740d780fee86,c0265f2f5da1b8f1e6334a7d1da15d24852be86831d4583cf0a020b238d73be2,fa0f749c3fc6927040b97dd1,17.799660349000078,f000d324411431a807bac72657424c44472cc457a2b2f856442e941850c00046,0.16145833333333331,0.6717095310136157,main_nominal,43.0,1.5333333333333334
0.7930039833646276,0.8097849342427457,0.46671234041931137,0.46480444155052036,0.6036308623298033,0.00151285930408472,0.0,0.08387880024364068,0.2923598340943788,1.0,1.0,34.397235315761215,0.047956020516536794,0.9444444444444444,0.9444444444444444,36,34,512.2871404593375,13.362270666668156,1453.1222006332644,0,53,0.0,14816,moving_front,7006,fungal,24bfb8b9aac5b87f9f268595cf4462964bd3a01da9d8089f51ed740d780fee86,ab258b21f7221620284a3215d026dafd75f9efdf5bedb3e529bdff643d2065af,facd690610c77a778fb9055e,15.064073553000071,f000d324411431a807bac72657424c44472cc457a2b2f856442e941850c00046,0.5292616856983424,0.09228441754916793,main_nominal,53.0,5.283333333333333
0.5180597579425114,0.5616490166414524,0.31885873676248105,0.31788614393222403,0.2874432677760968,0.009077155824508321,0.0,0.08840038911034938,0.24649555231960962,1.0,1.0,95.92977811396874,0.20474817196167422,0.7222222222222222,0.7222222222222222,36,26,1538.588902719722,31.403144287973703,1387.2344205636005,0,32,0.0,10829,storm,7003,adaptive,24bfb8b9aac5b87f9f268595cf4462964bd3a01da9d8089f51ed740d780fee86,7bba1255199adfdb1a1ba0c529b8275f13780540abed81a608a55c16f4b1390f,fb6893a9ab3faf10597a0831,7.885720017999915,f000d324411431a807bac72657424c44472cc457a2b2f856442e941850c00046,0.21354166666666666,0.6475037821482602,main_nominal,,
0.7914864905600362,0.8169941013238097,0.4973484034554838,0.4982542219408863,0.5900151285930408,0.009329299041855773,0.0,0.10235075010347074,0.40253402391624793,1.0,1.0,35.255240963430225,0.05169960630944458,0.8611111111111112,0.8611111111111112,36,31,363.8083721816422,0.9170269233387666,2496.1982834167525,0,0,0.0,14498,moving_front,7018,fixed_ring,24bfb8b9aac5b87f9f268595cf4462964bd3a01da9d8089f51ed740d780fee86,43e354cb1fa0a5fed03587ccc8ef089b630912d128abf8941ac224ef282c99e3,fc3599c8589975190028558a,8.607649541,f000d324411431a807bac72657424c44472cc457a2b2f856442e941850c00046,0.46380431308342474,0.12708018154311648,main_nominal,,
0.5315494200706,0.5901175617750881,0.323381555723651,0.32293504500274844,0.29652042360060515,0.01588502269288956,0.0,0.059281408289203696,0.24861803456989862,1.0,1.0,94.34600353000504,0.21153240040342913,0.75,0.8333333333333334,36,27,456.75720008876783,9.983701327928959,1765.4388596261535,0,44,0.0,10517,storm,7004,economic,24bfb8b9aac5b87f9f268595cf4462964bd3a01da9d8089f51ed740d780fee86,1ffbd60f44c9f81edacbd6236060262a241240e41dabbe8776c51fac2266503a,fd4ed1046667eddf36fbfb90,14.796530264000012,f000d324411431a807bac72657424c44472cc457a2b2f856442e941850c00046,0.23958333333333331,0.6641452344931922,main_nominal,44.0,4.4
0.7818567196167423,0.7899016641452344,0.40958301815431164,0.4094879200134831,0.903177004538578,0.0,0.0,0.15588198683849216,0.29241181101609875,0.961169944528492,1.0,30.297607791225417,0.026183497226424605,0.9444444444444444,0.9444444444444444,36,34,398.27910374321505,5.410669117068907,2186.2771161777814,0,29,0.0,18600,sensor_fault,7004,economic,24bfb8b9aac5b87f9f268595cf4462964bd3a01da9d8089f51ed740d780fee86,1ffbd60f44c9f81edacbd6236060262a241240e41dabbe8776c51fac2266503a,fd998e1e9c3d52dde1c7b7c8,13.992111403000308,f000d324411431a807bac72657424c44472cc457a2b2f856442e941850c00046,0.6927083333333333,0.0015128593040847202,main_nominal,29.0,2.8833333333333333
0.47335949319213305,0.5730821356530509,0.3223966212808875,0.3222986923543547,0.23903177004538578,0.07665153807362582,0.0010085728693898133,0.0744025359504772,0.3267577305465236,1.0,1.0,100.76541225416037,0.21885243318204736,0.7222222222222222,0.7222222222222222,36,26,420.0587218231044,5.683079235952936,1994.3900582014098,0,40,0.0,8589,storm,7017,recruitment,24bfb8b9aac5b87f9f268595cf4462964bd3a01da9d8089f51ed740d780fee86,fded3c51bb367e0df8af6f8249b634fefe0cc389845c26618e90a9b29d9c3139,fe04d876b8b290dc360db6f0,12.598232601999825,f000d324411431a807bac72657424c44472cc457a2b2f856442e941850c00046,0.11458333333333333,0.6611195158850227,main_nominal,40.0,1.4
0.8382035464441963,0.8561496943017497,0.5067506922315256,0.50746231448973,0.7337367624810892,0.006555723651033787,0.0,0.07800143038423843,0.35995267768694306,1.0,1.0,23.758254047320445,0.025000210576718414,0.9428571428571428,0.9428571428571428,35,33,503.74350101548504,12.243352126112418,1479.762450304141,0,47,0.0,16723,moving_front,7001,deadline_fusion,24bfb8b9aac5b87f9f268595cf4462964bd3a01da9d8089f51ed740d780fee86,0eaaad553c80db6664d9a551f5b55b53a649071324c5a65ea020b06da777986c,fe5434e27583fdbab37bb4bf,39.99857894799993,f000d324411431a807bac72657424c44472cc457a2b2f856442e941850c00046,0.563782634266359,0.04236006051437216,main_nominal,47.0,4.633333333333334
0.5231735375693394,0.5606404437720625,0.30969490670700955,0.3096223286845181,0.3161875945537065,0.007060010085728693,0.0,0.0527241049142669,0.1924690363548764,1.0,1.0,99.29447175995965,0.228457513867877,0.7222222222222222,0.7222222222222222,36,26,409.26703229889125,2.6975315947045724,2245.111496386053,0,0,0.0,11221,storm,7009,static_tuned,24bfb8b9aac5b87f9f268595cf4462964bd3a01da9d8089f51ed740d780fee86,956a9ceb80df2feb4bb3b76f79213a7f0cb93b60e4835d44d36852e549355e78,fe5e8cd42b61d580e10d8810,4.515911428000209,f000d324411431a807bac72657424c44472cc457a2b2f856442e941850c00046,0.23958333333333331,0.642965204236006,main_nominal,0.0,0.0
0.5014577029752899,0.5703873550176499,0.31877994200705995,0.31907149981415694,0.2617246596066566,0.03530005042864346,0.0,0.05674616891323308,0.18919421504655462,1.0,1.0,98.68168494704993,0.2145659984871407,0.6388888888888888,0.6388888888888888,36,23,1230.5460313421088,24.011031247941524,1625.4804656041701,0,22,0.0,9848,storm,7013,adaptive,24bfb8b9aac5b87f9f268595cf4462964bd3a01da9d8089f51ed740d780fee86,7566b3dd58ba1b4b73cead9a88da4a0d93430742ea574afa5e3d674dbfd7a1c5,ff5e3c45bf342f7b688b87cb,11.223442949999935,f000d324411431a807bac72657424c44472cc457a2b2f856442e941850c00046,0.18229166666666666,0.642965204236006,main_nominal,,
0.8401740916295765,0.853216351657795,0.5111673009281321,0.5115430642243813,0.7307110438729199,0.0005042864346949066,0.0,0.1087327553760098,0.20309196508328894,1.0,1.0,27.906785028530315,0.041052155255129306,0.9444444444444444,0.9444444444444444,36,34,478.23047301020426,9.023711897061286,1652.7900560923122,0,56,0.0,17105,moving_front,7016,greedy_sparse,24bfb8b9aac5b87f9f268595cf4462964bd3a01da9d8089f51ed740d780fee86,5e29696557cda66a921641f993e950ae2ed95f14de01a827d8e1fe0231f9c807,fff1559d3de7eb0dd934f376,18.32277731299996,f000d324411431a807bac72657424c44472cc457a2b2f856442e941850c00046,0.6483205786522753,0.02723146747352496,main_nominal,56.0,1.8666666666666667
0.7549923983434115,0.8043241152428554,0.4548046464422334,0.4544308260777922,0.4069591527987897,0.009329299041855775,0.0,0.09080118994715818,0.18687258621873956,1.0,1.0,38.98540866003147,0.05266577363034607,0.9444444444444444,0.9722222222222222,36,34,535.7270103063854,14.104341505148492,1484.226885478448,0,48,0.0,10859,moving_front,7002,fungal,24bfb8b9aac5b87f9f268595cf4462964bd3a01da9d8089f51ed740d780fee86,5b23548e342cd0e105b412e1f6ff973e8f388f6fbedb3fc9e75b3089b159ddd9,00b51568492032d52adea019,14.250325042999975,f000d324411431a807bac72657424c44472cc457a2b2f856442e941850c00046,0.45619948877500305,0.13161875945537066,main_short,48.0,4.783333333333333
0.2742215078164397,0.5748786560766515,0.3113574760463943,0.3116163501046011,0.09833585476550681,0.6182551689359556,0.4266263237518911,0.08219323155461461,0.23704587414261585,1.0,1.0,167.22067259203226,0.3918935955622793,0.5277777777777778,0.8055555555555556,36,19,363.9197247181296,1.2010815796660606,2492.0211418802955,0,0,0.0,3799,storm,7019,fixed_ring,24bfb8b9aac5b87f9f268595cf4462964bd3a01da9d8089f51ed740d780fee86,12c2676d5d2da4bfdacb5c9a6312d12b90a39b080a71ade938e7b16bbaabf086,017ce971d3ef90998e877677,4.700161639999806,f000d324411431a807bac72657424c44472cc457a2b2f856442e941850c00046,0.0,0.7503782148260212,main_short,,
0.7249370082643738,0.7959012826405915,0.43536833048803847,0.4376546002033797,0.34190620272314676,0.019415027735753907,0.0,0.10349214096037337,0.18714325663739584,1.0,1.0,39.41756228097459,0.043707319669552,1.0,1.0,36,36,443.30329235190976,3.097446452292197,2121.3478216160775,0,0,0.0,9512,moving_front,7013,static_tuned,24bfb8b9aac5b87f9f268595cf4462964bd3a01da9d8089f51ed740d780fee86,0aace0ec30ee371a7c2663e2411d8b6b713bd3c12b78091846cea85ee9e6f3b4,01aae6001d7cc40000e1cd9e,5.33205672400004,f000d324411431a807bac72657424c44472cc457a2b2f856442e941850c00046,0.3351695894038469,0.21482602118003025,main_short,0.0,0.0
0.7259282022188602,0.7989945789208269,0.4172655068078669,0.41680604243670266,0.06505295007564296,0.01487644982349975,0.0,0.1627378481332734,0.3988435499713495,1.0,1.0,36.43252805093292,0.027420574886535546,0.9722222222222222,0.9722222222222222,36,35,410.69685706387185,5.562254015500343,1928.395472037693,0,45,0.0,6338,sensor_fault,7018,recruitment,24bfb8b9aac5b87f9f268595cf4462964bd3a01da9d8089f51ed740d780fee86,20cbee7be12f3041b6f80dfbab6cf06c7cd24e2dceeb098a373acea1952196d8,01be738d29894ce48f9b4a5d,18.487937519000297,f000d324411431a807bac72657424c44472cc457a2b2f856442e941850c00046,0.5833333333333333,0.05143721633888049,main_short,45.0,1.5666666666666667
0.30562121785173973,0.5943645990922845,0.33500378214826015,0.3342652742293189,0.13918305597579425,0.588502269288956,0.3545133635905194,0.06333913277665777,0.2390287105700572,1.0,1.0,158.16565809379728,0.3539854387291982,0.5,0.8333333333333334,36,18,363.9449911550943,1.2389729038032384,2493.715356504436,0,0,0.0,4742,storm,7011,fixed_ring,24bfb8b9aac5b87f9f268595cf4462964bd3a01da9d8089f51ed740d780fee86,50b7b3fbf7cedf803850a0428d40ee1ccc4080b783db00698cf7730c8a755b36,0288702569c2b634417a6581,5.193215330000157,f000d324411431a807bac72657424c44472cc457a2b2f856442e941850c00046,0.0,0.7170953101361573,main_short,,
0.3404169818456883,0.4804904185577407,0.26070820726172467,0.2603059493176455,0.10741301059001512,0.28441754916792733,0.04589006555723651,0.07977050770441356,0.2366997104905138,1.0,1.0,138.01937563035804,0.30920637922339883,0.6388888888888888,0.7777777777777778,36,23,450.35433036038046,9.39612744346126,1270.0481280373208,0,39,0.0,4807,storm,7019,economic,24bfb8b9aac5b87f9f268595cf4462964bd3a01da9d8089f51ed740d780fee86,12c2676d5d2da4bfdacb5c9a6312d12b90a39b080a71ade938e7b16bbaabf086,031f315da11c4ba917e8ec69,15.584291437000047,f000d324411431a807bac72657424c44472cc457a2b2f856442e941850c00046,0.005208333333333333,0.7049924357034796,main_short,39.0,3.8333333333333335
0.31495051689359554,0.5233626449823499,0.281691250630358,0.2808601227595059,0.1059001512859304,0.434947049924357,0.08850226928895612,0.07438112255485549,0.2367974473983401,1.0,1.0,137.26582198688854,0.2813760716086737,0.6111111111111112,0.8333333333333334,36,22,411.73147080560835,4.949978784067093,1761.4662886852368,0,32,0.0,4311,storm,7019,greedy_sparse,24bfb8b9aac5b87f9f268595cf4462964bd3a01da9d8089f51ed740d780fee86,12c2676d5d2da4bfdacb5c9a6312d12b90a39b080a71ade938e7b16bbaabf086,034ccc130e49208625e51a6e,11.739957058000073,f000d324411431a807bac72657424c44472cc457a2b2f856442e941850c00046,0.0,0.7322239031770046,main_short,32.0,1.1166666666666667
0.7270260973953053,0.8368293665974844,0.48721331512681054,0.48740527233215547,0.14826021180030258,0.07337367624810892,0.0005042864346949066,0.10256473198110724,0.22897600270822885,1.0,1.0,38.96453787304547,0.04101544506520948,0.8333333333333334,0.8611111111111112,36,30,489.6369153232938,12.500144461578685,1508.7951528209292,0,46,0.0,6517,moving_front,7007,fungal,24bfb8b9aac5b87f9f268595cf4462964bd3a01da9d8089f51ed740d780fee86,4359898ad5beb32bbf1d8eff13ccc594cdb32a36c3aec06531a94f326fed618b,03eb29fefdb071221312b381,14.03322356700005,f000d324411431a807bac72657424c44472cc457a2b2f856442e941850c00046,0.3030418711422863,0.24508320726172467,main_short,46.0,4.6
0.7008163136661623,0.7928170700958143,0.3991505925365607,0.39952713944845286,0.039334341906202726,0.024205748865355523,0.0,0.14973285182995488,0.39145948878879694,0.9679778113968733,1.0,37.41718671205244,0.023307488653555215,0.8888888888888888,0.9166666666666666,36,32,454.4438002118253,9.135300904157406,1971.8939481623793,0,33,0.0,6069,sensor_fault,7007,deadline_fusion,24bfb8b9aac5b87f9f268595cf4462964bd3a01da9d8089f51ed740d780fee86,b9aa9c192ff362205c201c037cc4f3c7c2aba8b7e0c4fd0ef068255fea54f756,047d1b8af223c61065b7f565,35.4887024300001,f000d324411431a807bac72657424c44472cc457a2b2f856442e941850c00046,0.5208333333333333,0.0907715582450832,main_short,33.0,3.2
0.6569865308707432,0.7818338463070932,0.4502868484757726,0.4499284624551497,0.14977307110438728,0.07160867372667676,0.0020171457387796266,0.08744542562365355,0.286190895217947,1.0,1.0,53.31933032115153,0.08041404474468157,0.9722222222222222,0.9722222222222222,36,35,2574.8590662352094,52.53928579013204,964.5188521206483,0,22,0.0,6992,moving_front,7006,adaptive,24bfb8b9aac5b87f9f268595cf4462964bd3a01da9d8089f51ed740d780fee86,ab258b21f7221620284a3215d026dafd75f9efdf5bedb3e529bdff643d2065af,05443f18523ed413439ee046,7.730094477999955,f000d324411431a807bac72657424c44472cc457a2b2f856442e941850c00046,0.17668129672738464,0.3101361573373676,main_short,,
0.3371627584467978,0.4777877584467978,0.26598745587493694,0.2670677724900753,0.1059001512859304,0.3182047402924861,0.03681290973272818,0.05566843852363716,0.22918220196174474,1.0,1.0,139.04000409732728,0.31649489409984866,0.6388888888888888,0.6944444444444444,36,23,485.4032671166151,10.056772939117787,1606.0734182174785,0,38,0.0,4799,storm,7007,deadline_fusion,24bfb8b9aac5b87f9f268595cf4462964bd3a01da9d8089f51ed740d780fee86,b9aa9c192ff362205c201c037cc4f3c7c2aba8b7e0c4fd0ef068255fea54f756,0715d0becb97a663dc49a837,33.37563682000007,f000d324411431a807bac72657424c44472cc457a2b2f856442e941850c00046,0.0,0.7065052950075643,main_short,38.0,3.75
0.717371091780131,0.7753088754412504,0.37955433686333834,0.3817545821333793,0.15431164901664146,0.010842158345940493,0.0,0.17844282418596666,0.46368599393240995,0.9475542107917296,0.9636913767019667,37.783070158850215,0.03125787947554211,0.9722222222222222,0.9722222222222222,36,35,451.97671859626735,10.248488864389751,1822.7274058079777,0,53,0.0,8354,sensor_fault,7013,economic,24bfb8b9aac5b87f9f268595cf4462964bd3a01da9d8089f51ed740d780fee86,7566b3dd58ba1b4b73cead9a88da4a0d93430742ea574afa5e3d674dbfd7a1c5,0755d266361544410aa1a1e7,17.202657516999807,f000d324411431a807bac72657424c44472cc457a2b2f856442e941850c00046,0.578125,0.049924357034795766,main_short,53.0,5.2
0.7346901790216843,0.7940068709026726,0.4127978441754917,0.41163688742225274,0.08925869894099848,0.010337871911245588,0.0,0.17662826145494792,0.39783623890621184,0.9334341906202723,1.0,37.945978315683305,0.03539460413514876,0.9722222222222222,0.9722222222222222,36,35,442.0777786017556,7.216973882493736,1954.412260594046,0,25,0.0,6930,sensor_fault,7018,deadline_fusion,24bfb8b9aac5b87f9f268595cf4462964bd3a01da9d8089f51ed740d780fee86,20cbee7be12f3041b6f80dfbab6cf06c7cd24e2dceeb098a373acea1952196d8,0777d6347ac8acb506466b41,48.372214413000165,f000d324411431a807bac72657424c44472cc457a2b2f856442e941850c00046,0.6145833333333333,0.04236006051437216,main_short,25.0,2.4
0.37710381996974274,0.48156990670700944,0.26947806354009074,0.26998960382079173,0.12405446293494705,0.13035804336863338,0.00226928895612708,0.09742989914189946,0.36714525052242236,1.0,1.0,128.46003530005044,0.29370745083207256,0.5714285714285714,0.5714285714285714,35,20,478.65457472440033,11.521179094713846,1262.3848030011002,0,43,0.0,6040,storm,7001,deadline_fusion,24bfb8b9aac5b87f9f268595cf4462964bd3a01da9d8089f51ed740d780fee86,9b5a428363b62ad024a6d518c6bdc283191d1cf8739502f5298786104f688bf6,079d6c509ef0d9948cdc0f56,47.673433294999995,f000d324411431a807bac72657424c44472cc457a2b2f856442e941850c00046,0.057291666666666664,0.6959152798789713,main_short,43.0,4.266666666666667
0.3833522440746343,0.56410741301059,0.32118318204740287,0.32111152540745114,0.1361573373676248,0.3048411497730711,0.02899646999495713,0.049662498492905674,0.37867254322697014,1.0,1.0,113.88170543368634,0.2169534795763994,0.6666666666666666,0.8055555555555556,36,24,418.60034538089207,5.460882957577085,1411.7591316724229,0,36,0.0,5689,storm,7014,recruitment,24bfb8b9aac5b87f9f268595cf4462964bd3a01da9d8089f51ed740d780fee86,ac5fa5d877e58450b21b5619aadcad71ab1db9e7cd210fd1cd516ef4a934c028,086716da7383b38c6c03d5c4,17.492681405999974,f000d324411431a807bac72657424c44472cc457a2b2f856442e941850c00046,0.03125,0.6913767019667171,main_short,36.0,1.2666666666666666
0.7298913430615677,0.8131323789913997,0.48757442114642596,0.48759589052667757,0.3373676248108926,0.07286938981341401,0.0005042864346949066,0.08980592362563532,0.1948114814333311,1.0,1.0,39.27693709580035,0.042281066198888266,0.9166666666666666,0.9166666666666666,36,33,472.0696894738574,8.579613396886014,1540.2950446382195,0,54,0.0,9130,moving_front,7009,greedy_sparse,24bfb8b9aac5b87f9f268595cf4462964bd3a01da9d8089f51ed740d780fee86,6e2d005a512f8f795588b53a08d35435fd833e215d9a9396f9ada02b8104fa48,0936896faa9ddf6f74c5dcda,15.470890887999985,f000d324411431a807bac72657424c44472cc457a2b2f856442e941850c00046,0.3258395171027989,0.27685325264750377,main_short,54.0,1.8166666666666667
0.7795035256421959,0.8191913489001804,0.4830771170736077,0.4829829088855015,0.4009077155824508,0.004286434694906706,0.0,0.12279825382551662,0.20621952683344072,1.0,1.0,36.12748280526134,0.04784438762106979,0.9444444444444444,0.9444444444444444,36,34,525.2400653194644,14.54002751657323,1321.2586844802422,0,58,0.0,10822,moving_front,7016,economic,24bfb8b9aac5b87f9f268595cf4462964bd3a01da9d8089f51ed740d780fee86,5e29696557cda66a921641f993e950ae2ed95f14de01a827d8e1fe0231f9c807,0b13a29c2ef50be53bf3c0bd,18.858480422999946,f000d324411431a807bac72657424c44472cc457a2b2f856442e941850c00046,0.4641263896863436,0.12405446293494705,main_short,58.0,5.733333333333333
0.3314028618255168,0.49270360564800797,0.2735281139687342,0.2733414340319407,0.08925869894099848,0.3608169440242057,0.04815935451336358,0.0591507452036243,0.2293618145937825,1.0,1.0,136.960886283409,0.2912963313161876,0.6944444444444444,0.8055555555555556,36,25,463.76285397292327,9.883212849674656,1335.9177567288077,0,39,0.0,4389,storm,7007,economic,24bfb8b9aac5b87f9f268595cf4462964bd3a01da9d8089f51ed740d780fee86,b9aa9c192ff362205c201c037cc4f3c7c2aba8b7e0c4fd0ef068255fea54f756,0b6b68a1c70323f70e2d21c3,13.293201378000049,f000d324411431a807bac72657424c44472cc457a2b2f856442e941850c00046,0.0,0.7125567322239031,main_short,39.0,3.8666666666666667
0.5622071157270266,0.8154285947587818,0.47398851386541674,0.47543926440964646,0.030257186081694403,0.2551689359556228,0.04236006051437216,0.09945112059736963,0.23394477585614468,1.0,1.0,59.15272793568424,0.05610644199308782,0.8611111111111112,0.9444444444444444,36,31,363.7970244869147,0.8889506655699645,2496.4792000655725,0,0,0.0,3809,moving_front,7007,fixed_ring,24bfb8b9aac5b87f9f268595cf4462964bd3a01da9d8089f51ed740d780fee86,4359898ad5beb32bbf1d8eff13ccc594cdb32a36c3aec06531a94f326fed618b,0cb763b6df5799f84277919b,4.581318985999815,f000d324411431a807bac72657424c44472cc457a2b2f856442e941850c00046,0.034910673463746274,0.4493192133131619,main_short,,
0.6824886535552193,0.7085775970751387,0.3152893343419062,0.3147435827111658,0.5915279878971256,0.0010085728693898133,0.0,0.1539002547230831,0.34965591190934825,0.9591527987897126,1.0,46.41204141452344,0.05101960413514877,0.9722222222222222,0.9722222222222222,36,35,490.79033047194866,4.123333569692237,1946.7762364591958,0,1,0.0,13682,sensor_fault,7002,adaptive,24bfb8b9aac5b87f9f268595cf4462964bd3a01da9d8089f51ed740d780fee86,fb367cc0d79aa8d9c98eb2a529262d3fdb12211bf1a4b9a1df875515bb387ab8,0cc7bea5bc231413598aca3a,10.748600487999738,f000d324411431a807bac72657424c44472cc457a2b2f856442e941850c00046,0.5729166666666665,0.039334341906202726,main_short,,
0.6942396844365264,0.8157552668561451,0.4579042204689448,0.4582071497211515,0.22390317700453857,0.0832072617246596,0.0017650025214321732,0.0928065990973922,0.23350223369760403,1.0,1.0,41.529887211483526,0.04166045004042893,0.8888888888888888,0.9444444444444444,36,32,443.34443564491374,3.068764927172937,2121.547375559905,0,0,0.0,7279,moving_front,7007,static_tuned,24bfb8b9aac5b87f9f268595cf4462964bd3a01da9d8089f51ed740d780fee86,4359898ad5beb32bbf1d8eff13ccc594cdb32a36c3aec06531a94f326fed618b,0d12fa6e343d5a3366d04edb,4.82685662200015,f000d324411431a807bac72657424c44472cc457a2b2f856442e941850c00046,0.2418654684682208,0.2844175491679274,main_short,0.0,0.0
0.35898890569843667,0.5433449949571356,0.28810514372163387,0.2874594399664557,0.20574886535552195,0.36409480584972265,0.04589006555723651,0.035202240551470934,0.2475877701365638,1.0,1.0,123.81890601361572,0.2559017271810388,0.5555555555555556,0.75,36,20,443.3002211645977,3.445043876406602,2119.0354985213767,0,0,0.0,6363,storm,7004,static_tuned,24bfb8b9aac5b87f9f268595cf4462964bd3a01da9d8089f51ed740d780fee86,1ffbd60f44c9f81edacbd6236060262a241240e41dabbe8776c51fac2266503a,0e7658c662ffe9fd02b7c265,4.867750309999906,f000d324411431a807bac72657424c44472cc457a2b2f856442e941850c00046,0.0,0.6944024205748865,main_short,0.0,0.0
0.33520076903681295,0.5413593671205243,0.30812689107413005,0.308064933681442,0.08774583963691376,0.4374684820978316,0.12531517902168432,0.03762450606503039,0.309350035351039,1.0,1.0,131.4021920700958,0.2540027735753908,0.4166666666666667,0.6388888888888888,36,15,411.98324753679265,4.492129650089233,1695.5872943353786,0,27,0.0,4166,storm,7005,recruitment,24bfb8b9aac5b87f9f268595cf4462964bd3a01da9d8089f51ed740d780fee86,e5eb0adce92def657b42daaff1168729498af6b7f7eacaec91555308393fbb04,0ee3d120c50f2c435a812cbe,12.605608070000017,f000d324411431a807bac72657424c44472cc457a2b2f856442e941850c00046,0.0,0.697428139183056,main_short,27.0,0.9333333333333333
0.6591890443772062,0.7666493318204739,0.41819528492183555,0.417991456775583,0.030257186081694403,0.018910741301059002,0.0,0.1823180740164044,0.3558868900010196,0.9987392839132628,1.0,45.86166004790721,0.041824256177508824,0.9166666666666666,0.9166666666666666,36,33,363.434175823121,0.8938367877359078,2496.7762359994845,0,0,0.0,5506,sensor_fault,7002,fixed_ring,24bfb8b9aac5b87f9f268595cf4462964bd3a01da9d8089f51ed740d780fee86,fb367cc0d79aa8d9c98eb2a529262d3fdb12211bf1a4b9a1df875515bb387ab8,0f62a4ee297915f57757fb41,5.2367578380001305,f000d324411431a807bac72657424c44472cc457a2b2f856442e941850c00046,0.515625,0.08623298033282904,main_short,,
0.38195757690368126,0.48528901916288447,0.2774836106908724,0.27653061309433846,0.1800302571860817,0.15431164901664143,0.0025214321734745334,0.08974172552262563,0.24742116802966435,1.0,1.0,125.20506335098334,0.2783739914271306,0.6666666666666666,0.75,36,24,451.8500687395554,8.560339375103737,1315.21029708947,0,29,0.0,6601,storm,7003,deadline_fusion,24bfb8b9aac5b87f9f268595cf4462964bd3a01da9d8089f51ed740d780fee86,7bba1255199adfdb1a1ba0c529b8275f13780540abed81a608a55c16f4b1390f,1020e4ce8bc05350dbb67a8d,37.32805885700009,f000d324411431a807bac72657424c44472cc457a2b2f856442e941850c00046,0.041666666666666664,0.686838124054463,main_short,29.0,2.8666666666666667
0.37130452597075136,0.481530509329299,0.2667990418557741,0.2670972638711884,0.17095310136157338,0.20852244074634393,0.0017650025214321736,0.06856987186581118,0.32250834293139324,1.0,1.0,127.8697443898134,0.28527641200201714,0.4722222222222222,0.6111111111111112,36,17,422.9318757370206,6.952860569426883,1796.9012708566215,0,20,0.0,6098,storm,7008,fungal,24bfb8b9aac5b87f9f268595cf4462964bd3a01da9d8089f51ed740d780fee86,61fbc2c3c47ea0b2f394bf19d5d944ff33916305affd279efd1232b2237e443b,1024e584a87d8a0eca7314ba,13.514487464000013,f000d324411431a807bac72657424c44472cc457a2b2f856442e941850c00046,0.03125,0.6792738275340393,main_short,20.0,1.9833333333333334
0.7288996878468628,0.8138252181886905,0.45446920946843866,0.4556020809535458,0.3600605143721634,0.0637922339889057,0.0025214321734745334,0.08666108659374264,0.36139490693979287,1.0,1.0,38.73536345024323,0.03941872322422202,0.8857142857142857,0.8857142857142857,35,31,452.44368658947633,7.64070378532226,1628.5533737960254,0,50,0.0,9490,moving_front,7001,greedy_sparse,24bfb8b9aac5b87f9f268595cf4462964bd3a01da9d8089f51ed740d780fee86,0eaaad553c80db6664d9a551f5b55b53a649071324c5a65ea020b06da777986c,107aa3a86642af155b6d703b,14.821240722000084,f000d324411431a807bac72657424c44472cc457a2b2f856442e941850c00046,0.3630096526757637,0.25416036308623297,main_short,50.0,1.65
0.3665925995965708,0.5148528113968733,0.293597138174483,0.2929834095032448,0.09379727685325265,0.2793746848209783,0.010842158345940493,0.03828569902495315,0.3092316578267885,1.0,1.0,124.58880956883507,0.26831190115985876,0.3888888888888889,0.5833333333333334,36,14,491.28906976383786,11.401286941510834,1408.5834007170713,0,43,0.0,4732,storm,7005,economic,24bfb8b9aac5b87f9f268595cf4462964bd3a01da9d8089f51ed740d780fee86,e5eb0adce92def657b42daaff1168729498af6b7f7eacaec91555308393fbb04,112956aa4e380de6d0ad4eae,15.410867191999955,f000d324411431a807bac72657424c44472cc457a2b2f856442e941850c00046,0.010416666666666666,0.6898638426626323,main_short,43.0,4.283333333333333
0.690352370146243,0.7835429273827532,0.38670890065557234,0.38677770134338757,0.05597579425113464,0.02445789208270297,0.0,0.17564490188592607,0.262922600461621,0.9629349470499243,1.0,39.39532904689864,0.026506555723651033,1.0,1.0,36,36,438.4188613141623,9.463908390549875,1919.8932708371199,0,51,0.0,6139,sensor_fault,7010,economic,24bfb8b9aac5b87f9f268595cf4462964bd3a01da9d8089f51ed740d780fee86,c0265f2f5da1b8f1e6334a7d1da15d24852be86831d4583cf0a020b238d73be2,11d93039d7df4d9efe9fcc47,13.314468687000044,f000d324411431a807bac72657424c44472cc457a2b2f856442e941850c00046,0.5416666666666666,0.07715582450832073,main_short,51.0,5.016666666666667
0.3784433308119011,0.5279878971255674,0.28429147755925366,0.2847200040263591,0.22239031770045387,0.26727181038830056,0.020675743822491176,0.0535620606094617,0.19641367827109996,1.0,1.0,120.57551689359555,0.260148764498235,0.6388888888888888,0.75,36,23,443.2693936558819,3.458435426208793,2119.087317078729,0,0,0.0,7209,storm,7016,static_tuned,24bfb8b9aac5b87f9f268595cf4462964bd3a01da9d8089f51ed740d780fee86,c01d3e850dcea516d0864d501fedc94fd615e60fababbc941400707247a8bedb,12c498666ad815df4a8a0af2,4.928662283999984,f000d324411431a807bac72657424c44472cc457a2b2f856442e941850c00046,0.03645833333333333,0.6792738275340393,main_short,0.0,0.0
0.7587383383761976,0.8063540090771556,0.4175097705496722,0.4175715348754836,0.16036308623298035,0.005042864346949067,0.0,0.19474165310937058,0.3351422577637589,0.9692385274836108,1.0,31.694008446797778,0.0193125945537065,1.0,1.0,36,36,470.5956753007066,9.565877011236337,2020.188045849695,0,32,0.0,8213,sensor_fault,7011,fungal,24bfb8b9aac5b87f9f268595cf4462964bd3a01da9d8089f51ed740d780fee86,50b7b3fbf7cedf803850a0428d40ee1ccc4080b783db00698cf7730c8a755b36,135aaf5aac82031171b105a6,14.113172404000125,f000d324411431a807bac72657424c44472cc457a2b2f856442e941850c00046,0.6406249999999999,0.02723146747352496,main_short,32.0,3.2
0.3623298033282904,0.55943488401412,0.30826084215834587,0.30779197717944645,0.17700453857791226,0.4092284417549168,0.07539082198688855,0.02758891355825013,0.3101615370915376,1.0,1.0,119.72981278366112,0.22655856026222893,0.4444444444444444,0.6944444444444444,36,16,443.3397197508914,3.469545554844512,2119.8700383816436,0,0,0.0,5611,storm,7005,static_tuned,24bfb8b9aac5b87f9f268595cf4462964bd3a01da9d8089f51ed740d780fee86,e5eb0adce92def657b42daaff1168729498af6b7f7eacaec91555308393fbb04,13744da572caa5f036c99313,4.757251913000005,f000d324411431a807bac72657424c44472cc457a2b2f856442e941850c00046,0.0,0.6762481089258698,main_short,0.0,0.0
0.3565935451336359,0.5345199823499748,0.2947948184568835,0.29609018751576816,0.1043872919818457,0.29853756933938475,0.038073625819465454,0.0970737718508625,0.36999553336846636,1.0,1.0,121.67876166162377,0.2421678013111447,0.5428571428571428,0.6571428571428571,35,19,415.38935677813765,5.628222021867691,1578.8250099717,0,37,0.0,4907,storm,7001,greedy_sparse,24bfb8b9aac5b87f9f268595cf4462964bd3a01da9d8089f51ed740d780fee86,9b5a428363b62ad024a6d518c6bdc283191d1cf8739502f5298786104f688bf6,13b8f5e6f6a65c2193868b6a,15.956004860999997,f000d324411431a807bac72657424c44472cc457a2b2f856442e941850c00046,0.020833333333333332,0.7065052950075643,main_short,37.0,1.4166666666666667
0.7254107248831506,0.8294822676876709,0.5146118241746325,0.515153576928672,0.18456883509833585,0.07967725668179526,0.0020171457387796266,0.11586584940567578,0.2855103647295731,1.0,1.0,38.17464429918055,0.035106295797412285,0.9444444444444444,0.9722222222222222,36,34,500.57650769568994,13.344319316088809,1347.6384746324597,0,57,0.0,6967,moving_front,7000,economic,24bfb8b9aac5b87f9f268595cf4462964bd3a01da9d8089f51ed740d780fee86,5bd218142e142fa4278b4a5cda21ab3f6b168aad1e4f87cf0725f2f9c148a9ed,13f89ad82b7961f3e28a66a3,14.700354188999881,f000d324411431a807bac72657424c44472cc457a2b2f856442e941850c00046,0.2657331255224619,0.2632375189107413,main_short,57.0,5.666666666666667
0.72985218103883,0.8007910993444276,0.4177382753403933,0.41801263497139723,0.06505295007564296,0.01437216338880484,0.0,0.16165799698720984,0.3985806753182885,1.0,1.0,35.50590172718104,0.024828227433182047,1.0,1.0,36,36,406.19046634433755,5.661195518692831,2045.3812486525474,0,48,0.0,6286,sensor_fault,7018,greedy_sparse,24bfb8b9aac5b87f9f268595cf4462964bd3a01da9d8089f51ed740d780fee86,20cbee7be12f3041b6f80dfbab6cf06c7cd24e2dceeb098a373acea1952196d8,14127ec16cbdacac6b9532cc,36.2099001419997,f000d324411431a807bac72657424c44472cc457a2b2f856442e941850c00046,0.578125,0.0453857791225416,main_short,48.0,1.65
0.741945056888389,0.8086483473880738,0.46154621002471297,0.46354366301251015,0.3237518910741301,0.017650025214321734,0.0,0.11808108793227463,0.18517871397116667,1.0,1.0,38.23807283606037,0.04502796637550202,0.9444444444444444,0.9722222222222222,36,34,512.9048104716991,13.877569807869683,1467.586618071433,0,57,0.0,9259,moving_front,7013,economic,24bfb8b9aac5b87f9f268595cf4462964bd3a01da9d8089f51ed740d780fee86,0aace0ec30ee371a7c2663e2411d8b6b713bd3c12b78091846cea85ee9e6f3b4,144107cbce9298a9e7b5a61d,16.480029836999847,f000d324411431a807bac72657424c44472cc457a2b2f856442e941850c00046,0.3511030764596086,0.21331316187594554,main_short,57.0,5.7
0.6776033787191124,0.7552477307110438,0.3501954109934442,0.34902870274109826,0.049924357034795766,0.009329299041855775,0.0,0.19627596036864073,0.4906717218523344,0.9069591527987897,1.0,43.879065809379725,0.040981152294503276,0.9722222222222222,0.9722222222222222,36,35,443.06752300495765,3.0932642679128897,2121.759634198991,0,0,0.0,6239,sensor_fault,7006,static_tuned,24bfb8b9aac5b87f9f268595cf4462964bd3a01da9d8089f51ed740d780fee86,5772c05e39ffe56db9fe4d550c615751b591862ac0732ff00bde5b9c136479f3,1477ffbe0b2131b8354a52e1,5.202528655000151,f000d324411431a807bac72657424c44472cc457a2b2f856442e941850c00046,0.515625,0.08925869894099848,main_short,0.0,0.0
0.7918894379828447,0.8560466138310691,0.5156167874327791,0.5164364591585308,0.35703479576399394,0.029500756429652043,0.0,0.13270065403964987,0.38983318786977067,1.0,1.0,30.183985661954736,0.03310351532308926,0.9722222222222222,0.9722222222222222,36,35,464.6726276180917,8.402155850489757,1538.9938730685237,0,50,0.0,9491,moving_front,7014,greedy_sparse,24bfb8b9aac5b87f9f268595cf4462964bd3a01da9d8089f51ed740d780fee86,358f3d3ac5e4c7943da7c4ded7230c7e4afe2570f3a3d3555871e5543b789f00,14b2a50e78f809fae04827b4,17.33779139399985,f000d324411431a807bac72657424c44472cc457a2b2f856442e941850c00046,0.46556155426423906,0.13313161875945537,main_short,50.0,1.6666666666666667
0.3329945158850227,0.5141121406959153,0.2791146621280887,0.27937193917137537,0.1664145234493192,0.42133131618759456,0.09051941502773575,0.03597217581345857,0.23541720157541157,1.0,1.0,135.8463738653555,0.28351928895612705,0.4722222222222222,0.7222222222222222,36,17,443.27557914336194,3.457566496769091,2118.4752353660674,0,0,0.0,5682,storm,7010,static_tuned,24bfb8b9aac5b87f9f268595cf4462964bd3a01da9d8089f51ed740d780fee86,c0265f2f5da1b8f1e6334a7d1da15d24852be86831d4583cf0a020b238d73be2,14cc4c70c3c8efd58cf927c9,4.17630684300002,f000d324411431a807bac72657424c44472cc457a2b2f856442e941850c00046,0.0,0.7004538577912254,main_short,0.0,0.0
0.691482641435237,0.830833265395391,0.5159521819264942,0.5164546962046215,0.1815431164901664,0.14826021180030255,0.015632879475542105,0.1177775578098218,0.28266161840558424,1.0,1.0,43.56991780508333,0.04499101403742171,0.9166666666666666,0.9722222222222222,36,33,445.47552532196914,7.374087660558732,1648.269574727247,0,51,0.0,6355,moving_front,7000,recruitment,24bfb8b9aac5b87f9f268595cf4462964bd3a01da9d8089f51ed740d780fee86,5bd218142e142fa4278b4a5cda21ab3f6b168aad1e4f87cf0725f2f9c148a9ed,1517eceb75806dbc852fc827,12.670676254,f000d324411431a807bac72657424c44472cc457a2b2f856442e941850c00046,0.17724161617978076,0.32223903177004537,main_short,51.0,1.7
0.5031123928391326,0.7657983484619263,0.3825091401916288,0.3805648335915466,0.0,0.12052445789208269,0.0007564296520423601,0.20745950751199987,0.4959709337804294,0.8908219868885526,0.9997478567826527,54.71799357034796,0.040295637922339894,0.9722222222222222,0.9722222222222222,36,35,363.4328681708479,0.9019157470250327,2496.75963377726,0,0,0.0,2642,sensor_fault,7006,fixed_ring,24bfb8b9aac5b87f9f268595cf4462964bd3a01da9d8089f51ed740d780fee86,5772c05e39ffe56db9fe4d550c615751b591862ac0732ff00bde5b9c136479f3,15f7b4987e9da767f5eafeaa,4.9186624349999875,f000d324411431a807bac72657424c44472cc457a2b2f856442e941850c00046,0.23958333333333331,0.45537065052950076,main_short,,
0.3685624684820978,0.48208995209278865,0.27801941502773575,0.2777893377145095,0.11649016641452345,0.2160867372667675,0.014624306606152293,0.03778070699181559,0.3107686718894604,1.0,1.0,130.6710161371659,0.29900245839636913,0.4166666666666667,0.5833333333333334,36,15,466.8182551826878,9.790276133390682,1242.5033011675366,0,32,0.0,5280,storm,7005,deadline_fusion,24bfb8b9aac5b87f9f268595cf4462964bd3a01da9d8089f51ed740d780fee86,e5eb0adce92def657b42daaff1168729498af6b7f7eacaec91555308393fbb04,1674818ecacfe5afd2b09bc8,39.11429176799993,f000d324411431a807bac72657424c44472cc457a2b2f856442e941850c00046,0.026041666666666664,0.6838124054462935,main_short,32.0,3.2
0.3588155572365103,0.5369862581946545,0.2897125567322239,0.2902143464856925,0.2118003025718608,0.37241553202218863,0.03681290973272819,0.04758540065789694,0.3233141256810404,1.0,1.0,122.5074461043873,0.24094648260211793,0.4444444444444444,0.6388888888888888,36,16,443.238100129471,3.401164364738779,2118.0851999015854,0,0,0.0,6501,storm,7008,static_tuned,24bfb8b9aac5b87f9f268595cf4462964bd3a01da9d8089f51ed740d780fee86,61fbc2c3c47ea0b2f394bf19d5d944ff33916305affd279efd1232b2237e443b,16c6d8647bb1679ae8241ce6,4.032907088999991,f000d324411431a807bac72657424c44472cc457a2b2f856442e941850c00046,0.0,0.6853252647503782,main_short,0.0,0.0
0.7322217363939227,0.8166892425398186,0.49210457397932794,0.4909070118299148,0.2708018154311649,0.07034795763993948,0.00302571860816944,0.09201663894943916,0.23763415177136574,1.0,1.0,39.8807374903783,0.04641834309046866,0.9166666666666666,0.9166666666666666,36,33,443.9077817039281,7.475500676361933,1539.3505279691276,0,50,0.0,8088,moving_front,7011,recruitment,24bfb8b9aac5b87f9f268595cf4462964bd3a01da9d8089f51ed740d780fee86,a045df01d14234cb96176801d87713dde0c5b1030233001228c3094e00dd4a73,1855f338b43cdf93f0ef628f,17.376083757999822,f000d324411431a807bac72657424c44472cc457a2b2f856442e941850c00046,0.33659982802651955,0.2708018154311649,main_short,50.0,1.6666666666666667
0.36693929652042356,0.48551752395360553,0.2731183812405446,0.27236291384316436,0.11649016641452345,0.1707009581442259,0.019415027735753907,0.06523761704388756,0.247800910628417,1.0,1.0,138.39290216843168,0.336083270297529,0.6111111111111112,0.6944444444444444,36,22,1125.7272781984418,21.492969577024887,1694.1921480063302,0,15,0.0,5864,storm,7004,adaptive,24bfb8b9aac5b87f9f268595cf4462964bd3a01da9d8089f51ed740d780fee86,1ffbd60f44c9f81edacbd6236060262a241240e41dabbe8776c51fac2266503a,18df4ce854ade3593ed54a5c,7.131096351999986,f000d324411431a807bac72657424c44472cc457a2b2f856442e941850c00046,0.046875,0.6928895612708018,main_short,,
0.3619988653555219,0.4771810388300554,0.25892744578920823,0.2584313468096516,0.15279878971255673,0.19213313161875945,0.024962178517397876,0.054341850521102436,0.1898767774015449,1.0,1.0,133.79971949067067,0.3055424230963187,0.5277777777777778,0.6666666666666666,36,19,449.7229468962931,8.60305844636294,1033.5838224834235,0,27,0.0,6374,storm,7013,deadline_fusion,24bfb8b9aac5b87f9f268595cf4462964bd3a01da9d8089f51ed740d780fee86,7566b3dd58ba1b4b73cead9a88da4a0d93430742ea574afa5e3d674dbfd7a1c5,193431834567b419d29f1d96,39.269130442999995,f000d324411431a807bac72657424c44472cc457a2b2f856442e941850c00046,0.020833333333333332,0.6822995461422088,main_short,27.0,2.65
0.3779390443772062,0.4605868633383761,0.2612755295007564,0.26070946459138905,0.1800302571860817,0.10665658093797277,0.0012607160867372667,0.06269496378567198,0.17904474245383337,1.0,1.0,134.09295417297025,0.3221681164901664,0.5833333333333334,0.6944444444444444,36,21,484.5591539154029,11.087064114089518,1097.1341711909881,0,38,0.0,7290,storm,7002,deadline_fusion,24bfb8b9aac5b87f9f268595cf4462964bd3a01da9d8089f51ed740d780fee86,fb367cc0d79aa8d9c98eb2a529262d3fdb12211bf1a4b9a1df875515bb387ab8,19a80c22d601b6ab233e5497,41.26575410300006,f000d324411431a807bac72657424c44472cc457a2b2f856442e941850c00046,0.05208333333333333,0.6883509833585476,main_short,38.0,3.8
0.3164082198688855,0.48704614220877457,0.27418998991427135,0.273983711932829,0.09984871406959153,0.38830055471507813,0.08799798285426123,0.07142776706080346,0.3273626874134264,1.0,1.0,141.90439044377206,0.30213061018658594,0.6111111111111112,0.7777777777777778,36,22,457.79927110699697,8.690373300397226,1427.6482692162706,0,35,0.0,4365,storm,7017,fungal,24bfb8b9aac5b87f9f268595cf4462964bd3a01da9d8089f51ed740d780fee86,fded3c51bb367e0df8af6f8249b634fefe0cc389845c26618e90a9b29d9c3139,1a438f5005b6e2ba4cb8fb53,13.67500217099996,f000d324411431a807bac72657424c44472cc457a2b2f856442e941850c00046,0.0,0.7246596066565809,main_short,35.0,3.25
0.6433411788632925,0.8089253611005097,0.47989421752614286,0.48038266587507156,0.20121028744326777,0.17473524962178516,0.018406454866364094,0.10296946389464666,0.3233270250809206,1.0,1.0,51.993913118031614,0.052996627075646036,0.9166666666666666,0.9166666666666666,36,33,443.65287960139716,7.304970293938599,1776.4149155654225,0,49,0.0,6552,moving_front,7015,greedy_sparse,24bfb8b9aac5b87f9f268595cf4462964bd3a01da9d8089f51ed740d780fee86,277879760b7636cf423ed8f2b038495b33a699b960bf9fcac3c05a45a91ae287,1a4be3d1af1421db4e02817e,16.06124090200001,f000d324411431a807bac72657424c44472cc457a2b2f856442e941850c00046,0.05046800640181605,0.34795763993948564,main_short,49.0,1.6166666666666667
0.37715109682299536,0.4805928517397882,0.2816754916792738,0.2810776617462216,0.1588502269288956,0.1389309127584468,0.007312153303076147,0.10491381140838285,0.24846337067755334,1.0,1.0,133.21979009077157,0.32147472264246085,0.5555555555555556,0.6111111111111112,36,20,1005.0135020550005,18.499097546464974,1716.2541828349429,0,9,0.0,6592,storm,7003,adaptive,24bfb8b9aac5b87f9f268595cf4462964bd3a01da9d8089f51ed740d780fee86,7bba1255199adfdb1a1ba0c529b8275f13780540abed81a608a55c16f4b1390f,1b53ccf8e127059d603445ff,6.91687695600001,f000d324411431a807bac72657424c44472cc457a2b2f856442e941850c00046,0.005208333333333333,0.6777609682299546,main_short,,
0.314982034795764,0.48783408976298526,0.27236983106404433,0.27161546136502795,0.07110438729198185,0.4178013111447301,0.06202723146747353,0.09222498729917322,0.3160008340903698,1.0,1.0,140.38369106152294,0.30114567574382245,0.4444444444444444,0.75,36,16,449.6975914243216,8.491282061799112,1684.186579542665,0,37,0.0,3932,storm,7015,economic,24bfb8b9aac5b87f9f268595cf4462964bd3a01da9d8089f51ed740d780fee86,b549dfc41676c63078393edb7074f42e4f0927a271f4a7ecca93c1f6bdaa8078,1c3e8e6892d893a0387199eb,19.42708184900016,f000d324411431a807bac72657424c44472cc457a2b2f856442e941850c00046,0.0,0.7186081694402421,main_short,37.0,3.7
0.6989495007238589,0.8242873809017783,0.4931239996493043,0.49529447958172307,0.0832072617246596,0.06883509833585477,0.0,0.07296924221110103,0.23477306883256024,1.0,1.0,45.302293231883546,0.061590299081115026,0.9166666666666666,0.9722222222222222,36,33,2149.6430579423936,43.349640125562566,835.7619820366195,0,17,0.0,6103,moving_front,7007,adaptive,24bfb8b9aac5b87f9f268595cf4462964bd3a01da9d8089f51ed740d780fee86,4359898ad5beb32bbf1d8eff13ccc594cdb32a36c3aec06531a94f326fed618b,1c6fa52263d797fba3b602d0,8.161406296999985,f000d324411431a807bac72657424c44472cc457a2b2f856442e941850c00046,0.27273413743322006,0.2329803328290469,main_short,,
0.6268816731807968,0.8199214509876096,0.501499808437077,0.5003328040704544,0.07715582450832073,0.16893595562279376,0.020675743822491176,0.1007151717298894,0.24170440374928534,1.0,1.0,54.08096636474512,0.059704324702037945,0.8333333333333334,0.9166666666666666,36,30,363.80092671440065,0.8977226676419813,2495.093611284522,0,0,0.0,4858,moving_front,7011,fixed_ring,24bfb8b9aac5b87f9f268595cf4462964bd3a01da9d8089f51ed740d780fee86,a045df01d14234cb96176801d87713dde0c5b1030233001228c3094e00dd4a73,1cd892bc0343de08687b73cc,5.286991401000023,f000d324411431a807bac72657424c44472cc457a2b2f856442e941850c00046,0.0661992047406289,0.3661119515885023,main_short,,
0.7545190568580217,0.8192109051050607,0.5168982028454037,0.5167658638294742,0.2783661119515885,0.02370146243066061,0.0,0.08780120484658747,0.19438019201181714,1.0,1.0,43.550635870148845,0.07009037714428205,0.9444444444444444,0.9444444444444444,36,34,2185.2841070202576,42.69659110548158,1012.4870176762101,0,10,0.0,9682,moving_front,7002,adaptive,24bfb8b9aac5b87f9f268595cf4462964bd3a01da9d8089f51ed740d780fee86,5b23548e342cd0e105b412e1f6ff973e8f388f6fbedb3fc9e75b3089b159ddd9,1ed3fe0c8b53215c5ead7094,8.182488644999921,f000d324411431a807bac72657424c44472cc457a2b2f856442e941850c00046,0.4661794501325591,0.12859304084720122,main_short,,
0.7383796199999139,0.834338787173813,0.5108977013263843,0.511498880740962,0.19969742813918306,0.05597579425113466,0.0020171457387796266,0.11722859257778176,0.2860078344873948,1.0,1.0,36.6995777726148,0.03532777411368444,0.9166666666666666,0.9166666666666666,36,33,513.9154880066329,13.51214322465484,1459.8086946203339,0,47,0.0,7242,moving_front,7000,deadline_fusion,24bfb8b9aac5b87f9f268595cf4462964bd3a01da9d8089f51ed740d780fee86,5bd218142e142fa4278b4a5cda21ab3f6b168aad1e4f87cf0725f2f9c148a9ed,1ee56d4c2d1ca2a67a3dbfef,38.12802241999998,f000d324411431a807bac72657424c44472cc457a2b2f856442e941850c00046,0.30107277110449115,0.2329803328290469,main_short,47.0,4.683333333333334
0.8167785552193646,0.8518028240040343,0.44571041351487634,0.44555509887670525,0.20121028744326777,0.0,0.0,0.188380229352448,0.42986732620542645,1.0,1.0,24.80679525970751,0.01390727433182047,0.9444444444444444,0.9444444444444444,36,34,457.5715089719921,9.880296573227714,1883.8409790989097,0,33,0.0,9125,sensor_fault,7014,deadline_fusion,24bfb8b9aac5b87f9f268595cf4462964bd3a01da9d8089f51ed740d780fee86,ac5fa5d877e58450b21b5619aadcad71ab1db9e7cd210fd1cd516ef4a934c028,20140da9d33ae348425a6edf,45.52397276900001,f000d324411431a807bac72657424c44472cc457a2b2f856442e941850c00046,0.7135416666666665,0.006051437216338881,main_short,33.0,3.3
0.7298994578920827,0.7594238527483609,0.3506287821482602,0.3497130553015295,0.4145234493192133,0.0012607160867372667,0.0,0.14173543147054776,0.33595226988088556,0.9848714069591528,1.0,37.306125504286435,0.03143122793746848,1.0,1.0,36,36,808.2998423004565,12.178602596169231,1857.3334958743262,0,7,0.0,11774,sensor_fault,7011,adaptive,24bfb8b9aac5b87f9f268595cf4462964bd3a01da9d8089f51ed740d780fee86,50b7b3fbf7cedf803850a0428d40ee1ccc4080b783db00698cf7730c8a755b36,2098380ba81abea8f66775e7,7.872248894999757,f000d324411431a807bac72657424c44472cc457a2b2f856442e941850c00046,0.6302083333333333,0.02723146747352496,main_short,,
0.36621438477054963,0.48729828542612197,0.2672166540595058,0.2665587715404245,0.1361573373676248,0.20196671709531014,0.013867876954109933,0.04693194458087666,0.18953400644763707,1.0,1.0,130.2623865355522,0.29754475542107917,0.5,0.6388888888888888,36,18,456.3667600678834,9.918746487792921,1350.4073580080596,0,40,0.0,5602,storm,7013,economic,24bfb8b9aac5b87f9f268595cf4462964bd3a01da9d8089f51ed740d780fee86,7566b3dd58ba1b4b73cead9a88da4a0d93430742ea574afa5e3d674dbfd7a1c5,2141436ef714aeeeec23cbbd,13.177760884000008,f000d324411431a807bac72657424c44472cc457a2b2f856442e941850c00046,0.03125,0.686838124054463,main_short,40.0,4.0
0.657999243570348,0.8131776348966211,0.42450674483106404,0.4247135701196217,0.0030257186081694403,0.04891578416540594,0.0,0.19794656504388833,0.4884928528700747,0.9500756429652042,1.0,37.214408408976304,0.01176405698436712,0.9714285714285714,1.0,35,34,363.4256357691253,0.8809362909268135,2496.9576518641916,0,0,0.0,4074,sensor_fault,7001,fixed_ring,24bfb8b9aac5b87f9f268595cf4462964bd3a01da9d8089f51ed740d780fee86,9b5a428363b62ad024a6d518c6bdc283191d1cf8739502f5298786104f688bf6,224d2993034d401b32954434,5.040119845999925,f000d324411431a807bac72657424c44472cc457a2b2f856442e941850c00046,0.43749999999999994,0.15128593040847202,main_short,,
0.7015412254160363,0.781911875945537,0.39507690368129084,0.39601418778833325,0.05597579425113464,0.020927887039838628,0.0,0.17331971191135373,0.3928756644220628,0.9077155824508321,1.0,39.854663073625815,0.032944087241553205,0.9444444444444444,0.9444444444444444,36,34,442.9271302196944,3.0806521889342573,2121.6568966329846,0,0,0.0,6376,sensor_fault,7007,static_tuned,24bfb8b9aac5b87f9f268595cf4462964bd3a01da9d8089f51ed740d780fee86,b9aa9c192ff362205c201c037cc4f3c7c2aba8b7e0c4fd0ef068255fea54f756,2279067fda53165e525f7099,4.540508589000183,f000d324411431a807bac72657424c44472cc457a2b2f856442e941850c00046,0.5364583333333333,0.08774583963691376,main_short,0.0,0.0
0.6585429273827533,0.7066550050428643,0.29706410741301054,0.29574840599956576,0.2118003025718608,0.0027735753908219867,0.0,0.17337783026550477,0.49286296262361035,0.9293998991427129,1.0,49.0748313792234,0.057252269288956124,0.9444444444444444,0.9444444444444444,36,34,490.9127294284441,4.130623518392869,1946.7596344514004,0,1,0.0,9135,sensor_fault,7006,adaptive,24bfb8b9aac5b87f9f268595cf4462964bd3a01da9d8089f51ed740d780fee86,5772c05e39ffe56db9fe4d550c615751b591862ac0732ff00bde5b9c136479f3,22869f2d6cb23c2191adcc18,7.846803386999909,f000d324411431a807bac72657424c44472cc457a2b2f856442e941850c00046,0.5208333333333333,0.08623298033282904,main_short,,
0.36009203227433173,0.5022535300050428,0.2775939233484619,0.27800592828733106,0.12405446293494705,0.26197680282400404,0.01916288451840645,0.08271620625967249,0.18914339552432505,1.0,1.0,128.60190525718608,0.28089542360060515,0.5555555555555556,0.6666666666666666,36,20,428.34063391228295,6.716626041441788,1513.5537083200338,0,48,0.0,5564,storm,7009,greedy_sparse,24bfb8b9aac5b87f9f268595cf4462964bd3a01da9d8089f51ed740d780fee86,956a9ceb80df2feb4bb3b76f79213a7f0cb93b60e4835d44d36852e549355e78,239590aa71e1e5af2ea58715,14.052801216999796,f000d324411431a807bac72657424c44472cc457a2b2f856442e941850c00046,0.020833333333333332,0.6883509833585476,main_short,48.0,1.8166666666666667
0.33284480584972265,0.5342048033282903,0.28946041351487645,0.290814183379416,0.17095310136157338,0.46747352496217853,0.1341401916288452,0.030857699727198883,0.2188373433279475,1.0,1.0,135.42860407211293,0.2638521180030257,0.6944444444444444,0.8333333333333334,36,25,443.2631277888796,3.426295379906603,2118.6651254018866,0,0,0.0,5525,storm,7007,static_tuned,24bfb8b9aac5b87f9f268595cf4462964bd3a01da9d8089f51ed740d780fee86,b9aa9c192ff362205c201c037cc4f3c7c2aba8b7e0c4fd0ef068255fea54f756,241cb8f958da8ab5b52bbf19,4.956254542000011,f000d324411431a807bac72657424c44472cc457a2b2f856442e941850c00046,0.0,0.7034795763993948,main_short,0.0,0.0
0.3189217725668179,0.5384360816944024,0.3042738275340393,0.3042219980718304,0.11195158850226929,0.45537065052950076,0.10791729702471003,0.06888266045077569,0.3960327350511624,1.0,1.0,132.65447711800303,0.26073972516389304,0.6944444444444444,0.8333333333333334,36,25,423.94229999810796,5.862817377237335,1750.461522245891,0,41,0.0,4650,storm,7018,greedy_sparse,24bfb8b9aac5b87f9f268595cf4462964bd3a01da9d8089f51ed740d780fee86,20cbee7be12f3041b6f80dfbab6cf06c7cd24e2dceeb098a373acea1952196d8,2448ea31003f9ba62667008e,13.976183784999876,f000d324411431a807bac72657424c44472cc457a2b2f856442e941850c00046,0.0,0.7246596066565809,main_short,41.0,1.5166666666666666
0.31120776601109423,0.57681700706001,0.32427981593545124,0.324809489407719,0.12254160363086233,0.5380736258194654,0.21255673222390317,0.09313428030059277,0.323021476230228,1.0,1.0,142.80588124054464,0.28589889056984363,0.4722222222222222,0.6666666666666666,36,17,363.9154916609867,1.1746851098911202,2492.482344042019,0,0,0.0,4555,storm,7008,fixed_ring,24bfb8b9aac5b87f9f268595cf4462964bd3a01da9d8089f51ed740d780fee86,61fbc2c3c47ea0b2f394bf19d5d944ff33916305affd279efd1232b2237e443b,244f443ca7b90cd7adb52edc,4.338270322000085,f000d324411431a807bac72657424c44472cc457a2b2f856442e941850c00046,0.0,0.7201210287443268,main_short,,
0.7554258274512338,0.8169692140960767,0.48404346416587035,0.483131517141111,0.3313161875945537,0.024710035300050427,0.0,0.09678590308293457,0.3277406153555411,1.0,1.0,38.57034702393168,0.044894210543815635,0.9444444444444444,0.9444444444444444,36,34,500.7037997342661,13.222855812536954,1443.7426971227271,0,47,0.0,9100,moving_front,7008,fungal,24bfb8b9aac5b87f9f268595cf4462964bd3a01da9d8089f51ed740d780fee86,a9dc4e7a83ea86ea436568b7b9e6ff3f12c69e20d2897f78617ebd8a5771ceb1,258f37bc3e0d5472ec9274d3,15.346494739999798,f000d324411431a807bac72657424c44472cc457a2b2f856442e941850c00046,0.35898117034371746,0.21936459909228442,main_short,47.0,4.7
0.3169203857791225,0.5746737897125568,0.32618664901664146,0.32567517582926825,0.14069591527987896,0.5363086232980332,0.22692889561270801,0.12535373656316692,0.2449457173510261,1.0,1.0,139.13676405698436,0.26119673474533533,0.4444444444444444,0.75,36,16,363.9210899020414,1.2039798732887528,2493.6051706957574,0,0,0.0,4922,storm,7003,fixed_ring,24bfb8b9aac5b87f9f268595cf4462964bd3a01da9d8089f51ed740d780fee86,7bba1255199adfdb1a1ba0c529b8275f13780540abed81a608a55c16f4b1390f,25f114c3d2ccfa6006be0f1a,4.785961251000003,f000d324411431a807bac72657424c44472cc457a2b2f856442e941850c00046,0.0,0.7155824508320726,main_short,,
0.7508836834055601,0.8083990272087728,0.48232760422760906,0.4839194295765031,0.3267776096822995,0.019162884518406455,0.0,0.08333014363506118,0.19181725600390537,1.0,1.0,37.983074959078564,0.046332297897282715,0.9444444444444444,0.9444444444444444,36,34,518.2422334533543,13.85036663831913,1474.26040460713,0,54,0.0,9571,moving_front,7009,economic,24bfb8b9aac5b87f9f268595cf4462964bd3a01da9d8089f51ed740d780fee86,6e2d005a512f8f795588b53a08d35435fd833e215d9a9396f9ada02b8104fa48,2609296534372f7927834e2e,14.87492577099988,f000d324411431a807bac72657424c44472cc457a2b2f856442e941850c00046,0.3889408326248263,0.2254160363086233,main_short,54.0,5.383333333333334
0.7146503050274654,0.8295921699134162,0.4818361283922459,0.48281995041367287,0.14826021180030258,0.07236510337871911,0.0005042864346949066,0.10404384581101714,0.22905861144416567,1.0,1.0,41.09803145511231,0.047973197766641884,0.8888888888888888,0.9166666666666666,36,32,494.4664779285208,12.71447711394464,1519.4087008731492,0,47,0.0,6509,moving_front,7007,deadline_fusion,24bfb8b9aac5b87f9f268595cf4462964bd3a01da9d8089f51ed740d780fee86,4359898ad5beb32bbf1d8eff13ccc594cdb32a36c3aec06531a94f326fed618b,260ad1f853d1b424c213a1bc,37.279743040000085,f000d324411431a807bac72657424c44472cc457a2b2f856442e941850c00046,0.2912031695004924,0.26777609682299547,main_short,47.0,4.7
0.38364378466969234,0.4955008194654563,0.27313414019162885,0.27289145336726084,0.16187594553706505,0.16691880988401409,0.0055471507816439725,0.09858781178070584,0.19766204848436777,1.0,1.0,126.38158724155319,0.2909732728189611,0.6388888888888888,0.7222222222222222,36,23,454.96943962045196,9.896923629478419,1398.3741648470702,0,42,0.0,6830,storm,7016,economic,24bfb8b9aac5b87f9f268595cf4462964bd3a01da9d8089f51ed740d780fee86,c01d3e850dcea516d0864d501fedc94fd615e60fababbc941400707247a8bedb,2634dafbb3b7fa4a3a67c1bb,14.939863403000118,f000d324411431a807bac72657424c44472cc457a2b2f856442e941850c00046,0.05208333333333333,0.680786686838124,main_short,42.0,4.2
0.6662242317009688,0.7856955511752103,0.4496549801987209,0.44845744375753993,0.23903177004538578,0.11296016137165908,0.0005042864346949066,0.1180548134618943,0.2337717961477685,0.9984871406959153,1.0,50.870521998798914,0.06513957021211024,0.9166666666666666,0.9722222222222222,36,33,449.447739317954,7.111988542564672,1425.422216968368,0,52,0.0,7419,moving_front,7019,recruitment,24bfb8b9aac5b87f9f268595cf4462964bd3a01da9d8089f51ed740d780fee86,7fc013544a2434726446cf0cb1c220e784a923ebb4fc53407d1bf1d9ae765b5f,2710c6fbaf9a2c5536881a47,16.901174746999914,f000d324411431a807bac72657424c44472cc457a2b2f856442e941850c00046,0.13623248354130543,0.34493192133131617,main_short,52.0,1.7333333333333334
0.6707245965708521,0.7252899646999494,0.3333727307110439,0.3332191293835845,0.12254160363086233,0.010337871911245588,0.0,0.1625497373621317,0.4194339490720182,0.9795763993948563,1.0,48.14284701210287,0.053982286938981335,0.9166666666666666,0.9166666666666666,36,33,632.858967051983,8.122326746534586,1925.3398983012146,0,5,0.0,7835,sensor_fault,7015,adaptive,24bfb8b9aac5b87f9f268595cf4462964bd3a01da9d8089f51ed740d780fee86,b549dfc41676c63078393edb7074f42e4f0927a271f4a7ecca93c1f6bdaa8078,273d03692d735f65200f2c4c,18.29322397399983,f000d324411431a807bac72657424c44472cc457a2b2f856442e941850c00046,0.546875,0.039334341906202726,main_short,,
0.7423684510710986,0.8515086905822803,0.5079156122693979,0.5072029947012806,0.2526475037821483,0.09304084720121028,0.00453857791225416,0.0864763433774152,0.30398536229393164,1.0,1.0,35.19318976281354,0.030901859708912707,0.9722222222222222,1.0,36,35,453.6905502562362,7.635765016369694,1603.0549399791137,0,49,0.0,7814,moving_front,7005,greedy_sparse,24bfb8b9aac5b87f9f268595cf4462964bd3a01da9d8089f51ed740d780fee86,3112fe2c83524b2f2e2f68f6ce520bfc1f93a616346ad692daac26f7b11e5a4b,2744952e397227620e2ef849,15.170248049000065,f000d324411431a807bac72657424c44472cc457a2b2f856442e941850c00046,0.22625035882763087,0.2178517397881997,main_short,49.0,1.6333333333333333
0.7840078164397377,0.8052587619768028,0.38190242057488644,0.38277848104125745,0.5204236006051437,0.0,0.0,0.17702999624303206,0.4297799157175904,0.9702471003530005,1.0,30.028523701462433,0.02552950075642965,0.9444444444444444,0.9444444444444444,36,34,552.2637084973144,6.0390657662509035,1947.2520669905657,0,3,0.0,12963,sensor_fault,7014,adaptive,24bfb8b9aac5b87f9f268595cf4462964bd3a01da9d8089f51ed740d780fee86,ac5fa5d877e58450b21b5619aadcad71ab1db9e7cd210fd1cd516ef4a934c028,2961832d96227f88da85fc31,11.345321529000103,f000d324411431a807bac72657424c44472cc457a2b2f856442e941850c00046,0.6770833333333333,0.0015128593040847202,main_short,,
0.7459094531073072,0.8507884604895657,0.4905549842395987,0.4909930261267615,0.24962178517397882,0.04462934947049924,0.0002521432173474533,0.07553193624315734,0.305509642225547,1.0,1.0,33.27295406639414,0.024516876183746067,0.9444444444444444,0.9722222222222222,36,34,443.4675881537844,3.1032704289694513,2121.917457763797,0,0,0.0,8224,moving_front,7005,static_tuned,24bfb8b9aac5b87f9f268595cf4462964bd3a01da9d8089f51ed740d780fee86,3112fe2c83524b2f2e2f68f6ce520bfc1f93a616346ad692daac26f7b11e5a4b,29d16a15b973435af41d5048,5.292817387000014,f000d324411431a807bac72657424c44472cc457a2b2f856442e941850c00046,0.2676096594295567,0.21331316187594554,main_short,0.0,0.0
0.3598241301059001,0.4916556354009076,0.2658613842662632,0.2659284540655981,0.14523449319213314,0.2660110943015633,0.021936459909228437,0.05294635826900866,0.1896836405405092,1.0,1.0,129.71232034795764,0.285851613716591,0.5,0.6666666666666666,36,18,439.3473047206238,7.118633716397037,1816.5344105064594,0,27,0.0,5480,storm,7013,fungal,24bfb8b9aac5b87f9f268595cf4462964bd3a01da9d8089f51ed740d780fee86,7566b3dd58ba1b4b73cead9a88da4a0d93430742ea574afa5e3d674dbfd7a1c5,2a6f8505a717d2db49b57af0,13.949201939999966,f000d324411431a807bac72657424c44472cc457a2b2f856442e941850c00046,0.03125,0.6853252647503782,main_short,27.0,2.5
0.7330933781694243,0.8032109143547037,0.453991186707424,0.4551598918714218,0.3524962178517398,0.07337367624810892,0.0012607160867372667,0.0939275243488651,0.2483440344070645,1.0,1.0,40.99166280467034,0.050584056469541436,0.9444444444444444,0.9722222222222222,36,34,446.6297652758687,7.615003784000924,1516.6130216768254,0,52,0.0,9459,moving_front,7003,greedy_sparse,24bfb8b9aac5b87f9f268595cf4462964bd3a01da9d8089f51ed740d780fee86,ddbf34503eff23fbcd394039890145ec197c5f33f339d9222c1ea54ac42702a6,2b166aec81435598ede6f47f,14.492658434000077,f000d324411431a807bac72657424c44472cc457a2b2f856442e941850c00046,0.3356509248941556,0.2254160363086233,main_short,52.0,1.7666666666666666
0.6121464022367844,0.8128274286422259,0.4677247467286883,0.4688282102055884,0.11800302571860817,0.15431164901664146,0.005547150781643973,0.12672037006583545,0.18890500177282563,1.0,1.0,50.22025520902373,0.050469862677049025,0.8888888888888888,0.9444444444444444,36,32,363.81052416008845,0.9244590564716618,2496.3477171639615,0,0,0.0,5395,moving_front,7013,fixed_ring,24bfb8b9aac5b87f9f268595cf4462964bd3a01da9d8089f51ed740d780fee86,0aace0ec30ee371a7c2663e2411d8b6b713bd3c12b78091846cea85ee9e6f3b4,2b20f4e55aaa3d7ef10af19e,6.059855442000071,f000d324411431a807bac72657424c44472cc457a2b2f856442e941850c00046,0.08315931080312361,0.394856278366112,main_short,,
0.6710761683370174,0.8018135610796732,0.45714833175856057,0.4554812367746175,0.1815431164901664,0.10665658093797277,0.0010085728693898133,0.10472883845517462,0.3249580048103285,1.0,1.0,47.92600982836379,0.055236465997464575,0.8611111111111112,0.9166666666666666,36,31,443.21533580551784,3.069478227944276,2122.2348482083007,0,0,0.0,6748,moving_front,7015,static_tuned,24bfb8b9aac5b87f9f268595cf4462964bd3a01da9d8089f51ed740d780fee86,277879760b7636cf423ed8f2b038495b33a699b960bf9fcac3c05a45a91ae287,2c5dddb8cc4a7aa0ce0b4250,6.279315944000018,f000d324411431a807bac72657424c44472cc457a2b2f856442e941850c00046,0.1035407538457577,0.3358547655068079,main_short,0.0,0.0
0.773520234493192,0.8061018658598083,0.40535961926374176,0.4058501871272707,0.2102874432677761,0.0,0.0,0.17401983792404271,0.4361590691045626,0.9664649520927886,1.0,28.553998045890065,0.012276222894604134,0.9444444444444444,0.9444444444444444,36,34,486.65710496194174,11.105747282507915,1806.1900052135572,0,36,0.0,9175,sensor_fault,7003,deadline_fusion,24bfb8b9aac5b87f9f268595cf4462964bd3a01da9d8089f51ed740d780fee86,7bba1255199adfdb1a1ba0c529b8275f13780540abed81a608a55c16f4b1390f,2d50489c53be73b127ff2d14,45.42612120599961,f000d324411431a807bac72657424c44472cc457a2b2f856442e941850c00046,0.6249999999999999,0.01059001512859304,main_short,36.0,3.6
0.7038971886031266,0.7946372289460413,0.4030509329299041,0.40334961899904637,0.04084720121028744,0.024205748865355523,0.0,0.15491575106096428,0.39386877358056066,0.9659606656580938,1.0,37.0660378845184,0.023827534039334335,0.9444444444444444,0.9444444444444444,36,34,423.0646397305794,5.933596798481225,2012.0671797181474,0,18,0.0,5972,sensor_fault,7007,fungal,24bfb8b9aac5b87f9f268595cf4462964bd3a01da9d8089f51ed740d780fee86,b9aa9c192ff362205c201c037cc4f3c7c2aba8b7e0c4fd0ef068255fea54f756,2dbf4ff1516ef461b023d22e,13.59799600999986,f000d324411431a807bac72657424c44472cc457a2b2f856442e941850c00046,0.53125,0.08472012102874432,main_short,18.0,1.8
0.6843245713565305,0.7663183938477054,0.35192101613716587,0.3505815639484455,0.048411497730711045,0.012607160867372666,0.0,0.18213622875928845,0.496312924994921,0.9004034291477558,1.0,40.87186396873424,0.03140758951084215,0.9722222222222222,0.9722222222222222,36,35,437.4813601963226,9.518352153075423,1929.494947353852,0,51,0.0,5997,sensor_fault,7006,economic,24bfb8b9aac5b87f9f268595cf4462964bd3a01da9d8089f51ed740d780fee86,5772c05e39ffe56db9fe4d550c615751b591862ac0732ff00bde5b9c136479f3,2dfc571f815f3ad6d09dcd16,14.578138984999896,f000d324411431a807bac72657424c44472cc457a2b2f856442e941850c00046,0.515625,0.0907715582450832,main_short,51.0,5.05
0.29998739283913256,0.5413751260716086,0.29734776853252637,0.2970509826153134,0.057488653555219364,0.530005042864347,0.20146243066061525,0.08982392230504227,0.315368656146913,1.0,1.0,145.44700264750378,0.2987818330811901,0.4444444444444444,0.7777777777777778,36,16,409.7402366671392,4.319746000538351,1941.017214119518,0,23,0.0,3481,storm,7015,greedy_sparse,24bfb8b9aac5b87f9f268595cf4462964bd3a01da9d8089f51ed740d780fee86,b549dfc41676c63078393edb7074f42e4f0927a271f4a7ecca93c1f6bdaa8078,2e4468c6619716b25fd430bf,12.161535888000117,f000d324411431a807bac72657424c44472cc457a2b2f856442e941850c00046,0.0,0.7291981845688351,main_short,23.0,0.8333333333333334
0.3369263741805345,0.48151475037821473,0.2744815305093293,0.2755061875128483,0.07413010590015129,0.2637418053454362,0.06807866868381239,0.05000492582868177,0.22857530125279538,1.0,1.0,148.072601487645,0.36323594301563283,0.6111111111111112,0.6666666666666666,36,22,981.5448309598867,17.083794594125933,1699.6077909040073,0,11,0.0,4680,storm,7007,adaptive,24bfb8b9aac5b87f9f268595cf4462964bd3a01da9d8089f51ed740d780fee86,b9aa9c192ff362205c201c037cc4f3c7c2aba8b7e0c4fd0ef068255fea54f756,2e9bfd9d479cbdd795f61678,6.7489562590000105,f000d324411431a807bac72657424c44472cc457a2b2f856442e941850c00046,0.0,0.7019667170953101,main_short,,
0.365442196167423,0.4862581946545637,0.2680124810892587,0.2674668140980851,0.1361573373676248,0.2264246091780131,0.00680786686838124,0.061244819115722174,0.2469493991304137,1.0,1.0,129.271424293999,0.29169818456883506,0.5,0.6944444444444444,36,18,462.7297866641173,9.251882579371022,1728.8610928592575,0,34,0.0,5587,storm,7004,fungal,24bfb8b9aac5b87f9f268595cf4462964bd3a01da9d8089f51ed740d780fee86,1ffbd60f44c9f81edacbd6236060262a241240e41dabbe8776c51fac2266503a,2f3878a9914314e4d25fb7a3,15.072480025000004,f000d324411431a807bac72657424c44472cc457a2b2f856442e941850c00046,0.03125,0.6989409984871406,main_short,34.0,3.3
0.39216149773071096,0.4736510337871911,0.2618743696419566,0.2614697678974573,0.1875945537065053,0.0912758446797781,0.0017650025214321732,0.08109129791348087,0.34799200905848915,1.0,1.0,129.92687846696924,0.31434379727685324,0.7222222222222222,0.7222222222222222,36,26,480.2503312222282,11.581509582929812,1209.6749564939407,0,37,0.0,7684,storm,7012,deadline_fusion,24bfb8b9aac5b87f9f268595cf4462964bd3a01da9d8089f51ed740d780fee86,6ef10a6f8528f48913779ce02125f8ae67ac504fa24b04f7d539448adf330dc7,2f5b64517ea83bbfde20eb1a,39.74598562999995,f000d324411431a807bac72657424c44472cc457a2b2f856442e941850c00046,0.06770833333333333,0.6822995461422088,main_short,37.0,3.7
0.7308311621489957,0.7991123722592736,0.45666604588743775,0.45532775559926647,0.340393343419062,0.023701462430660614,0.0,0.09022923617005402,0.3274188846370165,1.0,1.0,43.003256785742366,0.06108412088991695,0.8611111111111112,0.8611111111111112,36,31,443.33438337238135,3.060025208011898,2120.124148060008,0,0,0.0,9333,moving_front,7008,static_tuned,24bfb8b9aac5b87f9f268595cf4462964bd3a01da9d8089f51ed740d780fee86,a9dc4e7a83ea86ea436568b7b9e6ff3f12c69e20d2897f78617ebd8a5771ceb1,301dda28b01805e4e194781c,4.7597958989999825,f000d324411431a807bac72657424c44472cc457a2b2f856442e941850c00046,0.27295628082841816,0.2405446293494705,main_short,0.0,0.0
0.3079062657589511,0.5880688981341401,0.32872384014120015,0.3292298112210299,0.09984871406959153,0.5582450832072617,0.2531517902168432,0.09418580162245273,0.3697536882610944,1.0,1.0,142.56685734997478,0.27085697175995965,0.4857142857142857,0.6857142857142857,35,17,363.91257797032455,1.1741879262808332,2492.7318248521487,0,0,0.0,4204,storm,7001,fixed_ring,24bfb8b9aac5b87f9f268595cf4462964bd3a01da9d8089f51ed740d780fee86,9b5a428363b62ad024a6d518c6bdc283191d1cf8739502f5298786104f688bf6,3047bacb872a5d10baf9199e,6.137477543999921,f000d324411431a807bac72657424c44472cc457a2b2f856442e941850c00046,0.0,0.7216338880484114,main_short,,
0.768477370146243,0.7994200706001007,0.4069670322743318,0.40670142120097086,0.3010590015128593,0.0020171457387796266,0.0,0.175734189410538,0.5666496720386417,0.9699949571356532,0.9674735249621785,32.82361006051437,0.02738905698436712,0.9166666666666666,0.9166666666666666,36,33,482.7944311300697,10.75786834615196,1897.2604153754326,0,34,0.0,10555,sensor_fault,7012,deadline_fusion,24bfb8b9aac5b87f9f268595cf4462964bd3a01da9d8089f51ed740d780fee86,6ef10a6f8528f48913779ce02125f8ae67ac504fa24b04f7d539448adf330dc7,305789c9a546d171db86b03c,76.83806174399979,f000d324411431a807bac72657424c44472cc457a2b2f856442e941850c00046,0.6822916666666665,0.012102874432677761,main_short,34.0,3.4
0.7699589609511812,0.8136831048135335,0.49748751557542314,0.4959284438807584,0.2753403933434191,0.01210287443267776,0.0,0.0700029676870238,0.3411411952499685,1.0,1.0,39.521853616192224,0.058729654178059594,0.9722222222222222,0.9722222222222222,36,35,2098.541169802835,41.6376180503016,998.2446020323273,0,15,0.0,9770,moving_front,7012,adaptive,24bfb8b9aac5b87f9f268595cf4462964bd3a01da9d8089f51ed740d780fee86,760400fc1b0b776e9c52ee32311a1069b16aa52520e6f2d9a36a2dd8b57f7ebd,311f1015cc971ca96a543420,10.136299687000019,f000d324411431a807bac72657424c44472cc457a2b2f856442e941850c00046,0.46437098982673025,0.11497730711043873,main_short,,
0.37479513363590516,0.5138836359051941,0.28222705496722134,0.28280760462942617,0.11346444780635401,0.21734745335350478,0.018406454866364094,0.08200952101648597,0.3672763106628126,1.0,1.0,121.52314201966718,0.25636661623802315,0.6,0.6571428571428571,35,21,494.736592450809,11.830775080564928,1468.0465636798733,0,42,0.0,5403,storm,7001,economic,24bfb8b9aac5b87f9f268595cf4462964bd3a01da9d8089f51ed740d780fee86,9b5a428363b62ad024a6d518c6bdc283191d1cf8739502f5298786104f688bf6,3137c17cc950bfede3421b94,16.191689515999997,f000d324411431a807bac72657424c44472cc457a2b2f856442e941850c00046,0.03645833333333333,0.6944024205748865,main_short,42.0,4.183333333333334
0.7558544503277861,0.8089699949571354,0.4231435955622793,0.4225030513638322,0.1361573373676248,0.007564296520423601,0.0,0.19626491566690302,0.33518883121601584,0.9664649520927886,1.0,31.476416729702468,0.018910741301059002,1.0,1.0,36,36,457.3990861808459,11.216506179386954,2011.241159093123,0,55,0.0,7809,sensor_fault,7011,economic,24bfb8b9aac5b87f9f268595cf4462964bd3a01da9d8089f51ed740d780fee86,50b7b3fbf7cedf803850a0428d40ee1ccc4080b783db00698cf7730c8a755b36,31d4a4335600917142702c64,13.794131020999885,f000d324411431a807bac72657424c44472cc457a2b2f856442e941850c00046,0.6354166666666665,0.03177004538577912,main_short,55.0,5.433333333333334
0.6621674861321231,0.7780982097831568,0.4004901033787191,0.3997505064721111,0.01664145234493192,0.03504790721129601,0.0,0.17828887153870204,0.4203354760825528,0.9553706505295008,1.0,44.22753561522945,0.04141452344931921,0.9722222222222222,0.9722222222222222,36,35,409.83566771400615,5.588615328599848,1966.260118398144,0,46,0.0,4624,sensor_fault,7015,greedy_sparse,24bfb8b9aac5b87f9f268595cf4462964bd3a01da9d8089f51ed740d780fee86,b549dfc41676c63078393edb7074f42e4f0927a271f4a7ecca93c1f6bdaa8078,31da60c7a99246cd82e9eca1,39.44931038799996,f000d324411431a807bac72657424c44472cc457a2b2f856442e941850c00046,0.5208333333333333,0.08018154311649017,main_short,46.0,1.75
0.6862977747637516,0.8277869894520891,0.4651651867394395,0.4624148288410663,0.329803328290469,0.1026222894604135,0.0,0.07747191109823912,0.3124534223272244,1.0,1.0,43.648979218134244,0.050037967805377496,0.9444444444444444,1.0,36,34,1613.1960617713892,30.803176430135537,1160.0375007250543,0,11,0.0,8911,moving_front,7015,adaptive,24bfb8b9aac5b87f9f268595cf4462964bd3a01da9d8089f51ed740d780fee86,277879760b7636cf423ed8f2b038495b33a699b960bf9fcac3c05a45a91ae287,324d1e16180170cc92bce4a7,8.997729254999967,f000d324411431a807bac72657424c44472cc457a2b2f856442e941850c00046,0.09395975714672399,0.29046898638426627,main_short,,
0.7336737266767522,0.7910914649520927,0.4140270423600605,0.41297960173293075,0.09682299546142209,0.009833585476550681,0.0,0.17630183445298006,0.39806842049763186,0.9334341906202723,1.0,38.48178265254664,0.03730143721633888,0.9722222222222222,0.9722222222222222,36,35,454.34816785586105,8.26012901719219,1993.1832278673983,0,25,0.0,7116,sensor_fault,7018,fungal,24bfb8b9aac5b87f9f268595cf4462964bd3a01da9d8089f51ed740d780fee86,20cbee7be12f3041b6f80dfbab6cf06c7cd24e2dceeb098a373acea1952196d8,334a48e9f821b35bf11fb773,37.83455202699997,f000d324411431a807bac72657424c44472cc457a2b2f856442e941850c00046,0.609375,0.036308623298033284,main_short,25.0,2.4833333333333334
0.6797859934442763,0.7617167801311145,0.35563224911749874,0.3536110551976868,0.046898638426626324,0.012355017650025214,0.0,0.18412586387155494,0.4921713183308331,0.9102370146243065,1.0,40.88490450075643,0.02788546394351992,0.9166666666666666,0.9166666666666666,36,33,440.9222989404972,8.306507547282948,1890.3598104178084,0,32,0.0,5960,sensor_fault,7006,deadline_fusion,24bfb8b9aac5b87f9f268595cf4462964bd3a01da9d8089f51ed740d780fee86,5772c05e39ffe56db9fe4d550c615751b591862ac0732ff00bde5b9c136479f3,335ffcd22109dd712cdbcdb5,35.894852947000345,f000d324411431a807bac72657424c44472cc457a2b2f856442e941850c00046,0.5156249999999999,0.08925869894099848,main_short,32.0,3.1166666666666667
0.7613023319247367,0.8205413130946728,0.4766801337019242,0.47539439257091987,0.3857791225416036,0.03580433686333837,0.0,0.10730352369474871,0.20262502473661032,1.0,1.0,36.633238734329346,0.046031829427962134,0.9722222222222222,0.9722222222222222,36,35,466.0092086144436,8.620621438384763,1516.564588346626,0,57,0.0,10066,moving_front,7016,greedy_sparse,24bfb8b9aac5b87f9f268595cf4462964bd3a01da9d8089f51ed740d780fee86,5e29696557cda66a921641f993e950ae2ed95f14de01a827d8e1fe0231f9c807,336172fb265311410d5d1997,16.486637494999968,f000d324411431a807bac72657424c44472cc457a2b2f856442e941850c00046,0.421129322729707,0.17095310136157338,main_short,57.0,1.9
0.32193961169944524,0.4621548789712557,0.24946419566313663,0.24876275625222358,0.11800302571860817,0.3996469994957136,0.049420070600100854,0.06589598815165076,0.29297422417773533,1.0,1.0,143.3223808623298,0.3138079929399899,0.3888888888888889,0.5555555555555556,36,14,423.8194035947155,6.753212339781727,1890.2155762176467,0,18,0.0,4986,storm,7006,deadline_fusion,24bfb8b9aac5b87f9f268595cf4462964bd3a01da9d8089f51ed740d780fee86,5772c05e39ffe56db9fe4d550c615751b591862ac0732ff00bde5b9c136479f3,33ee3207f513b138ad5cf2c1,35.286412960999996,f000d324411431a807bac72657424c44472cc457a2b2f856442e941850c00046,0.0,0.7034795763993948,main_short,18.0,1.7666666666666666
0.6347359315688946,0.7704422782728721,0.42361631836528774,0.4227041208833096,0.1875945537065053,0.14195663136661624,0.025970751386787696,0.09792356653723222,0.2886700476813282,1.0,1.0,54.6621037831008,0.06927412668311476,0.9166666666666666,0.9444444444444444,36,33,452.0801237453545,8.125334132189797,1597.3638229357011,0,54,0.0,6552,moving_front,7006,greedy_sparse,24bfb8b9aac5b87f9f268595cf4462964bd3a01da9d8089f51ed740d780fee86,ab258b21f7221620284a3215d026dafd75f9efdf5bedb3e529bdff643d2065af,3442936e17b4ddca168e2fbf,14.105412543000057,f000d324411431a807bac72657424c44472cc457a2b2f856442e941850c00046,0.11680645384970363,0.3888048411497731,main_short,54.0,1.8
0.7754455229839667,0.8149639125958581,0.46192284388284194,0.463219811193809,0.3661119515885023,0.007060010085728693,0.0,0.0953054201918384,0.24621831564867094,1.0,1.0,36.27268097165597,0.04643594759458384,0.9722222222222222,0.9722222222222222,36,35,512.2101643592065,12.826504483684792,1444.7932716791338,0,51,0.0,10108,moving_front,7003,economic,24bfb8b9aac5b87f9f268595cf4462964bd3a01da9d8089f51ed740d780fee86,ddbf34503eff23fbcd394039890145ec197c5f33f339d9222c1ea54ac42702a6,3448735ac971731494349107,13.691387792000114,f000d324411431a807bac72657424c44472cc457a2b2f856442e941850c00046,0.4728345836148706,0.13767019667170954,main_short,51.0,5.066666666666666
0.5419236634974602,0.8174564913802649,0.4841999339207297,0.48348394265209077,0.01664145234493192,0.27155824508320725,0.04336863338376198,0.09153377991721759,0.3226459738712739,1.0,1.0,66.79484150314154,0.06124783195365931,0.8333333333333334,0.9166666666666666,36,30,363.8039835524744,0.8982859725031371,2496.2903667490173,0,0,0.0,3282,moving_front,7015,fixed_ring,24bfb8b9aac5b87f9f268595cf4462964bd3a01da9d8089f51ed740d780fee86,277879760b7636cf423ed8f2b038495b33a699b960bf9fcac3c05a45a91ae287,35181fb473220eae214d8824,4.9648239830000875,f000d324411431a807bac72657424c44472cc457a2b2f856442e941850c00046,0.0,0.4341906202723147,main_short,,
0.37931007312153303,0.5008431038830055,0.27374085980837115,0.27380715613561846,0.1588502269288956,0.17826525466464954,0.011850731215330307,0.09900677212808817,0.19717591059087183,1.0,1.0,125.22685010085728,0.2820852244074634,0.6111111111111112,0.7222222222222222,36,22,421.51256030907314,6.21168411814338,1435.4389304698109,0,41,0.0,6565,storm,7016,greedy_sparse,24bfb8b9aac5b87f9f268595cf4462964bd3a01da9d8089f51ed740d780fee86,c01d3e850dcea516d0864d501fedc94fd615e60fababbc941400707247a8bedb,3587db07475fd3c067ac8751,13.555484789000047,f000d324411431a807bac72657424c44472cc457a2b2f856442e941850c00046,0.046875,0.6883509833585476,main_short,41.0,1.4833333333333334
0.3896321860816944,0.5115749495713565,0.28115544629349465,0.28104270668920867,0.1573373676248109,0.16792738275340394,0.0045385779122541605,0.07773354069782888,0.34719377309406074,1.0,1.0,122.23879538577913,0.2771132753403933,0.75,0.75,36,27,434.34419283891583,6.775768882640596,1551.8723274654255,0,43,0.0,6711,storm,7012,greedy_sparse,24bfb8b9aac5b87f9f268595cf4462964bd3a01da9d8089f51ed740d780fee86,6ef10a6f8528f48913779ce02125f8ae67ac504fa24b04f7d539448adf330dc7,366c3b222bf4e18126625ceb,16.1076934780001,f000d324411431a807bac72657424c44472cc457a2b2f856442e941850c00046,0.041666666666666664,0.680786686838124,main_short,43.0,1.7666666666666666
0.6941061752396895,0.8121638802629724,0.46806827325592926,0.470235101653319,0.2042360060514372,0.07564296520423601,0.0002521432173474533,0.11198253031640507,0.2454809273414372,1.0,1.0,44.25036953533882,0.04987340218939922,0.9166666666666666,0.9722222222222222,36,33,515.4252190028709,14.1854887561431,1644.8672704572343,0,54,0.0,7136,moving_front,7010,fungal,24bfb8b9aac5b87f9f268595cf4462964bd3a01da9d8089f51ed740d780fee86,5c27fd92e06c33f2542baf1700cf25e04b52092d15caab1ec4dc802b1a93834e,367d4c2a6eac67b5a8b1d255,13.907625800000005,f000d324411431a807bac72657424c44472cc457a2b2f856442e941850c00046,0.15956835623060595,0.2632375189107413,main_short,54.0,5.383333333333334
0.753656076651538,0.7973714069591528,0.3971649646999496,0.3964256947546643,0.17246596066565809,0.0007564296520423601,0.0,0.19374170623416642,0.4012793653123968,0.9001512859304085,1.0,32.62181669188099,0.02016357791225416,0.9722222222222222,0.9722222222222222,36,35,441.1364195161085,9.871016662047786,1927.3484284047292,0,47,0.0,8619,sensor_fault,7009,economic,24bfb8b9aac5b87f9f268595cf4462964bd3a01da9d8089f51ed740d780fee86,956a9ceb80df2feb4bb3b76f79213a7f0cb93b60e4835d44d36852e549355e78,37a84ba924ac7d294920c44a,17.516135208999913,f000d324411431a807bac72657424c44472cc457a2b2f856442e941850c00046,0.6302083333333333,0.018154311649016642,main_short,47.0,4.683333333333334
0.7610943015632878,0.8198673096318707,0.42527105395864845,0.42572818949242264,0.07413010590015129,0.007816439737771054,0.0,0.19132780832288723,0.4236039830637422,0.8930912758446796,1.0,33.43616048915784,0.028074571356530506,0.9444444444444444,0.9444444444444444,36,34,503.79976382453816,12.529156648318825,1863.9815638778198,0,43,0.0,6981,sensor_fault,7005,deadline_fusion,24bfb8b9aac5b87f9f268595cf4462964bd3a01da9d8089f51ed740d780fee86,e5eb0adce92def657b42daaff1168729498af6b7f7eacaec91555308393fbb04,37c30dbdf65cd75bb22ff1c9,40.14141126300001,f000d324411431a807bac72657424c44472cc457a2b2f856442e941850c00046,0.6145833333333333,0.04236006051437216,main_short,43.0,4.166666666666667
0.7391184442763489,0.7879869515885023,0.4052965834594049,0.4049936099511946,0.1437216338880484,0.0037821482602118004,0.0,0.2162992428652994,0.48582565684491985,0.9652042360060514,1.0,37.44236163640948,0.03433087493696419,1.0,1.0,36,36,445.5805576570684,10.515235924029842,1817.8181557745947,0,55,0.0,8174,sensor_fault,7008,economic,24bfb8b9aac5b87f9f268595cf4462964bd3a01da9d8089f51ed740d780fee86,61fbc2c3c47ea0b2f394bf19d5d944ff33916305affd279efd1232b2237e443b,37c761988e7cb93da66da139,14.282284389999859,f000d324411431a807bac72657424c44472cc457a2b2f856442e941850c00046,0.59375,0.039334341906202726,main_short,55.0,5.416666666666667
0.7538215456379223,0.8080559757942511,0.40347642460917793,0.4037362746740391,0.14977307110438728,0.008068582955118506,0.0,0.2112937418820624,0.4872482670386388,0.9006555723651033,1.0,32.01060577407967,0.021574004034291473,0.9142857142857143,0.9142857142857143,35,32,469.7819613743825,9.219504016507548,1947.717205613786,0,27,0.0,8344,sensor_fault,7001,fungal,24bfb8b9aac5b87f9f268595cf4462964bd3a01da9d8089f51ed740d780fee86,9b5a428363b62ad024a6d518c6bdc283191d1cf8739502f5298786104f688bf6,37e25f0125437c33637e70c0,18.06916494999996,f000d324411431a807bac72657424c44472cc457a2b2f856442e941850c00046,0.6197916666666666,0.02723146747352496,main_short,27.0,2.7
0.7234143541164577,0.7986504608118374,0.4538487034752665,0.45429338644479367,0.3101361573373676,0.03378719112455874,0.0,0.09074420028012989,0.25910987308878475,1.0,1.0,42.61573435013789,0.056160270155116834,0.9166666666666666,0.9166666666666666,36,33,443.5618611118248,3.0903779856998193,2120.901167918599,0,0,0.0,9204,moving_front,7004,static_tuned,24bfb8b9aac5b87f9f268595cf4462964bd3a01da9d8089f51ed740d780fee86,33909bb95a53710954872d70bc5591af92a450651324e9fef7a21e0a1cd4da1e,383b1df219699f44bd4486f9,4.98454423599992,f000d324411431a807bac72657424c44472cc457a2b2f856442e941850c00046,0.28633649532274585,0.2617246596066566,main_short,0.0,0.0
0.3639450958144226,0.5110706631366616,0.2882390948058497,0.28730804751256056,0.1059001512859304,0.2997982854261221,0.021432173474533533,0.04715744217987915,0.31307621687768344,1.0,1.0,123.33861258194653,0.2532699823499748,0.4722222222222222,0.6944444444444444,36,17,468.1406015251968,8.854137146719227,1760.3498979753392,0,29,0.0,4947,storm,7005,fungal,24bfb8b9aac5b87f9f268595cf4462964bd3a01da9d8089f51ed740d780fee86,e5eb0adce92def657b42daaff1168729498af6b7f7eacaec91555308393fbb04,39caa7a725d7f37dbe10575d,14.808783491999975,f000d324411431a807bac72657424c44472cc457a2b2f856442e941850c00046,0.020833333333333332,0.6838124054462935,main_short,29.0,2.8333333333333335
0.6724505537412875,0.805167272414669,0.4461355424435419,0.4455562895246055,0.2178517397881997,0.10564800806858295,0.004790721129601613,0.09792923759682373,0.3284163303778202,1.0,1.0,44.67038696070896,0.04928705938882615,0.8888888888888888,0.9444444444444444,36,32,443.33459935304245,3.083243772808723,2122.104099328901,0,0,0.0,6974,moving_front,7017,static_tuned,24bfb8b9aac5b87f9f268595cf4462964bd3a01da9d8089f51ed740d780fee86,897c3ea0ca4def7c92d6c5bc4c681216da15d36377736736da162a96b99c0650,3a0159148afb0bb8b9699ed5,5.575371416999815,f000d324411431a807bac72657424c44472cc457a2b2f856442e941850c00046,0.17676058873335618,0.31164901664145234,main_short,0.0,0.0
0.7707974991430484,0.8265943052156071,0.4989205434420421,0.4971932965683714,0.25718608169440244,0.010337871911245588,0.0,0.09358140842805888,0.23550907520497805,0.9982349974785677,1.0,35.53604686525533,0.04240618901931614,0.8888888888888888,0.8888888888888888,36,32,516.2428282106935,13.128276825706362,1382.7181977255366,0,53,0.0,8572,moving_front,7011,economic,24bfb8b9aac5b87f9f268595cf4462964bd3a01da9d8089f51ed740d780fee86,a045df01d14234cb96176801d87713dde0c5b1030233001228c3094e00dd4a73,3a40afb35845aebad0d7937f,16.393218598000203,f000d324411431a807bac72657424c44472cc457a2b2f856442e941850c00046,0.41307777695846504,0.18910741301059,main_short,53.0,5.233333333333333
0.7062295133635904,0.7958743066061522,0.4189989914271305,0.42025135585515055,0.0226928895612708,0.013363590519415028,0.0,0.19231476992574667,0.48913471360026817,1.0,1.0,40.42289145234493,0.03785300050428643,0.9166666666666666,0.9166666666666666,36,33,419.14580264278607,6.0616826498220675,2019.6419750431874,0,53,0.0,4944,sensor_fault,7000,recruitment,24bfb8b9aac5b87f9f268595cf4462964bd3a01da9d8089f51ed740d780fee86,5f8536aad221b558feae01abd9e48012ffd43f0d986448ef31076303591affbe,3a795114cc95ed6455f0fa6b,17.03421729699994,f000d324411431a807bac72657424c44472cc457a2b2f856442e941850c00046,0.5520833333333333,0.06354009077155824,main_short,53.0,1.9
0.759928139183056,0.81119200706001,0.4246328164397377,0.4239424098226512,0.13010590015128592,0.00680786686838124,0.0,0.19407743515656106,0.3342072616989755,0.9631870902672719,1.0,30.884077155824507,0.016247478567826525,1.0,1.0,36,36,414.31820376137694,6.271261437966788,2040.8886871412926,0,49,0.0,7570,sensor_fault,7011,greedy_sparse,24bfb8b9aac5b87f9f268595cf4462964bd3a01da9d8089f51ed740d780fee86,50b7b3fbf7cedf803850a0428d40ee1ccc4080b783db00698cf7730c8a755b36,3a7fd7ec3d596a52c1bb09e5,15.105472926000402,f000d324411431a807bac72657424c44472cc457a2b2f856442e941850c00046,0.6458333333333333,0.025718608169440244,main_short,49.0,1.6333333333333333
0.7221637618563949,0.7929154888282147,0.45638209552172915,0.4565613616871255,0.35703479576399394,0.0416036308623298,0.0,0.09024969718256412,0.18735068429333296,1.0,1.0,43.21811582619265,0.057783071289699145,0.8888888888888888,0.9444444444444444,36,32,446.6312257210726,7.452301480953228,1453.148358608764,0,51,0.0,9514,moving_front,7002,recruitment,24bfb8b9aac5b87f9f268595cf4462964bd3a01da9d8089f51ed740d780fee86,5b23548e342cd0e105b412e1f6ff973e8f388f6fbedb3fc9e75b3089b159ddd9,3a86d2f2519146a09069ab24,14.102821459000097,f000d324411431a807bac72657424c44472cc457a2b2f856442e941850c00046,0.3882179554134493,0.23903177004538578,main_short,51.0,1.7
0.7146526727181038,0.7741190746343922,0.3826036938981341,0.38444950888430524,0.14826021180030258,0.010842158345940493,0.0,0.18528680301894448,0.46478430547431054,0.9462934947049925,0.9641956631366615,39.18159827281896,0.03555219364599092,0.9444444444444444,0.9444444444444444,36,34,423.5948570001126,6.2038538648024755,1829.2140146351264,0,52,0.0,7958,sensor_fault,7013,recruitment,24bfb8b9aac5b87f9f268595cf4462964bd3a01da9d8089f51ed740d780fee86,7566b3dd58ba1b4b73cead9a88da4a0d93430742ea574afa5e3d674dbfd7a1c5,3b1f5f9e92df6c74ff6ac95d,17.591369706000023,f000d324411431a807bac72657424c44472cc457a2b2f856442e941850c00046,0.5729166666666666,0.0529500756429652,main_short,52.0,1.8166666666666667
0.6660914649520927,0.7633399520927886,0.3598083711548159,0.3579784147733794,0.02723146747352496,0.01739788199697428,0.0,0.20690518913137915,0.49198270836735947,0.8908219868885526,1.0,43.39215361825516,0.03634014120020171,0.9722222222222222,0.9722222222222222,36,35,417.9100759427547,6.199571575356714,1914.9152862741284,0,52,0.0,5347,sensor_fault,7006,greedy_sparse,24bfb8b9aac5b87f9f268595cf4462964bd3a01da9d8089f51ed740d780fee86,5772c05e39ffe56db9fe4d550c615751b591862ac0732ff00bde5b9c136479f3,3b30eb6dbd1e9906af5d14e1,13.59758897599977,f000d324411431a807bac72657424c44472cc457a2b2f856442e941850c00046,0.484375,0.11346444780635401,main_short,52.0,1.8833333333333333
0.7379837997982853,0.7719994957135653,0.34950989662128085,0.3516837831227187,0.4236006051437216,0.004286434694906706,0.0,0.1888919118005382,0.4998800710188363,0.8908219868885526,1.0,35.281848840141194,0.02933528744326777,0.9428571428571428,0.9428571428571428,35,33,490.6780173709801,4.108174916429603,1946.9577361469367,0,1,0.0,11911,sensor_fault,7001,adaptive,24bfb8b9aac5b87f9f268595cf4462964bd3a01da9d8089f51ed740d780fee86,9b5a428363b62ad024a6d518c6bdc283191d1cf8739502f5298786104f688bf6,3b34b0daa9e60f311aa21871,11.271380159000046,f000d324411431a807bac72657424c44472cc457a2b2f856442e941850c00046,0.6145833333333333,0.018154311649016642,main_short,,
0.758439106047397,0.8148324483252605,0.4852471356659936,0.48584459159720306,0.32223903177004537,0.020675743822491176,0.0,0.08505356140015441,0.1927582530052663,1.0,1.0,36.55741863847668,0.04156440450940185,0.9444444444444444,0.9444444444444444,36,34,512.2343672208972,13.313999140482176,1473.9192528124336,0,50,0.0,9692,moving_front,7009,deadline_fusion,24bfb8b9aac5b87f9f268595cf4462964bd3a01da9d8089f51ed740d780fee86,6e2d005a512f8f795588b53a08d35435fd833e215d9a9396f9ada02b8104fa48,3b46aec8ffba1c0f4eabe812,41.032500346999996,f000d324411431a807bac72657424c44472cc457a2b2f856442e941850c00046,0.4058256849959798,0.21331316187594554,main_short,50.0,4.983333333333333
0.6296642845530545,0.8121163735132869,0.4861423255964307,0.48541312995328906,0.16944024205748864,0.19314170448814927,0.022692889561270798,0.10182336934726277,0.32500997474756377,1.0,1.0,54.43178011121189,0.05726519933409544,0.9166666666666666,0.9444444444444444,36,33,433.18129414676804,6.692819624518319,1831.3441946993848,0,45,0.0,6207,moving_front,7015,recruitment,24bfb8b9aac5b87f9f268595cf4462964bd3a01da9d8089f51ed740d780fee86,277879760b7636cf423ed8f2b038495b33a699b960bf9fcac3c05a45a91ae287,3b6ee77be20ac725c03699ae,16.85886071899995,f000d324411431a807bac72657424c44472cc457a2b2f856442e941850c00046,0.04271191472423335,0.3630862329803328,main_short,45.0,1.4833333333333334
0.316810073121533,0.4957529626828037,0.2737723777105396,0.2727341958431943,0.07715582450832073,0.43242561775088245,0.08295511850731214,0.0907209729876553,0.3162851077081331,1.0,1.0,138.86846791477558,0.29086296016137164,0.5,0.7777777777777778,36,18,423.1373868871892,6.698057060049323,1876.5133141496756,0,23,0.0,3987,storm,7015,fungal,24bfb8b9aac5b87f9f268595cf4462964bd3a01da9d8089f51ed740d780fee86,b549dfc41676c63078393edb7074f42e4f0927a271f4a7ecca93c1f6bdaa8078,3bae9af182862cd8688e41a1,19.76378939799997,f000d324411431a807bac72657424c44472cc457a2b2f856442e941850c00046,0.0,0.7125567322239031,main_short,23.0,2.216666666666667
0.6935987140695914,0.785418242561775,0.3983547655068079,0.3993353996505777,0.02723146747352496,0.02445789208270297,0.0,0.16032267198927777,0.39225356417786755,0.959909228441755,1.0,39.01305629097327,0.026876891074130105,0.9166666666666666,0.9166666666666666,36,33,408.03679688057514,6.15131270847121,1922.9814219559375,0,52,0.0,5661,sensor_fault,7007,greedy_sparse,24bfb8b9aac5b87f9f268595cf4462964bd3a01da9d8089f51ed740d780fee86,b9aa9c192ff362205c201c037cc4f3c7c2aba8b7e0c4fd0ef068255fea54f756,3bb1d29f598d9c72cc9483a7,13.076009392999822,f000d324411431a807bac72657424c44472cc457a2b2f856442e941850c00046,0.53125,0.08774583963691376,main_short,52.0,1.85
0.339952092788704,0.46321860816944016,0.25999117498739277,0.25937190736036897,0.07715582450832073,0.23499747856782655,0.06782652546646495,0.06068528943317748,0.29028620678325373,1.0,1.0,148.29744232223902,0.36038357286938977,0.3888888888888889,0.5277777777777778,36,14,876.0420746907932,15.363695056049908,1724.5218971259449,0,7,0.0,4922,storm,7006,adaptive,24bfb8b9aac5b87f9f268595cf4462964bd3a01da9d8089f51ed740d780fee86,5772c05e39ffe56db9fe4d550c615751b591862ac0732ff00bde5b9c136479f3,3bec44dd303ee179aa0ae051,7.48166066400006,f000d324411431a807bac72657424c44472cc457a2b2f856442e941850c00046,0.0,0.6913767019667171,main_short,,
0.736054548773666,0.8395826955729294,0.5040484907242369,0.5046621335107495,0.28290468986384265,0.06379223398890571,0.0,0.09425179619204276,0.40625801758652913,1.0,1.0,36.74651004759286,0.03986195205765906,0.9444444444444444,0.9722222222222222,36,34,515.5320641071813,12.887987077780057,1419.6438741619693,0,45,0.0,8132,moving_front,7018,fungal,24bfb8b9aac5b87f9f268595cf4462964bd3a01da9d8089f51ed740d780fee86,43e354cb1fa0a5fed03587ccc8ef089b630912d128abf8941ac224ef282c99e3,3e987692e655acc9858c3df8,18.814153328999964,f000d324411431a807bac72657424c44472cc457a2b2f856442e941850c00046,0.278173962259033,0.2617246596066566,main_short,45.0,4.483333333333333
0.6717597062636634,0.78254801828395,0.43876769548834244,0.4371365197873029,0.25416036308623297,0.0642965204236006,0.0,0.1255688532681294,0.2340700030784523,1.0,1.0,48.603508035159344,0.06205876021282163,0.9166666666666666,0.9722222222222222,36,33,443.15322226143275,3.080287148293253,2121.0197775500005,0,0,0.0,7807,moving_front,7019,static_tuned,24bfb8b9aac5b87f9f268595cf4462964bd3a01da9d8089f51ed740d780fee86,7fc013544a2434726446cf0cb1c220e784a923ebb4fc53407d1bf1d9ae765b5f,3ed799778a677b7fda688c82,5.402703749000011,f000d324411431a807bac72657424c44472cc457a2b2f856442e941850c00046,0.14728194097454622,0.31316187594553707,main_short,0.0,0.0
0.28183308119011596,0.5954677256681795,0.34367120524457884,0.34447991900241665,0.0529500756429652,0.6313666162380231,0.41200201714573875,0.057991583522059055,0.27967685890979255,1.0,1.0,168.77840550932927,0.3946829299041855,0.3333333333333333,0.6944444444444444,36,12,363.9333217290174,1.2061932169634952,2491.581333259361,0,0,0.0,3450,storm,7000,fixed_ring,24bfb8b9aac5b87f9f268595cf4462964bd3a01da9d8089f51ed740d780fee86,5f8536aad221b558feae01abd9e48012ffd43f0d986448ef31076303591affbe,3f1fa01fb6200899d5ab35cc,3.8427264619999733,f000d324411431a807bac72657424c44472cc457a2b2f856442e941850c00046,0.0,0.735249621785174,main_short,,
0.7512160550189462,0.796960901873372,0.45573960363165966,0.4559264683150661,0.4130105900151286,0.007060010085728694,0.0,0.09111342573987086,0.18723624289824747,1.0,1.0,40.39444392748443,0.055195762038535226,0.9444444444444444,0.9722222222222222,36,34,517.8717674188714,13.4229410544272,1457.5969743639714,0,47,0.0,10792,moving_front,7002,deadline_fusion,24bfb8b9aac5b87f9f268595cf4462964bd3a01da9d8089f51ed740d780fee86,5b23548e342cd0e105b412e1f6ff973e8f388f6fbedb3fc9e75b3089b159ddd9,3f2ab21f904b4f7a969b49d4,38.719616047000045,f000d324411431a807bac72657424c44472cc457a2b2f856442e941850c00046,0.44370714171616815,0.15279878971255673,main_short,47.0,4.7
0.3693740544629349,0.515995335350479,0.29114662128088753,0.2899704135487725,0.1573373676248109,0.2569339384770549,0.014372163388804841,0.11607392950422593,0.24520593551794737,1.0,1.0,122.3939028618255,0.2616064674735249,0.5555555555555556,0.75,36,20,414.3195499778633,5.283242017302641,1813.110422332846,0,37,0.0,5730,storm,7003,recruitment,24bfb8b9aac5b87f9f268595cf4462964bd3a01da9d8089f51ed740d780fee86,7bba1255199adfdb1a1ba0c529b8275f13780540abed81a608a55c16f4b1390f,3fa66d7b19f6fd8c28e7ca8c,13.058563907999996,f000d324411431a807bac72657424c44472cc457a2b2f856442e941850c00046,0.03645833333333333,0.6898638426626323,main_short,37.0,1.35
0.7522929273827533,0.8078274710035299,0.4220325895108421,0.4231078270037195,0.08472012102874432,0.007060010085728694,0.0,0.20298643922894322,0.42406047451894674,0.8908219868885526,1.0,35.88395896369138,0.03484304084720121,0.9444444444444444,0.9444444444444444,36,34,505.80334115587857,12.062335416104274,1895.9726957507414,0,38,0.0,7175,sensor_fault,7005,fungal,24bfb8b9aac5b87f9f268595cf4462964bd3a01da9d8089f51ed740d780fee86,e5eb0adce92def657b42daaff1168729498af6b7f7eacaec91555308393fbb04,40216e96ccb6f6ebc53fb2ff,16.164961696999853,f000d324411431a807bac72657424c44472cc457a2b2f856442e941850c00046,0.6041666666666665,0.0529500756429652,main_short,38.0,3.75
0.6562893973777105,0.8072522692889561,0.4398953605648008,0.4393904554682021,0.007564296520423601,0.049924357034795766,0.0,0.20223028403357352,0.3330605555655575,0.9508320726172466,1.0,40.19726267019667,0.02129034291477559,0.9722222222222222,1.0,36,35,363.43347228938705,0.90584085885223,2496.5683637640127,0,0,0.0,4042,sensor_fault,7011,fixed_ring,24bfb8b9aac5b87f9f268595cf4462964bd3a01da9d8089f51ed740d780fee86,50b7b3fbf7cedf803850a0428d40ee1ccc4080b783db00698cf7730c8a755b36,404095a6ba1288679e205330,4.742090121000274,f000d324411431a807bac72657424c44472cc457a2b2f856442e941850c00046,0.45833333333333326,0.13161875945537066,main_short,,
0.66092252899647,0.779500756429652,0.4019320474029248,0.4014004998508694,0.015128593040847202,0.033787191124558746,0.0,0.17582378352602668,0.42001681535983376,0.9578920827029752,1.0,43.243625504286435,0.03725416036308623,0.9722222222222222,0.9722222222222222,36,35,414.007903354396,5.49819230963409,1969.4469479251798,0,45,0.0,4630,sensor_fault,7015,recruitment,24bfb8b9aac5b87f9f268595cf4462964bd3a01da9d8089f51ed740d780fee86,b549dfc41676c63078393edb7074f42e4f0927a271f4a7ecca93c1f6bdaa8078,40ea5f056a579fe6844e4f36,18.127707487999942,f000d324411431a807bac72657424c44472cc457a2b2f856442e941850c00046,0.5104166666666666,0.09379727685325265,main_short,45.0,1.5
0.7565140309290704,0.8235288191829749,0.5094945988537459,0.5098041753107952,0.24205748865355523,0.030509329299041852,0.0,0.07727295399365121,0.20842161990964697,1.0,1.0,39.60859583107371,0.05761419844136905,1.0,1.0,36,36,2082.3382000116594,41.2977923302446,1082.088327219307,0,15,0.0,9495,moving_front,7016,adaptive,24bfb8b9aac5b87f9f268595cf4462964bd3a01da9d8089f51ed740d780fee86,5e29696557cda66a921641f993e950ae2ed95f14de01a827d8e1fe0231f9c807,410572d53d188480fd5194ff,10.279621965999922,f000d324411431a807bac72657424c44472cc457a2b2f856442e941850c00046,0.4262376204219031,0.13767019667170954,main_short,,
0.3232476046394352,0.44642744578920823,0.24009549924357035,0.23961331458941182,0.12708018154311648,0.3356026222894604,0.037065052950075644,0.05792148200544543,0.293661699698773,1.0,1.0,143.5941045763994,0.3233579172970247,0.3888888888888889,0.5555555555555556,36,14,435.02465926501145,8.007500319970255,1790.1102178316137,0,28,0.0,5247,storm,7006,fungal,24bfb8b9aac5b87f9f268595cf4462964bd3a01da9d8089f51ed740d780fee86,5772c05e39ffe56db9fe4d550c615751b591862ac0732ff00bde5b9c136479f3,41488640f5642d2a9045dfab,14.387813658000027,f000d324411431a807bac72657424c44472cc457a2b2f856442e941850c00046,0.0,0.708018154311649,main_short,28.0,2.7
0.2827392208774584,0.598855900151286,0.34367908472012104,0.3434009385051763,0.09682299546142209,0.6354009077155824,0.41376701966717094,0.06700064514469072,0.3956349642972631,1.0,1.0,167.71747352496214,0.38321829299041854,0.5277777777777778,0.8333333333333334,36,19,363.9340548870136,1.2319913828580744,2493.979949428938,0,0,0.0,4130,storm,7018,fixed_ring,24bfb8b9aac5b87f9f268595cf4462964bd3a01da9d8089f51ed740d780fee86,20cbee7be12f3041b6f80dfbab6cf06c7cd24e2dceeb098a373acea1952196d8,42861231304f2a68f5fd5ba6,4.782927100999814,f000d324411431a807bac72657424c44472cc457a2b2f856442e941850c00046,0.0,0.7261724659606656,main_short,,
0.7629897791418362,0.8585041344634989,0.5069320354662333,0.5066040834334482,0.23600605143721634,0.05143721633888049,0.0010085728693898133,0.08461372627537869,0.3069486459332125,1.0,1.0,31.627639753793193,0.02549935265006379,0.9722222222222222,1.0,36,35,487.3837164558784,11.124144188844173,1375.5821173990878,0,43,0.0,8021,moving_front,7005,deadline_fusion,24bfb8b9aac5b87f9f268595cf4462964bd3a01da9d8089f51ed740d780fee86,3112fe2c83524b2f2e2f68f6ce520bfc1f93a616346ad692daac26f7b11e5a4b,42bc92b40b82f17c26223d2b,42.29721906000009,f000d324411431a807bac72657424c44472cc457a2b2f856442e941850c00046,0.3362042107028216,0.18910741301059,main_short,43.0,4.216666666666667
0.6938933032578565,0.791711874707458,0.45764471117273375,0.45717524763579515,0.24357034795763993,0.06051437216338879,0.0,0.11410669661367558,0.2347306498221535,0.9987392839132628,1.0,46.67247787555074,0.057735067651547664,0.9444444444444444,0.9722222222222222,36,34,483.3730085157854,11.271383816760482,1326.9309929350022,0,50,0.0,7834,moving_front,7019,economic,24bfb8b9aac5b87f9f268595cf4462964bd3a01da9d8089f51ed740d780fee86,7fc013544a2434726446cf0cb1c220e784a923ebb4fc53407d1bf1d9ae765b5f,42f76781e36c0852245c3d1c,15.701764840999886,f000d324411431a807bac72657424c44472cc457a2b2f856442e941850c00046,0.21313684864169896,0.3040847201210287,main_short,50.0,4.966666666666667
0.31484808371154815,0.5530525088250124,0.31173569087241554,0.3122904706666745,0.07564296520423601,0.5010085728693898,0.1464952092788704,0.05091987543630024,0.2777352518478484,1.0,1.0,138.61758541351486,0.2710697175995965,0.4444444444444444,0.6944444444444444,36,16,403.2194255844447,4.427810838361487,2004.725637719577,0,26,0.0,3949,storm,7000,recruitment,24bfb8b9aac5b87f9f268595cf4462964bd3a01da9d8089f51ed740d780fee86,5f8536aad221b558feae01abd9e48012ffd43f0d986448ef31076303591affbe,43791cc0a9a3342ef89d6633,13.870967834999988,f000d324411431a807bac72657424c44472cc457a2b2f856442e941850c00046,0.0,0.7231467473524962,main_short,26.0,0.9666666666666667
0.623550176500252,0.7834483736762481,0.41547686585980825,0.4155103021310013,0.0030257186081694403,0.040090771558245086,0.0,0.15586162773472734,0.2910283471023585,1.0,1.0,43.53489031770045,0.022937153303076146,0.9166666666666666,0.9444444444444444,36,33,363.43476179170125,0.9097252225183037,2496.7555652072747,0,0,0.0,3812,sensor_fault,7004,fixed_ring,24bfb8b9aac5b87f9f268595cf4462964bd3a01da9d8089f51ed740d780fee86,1ffbd60f44c9f81edacbd6236060262a241240e41dabbe8776c51fac2266503a,43cd512b23b8d7aba636c928,5.67241603399998,f000d324411431a807bac72657424c44472cc457a2b2f856442e941850c00046,0.41666666666666663,0.18910741301059,main_short,,
0.3575942385274836,0.519722327281896,0.2913751260716086,0.2914659334859066,0.1588502269288956,0.30509329299041854,0.04513363590519415,0.0741858596985784,0.2381622220557555,1.0,1.0,128.18385968229953,0.27370934190620266,0.4722222222222222,0.75,36,17,423.66492366535584,6.045247529269205,1390.2261244073609,0,41,0.0,5622,storm,7011,greedy_sparse,24bfb8b9aac5b87f9f268595cf4462964bd3a01da9d8089f51ed740d780fee86,50b7b3fbf7cedf803850a0428d40ee1ccc4080b783db00698cf7730c8a755b36,43fa20eb70e1289f348850e3,14.198689524999963,f000d324411431a807bac72657424c44472cc457a2b2f856442e941850c00046,0.0,0.6853252647503782,main_short,41.0,1.5
0.3837698562783661,0.5211012355017649,0.2883809253656076,0.288514432971101,0.1588502269288956,0.2158345940494201,0.009077155824508321,0.07772757911102258,0.3470318437249358,1.0,1.0,121.45750598840142,0.26815431164901665,0.7222222222222222,0.7222222222222222,36,26,443.44800222099565,6.582143831049578,1414.141555820744,0,43,0.0,6404,storm,7012,recruitment,24bfb8b9aac5b87f9f268595cf4462964bd3a01da9d8089f51ed740d780fee86,6ef10a6f8528f48913779ce02125f8ae67ac504fa24b04f7d539448adf330dc7,45eba3216435eb9a3d155367,16.04718227000012,f000d324411431a807bac72657424c44472cc457a2b2f856442e941850c00046,0.026041666666666664,0.6853252647503782,main_short,43.0,1.5
0.580624634512278,0.8038234876954243,0.4693293022734604,0.46625926635642534,0.05597579425113464,0.22365103378719114,0.021684316691880985,0.13771586588824142,0.23482802224541763,1.0,1.0,60.16689392886365,0.0646558168421079,0.8611111111111112,0.9722222222222222,36,31,363.8008175739245,0.9002454034244672,2496.0785821867426,0,0,0.0,4167,moving_front,7019,fixed_ring,24bfb8b9aac5b87f9f268595cf4462964bd3a01da9d8089f51ed740d780fee86,7fc013544a2434726446cf0cb1c220e784a923ebb4fc53407d1bf1d9ae765b5f,468e94642522e549706c59a5,4.977252226000019,f000d324411431a807bac72657424c44472cc457a2b2f856442e941850c00046,0.017744232377443596,0.41603630862329805,main_short,,
0.3792864346949067,0.4993854009077156,0.2819276348966212,0.28121971105103444,0.16036308623298035,0.18835098335854766,0.005547150781643973,0.10899775593415716,0.2447900243661427,1.0,1.0,123.82442164649518,0.27355963187090265,0.6944444444444444,0.8055555555555556,36,25,441.44371406066165,9.272685491594336,1580.143653894515,0,41,0.0,6086,storm,7003,economic,24bfb8b9aac5b87f9f268595cf4462964bd3a01da9d8089f51ed740d780fee86,7bba1255199adfdb1a1ba0c529b8275f13780540abed81a608a55c16f4b1390f,46dc1f9cdef69a9324741fd7,13.317017351000004,f000d324411431a807bac72657424c44472cc457a2b2f856442e941850c00046,0.041666666666666664,0.6853252647503782,main_short,41.0,4.083333333333333
0.7163625189107413,0.770084783156833,0.38249338124054455,0.382594221237385,0.09379727685325265,0.0007564296520423601,0.0,0.18049762665703836,0.2964747257177968,0.9094805849722641,1.0,39.127229891578416,0.03267618507312153,0.9444444444444444,0.9444444444444444,36,34,435.37335911107317,6.6578910171944825,1957.621097926577,0,49,0.0,7305,sensor_fault,7004,recruitment,24bfb8b9aac5b87f9f268595cf4462964bd3a01da9d8089f51ed740d780fee86,1ffbd60f44c9f81edacbd6236060262a241240e41dabbe8776c51fac2266503a,472c708a5db6ac77d8871d6e,17.178922735000015,f000d324411431a807bac72657424c44472cc457a2b2f856442e941850c00046,0.6041666666666666,0.025718608169440244,main_short,49.0,1.7166666666666666
0.3582718734241048,0.53125,0.28941313666162377,0.2892872017683857,0.19667170953101362,0.3610690872415532,0.03983862834089763,0.04932718692598006,0.18990750067195666,1.0,1.0,124.98341370398386,0.2578243192133131,0.5833333333333334,0.7222222222222222,36,21,443.28964480319536,3.446672698315989,2119.6238794097067,0,0,0.0,6471,storm,7009,static_tuned,24bfb8b9aac5b87f9f268595cf4462964bd3a01da9d8089f51ed740d780fee86,956a9ceb80df2feb4bb3b76f79213a7f0cb93b60e4835d44d36852e549355e78,4889baa7b1260cae678a61a6,4.766922378000004,f000d324411431a807bac72657424c44472cc457a2b2f856442e941850c00046,0.0,0.6883509833585476,main_short,0.0,0.0
0.7376213439233483,0.7880263489662127,0.40362613464447805,0.40391628610492425,0.14674735249621784,0.0035300050428643463,0.0,0.21116091810604554,0.4851302039578011,0.9687342410489157,1.0,37.67330906454866,0.03555219364599092,0.9722222222222222,0.9722222222222222,36,35,473.0575185415711,9.219149874474624,2007.7963983060263,0,28,0.0,8294,sensor_fault,7008,fungal,24bfb8b9aac5b87f9f268595cf4462964bd3a01da9d8089f51ed740d780fee86,61fbc2c3c47ea0b2f394bf19d5d944ff33916305affd279efd1232b2237e443b,48afd659872e24af8dd13489,13.729914004999955,f000d324411431a807bac72657424c44472cc457a2b2f856442e941850c00046,0.59375,0.037821482602118005,main_short,28.0,2.8
0.3537411749873928,0.5274757312153303,0.2877899646999495,0.2878122485164957,0.13313161875945537,0.35728693898134145,0.0685829551185073,0.0502898069996074,0.18965219801591493,1.0,1.0,128.5388300554715,0.2657037947554211,0.4444444444444444,0.75,36,16,408.39967149602273,4.911126428936339,1686.5357865769986,0,30,0.0,5001,storm,7013,recruitment,24bfb8b9aac5b87f9f268595cf4462964bd3a01da9d8089f51ed740d780fee86,7566b3dd58ba1b4b73cead9a88da4a0d93430742ea574afa5e3d674dbfd7a1c5,49affcfeb10b87bbfa98f51a,13.57975744800001,f000d324411431a807bac72657424c44472cc457a2b2f856442e941850c00046,0.0,0.6944024205748865,main_short,30.0,1.0666666666666667
0.6802725154735221,0.7743820246644179,0.4212063867102601,0.418711275779797,0.18456883509833585,0.052697932425617745,0.0,0.08511604337250117,0.29166221383227886,1.0,1.0,48.25342377092104,0.06276041922787881,0.9722222222222222,1.0,36,35,519.3166680504506,14.668990561496605,1510.0992672264722,0,53,0.0,7064,moving_front,7006,deadline_fusion,24bfb8b9aac5b87f9f268595cf4462964bd3a01da9d8089f51ed740d780fee86,ab258b21f7221620284a3215d026dafd75f9efdf5bedb3e529bdff643d2065af,49b4dd81288c50f23f2e5afc,40.25645185500002,f000d324411431a807bac72657424c44472cc457a2b2f856442e941850c00046,0.22764248035935816,0.3207261724659607,main_short,53.0,5.216666666666667
0.7358469382056593,0.8129868854476591,0.4856211256043053,0.4832920267424506,0.2783661119515885,0.06379223398890568,0.004034291477559253,0.09408287160718988,0.23880290522736577,1.0,1.0,40.26209682856464,0.04946544945496756,0.9722222222222222,0.9722222222222222,36,35,453.0729353209736,8.103467017896323,1550.1390559269246,0,53,0.0,8245,moving_front,7011,greedy_sparse,24bfb8b9aac5b87f9f268595cf4462964bd3a01da9d8089f51ed740d780fee86,a045df01d14234cb96176801d87713dde0c5b1030233001228c3094e00dd4a73,49c774f103d9f674de76c7f0,17.790462625999908,f000d324411431a807bac72657424c44472cc457a2b2f856442e941850c00046,0.33844137888856596,0.25416036308623297,main_short,53.0,1.7666666666666666
0.6984379970772979,0.7939685682222187,0.45586997206329105,0.4567323426986297,0.28895612708018154,0.05345436207766011,0.0,0.12050180675900785,0.2271632684622144,0.9987392839132628,1.0,45.335895402651865,0.05551862070674403,0.9722222222222222,0.9722222222222222,36,35,524.3925188117306,12.636600482345981,1431.281689925226,0,44,0.0,8309,moving_front,7019,deadline_fusion,24bfb8b9aac5b87f9f268595cf4462964bd3a01da9d8089f51ed740d780fee86,7fc013544a2434726446cf0cb1c220e784a923ebb4fc53407d1bf1d9ae765b5f,4a07f337addc78a24f90c798,46.16893465400017,f000d324411431a807bac72657424c44472cc457a2b2f856442e941850c00046,0.20647959721155767,0.30257186081694404,main_short,44.0,4.366666666666666
0.31481656580937967,0.49673001765002517,0.26849312909732725,0.2685860401416173,0.08018154311649017,0.4762985375693394,0.154059505799294,0.06215579911789095,0.2900355794979686,1.0,1.0,147.88964006555722,0.31872478567826523,0.3611111111111111,0.5555555555555556,36,13,395.8389182083638,3.9879256342866465,1904.6106072505506,0,25,0.0,4252,storm,7006,greedy_sparse,24bfb8b9aac5b87f9f268595cf4462964bd3a01da9d8089f51ed740d780fee86,5772c05e39ffe56db9fe4d550c615751b591862ac0732ff00bde5b9c136479f3,4b06e17a24c156d35c61507d,10.530137337000042,f000d324411431a807bac72657424c44472cc457a2b2f856442e941850c00046,0.0,0.7019667170953101,main_short,25.0,0.9
0.7513631492687846,0.8218056606152292,0.42631902420574885,0.427156585957321,0.057488653555219364,0.013867876954109933,0.0007564296520423601,0.22708332545415336,0.4212836907650406,0.8908219868885526,1.0,34.174349155320215,0.028444906707009585,0.9722222222222222,0.9722222222222222,36,35,430.2525746209744,6.223676269368716,1916.2135214413354,0,47,0.0,6397,sensor_fault,7005,recruitment,24bfb8b9aac5b87f9f268595cf4462964bd3a01da9d8089f51ed740d780fee86,e5eb0adce92def657b42daaff1168729498af6b7f7eacaec91555308393fbb04,4b75a74c6107a7279163190f,15.12483090700016,f000d324411431a807bac72657424c44472cc457a2b2f856442e941850c00046,0.5989583333333333,0.05143721633888049,main_short,47.0,1.5666666666666667
0.3710760211800302,0.4768107034795764,0.263213880484115,0.26299573205688814,0.1346444780635401,0.1880988401412002,0.005042864346949067,0.08827209794279645,0.3239145882831187,1.0,1.0,129.56832293242562,0.2877584467977811,0.4166666666666667,0.5555555555555556,36,15,456.5842966227886,9.944735381263921,1240.5388881845738,0,40,0.0,5928,storm,7008,economic,24bfb8b9aac5b87f9f268595cf4462964bd3a01da9d8089f51ed740d780fee86,61fbc2c3c47ea0b2f394bf19d5d944ff33916305affd279efd1232b2237e443b,4b75f2c77e0356de9b72f115,13.562759115999938,f000d324411431a807bac72657424c44472cc457a2b2f856442e941850c00046,0.041666666666666664,0.6853252647503782,main_short,40.0,3.9833333333333334
0.3527404815935451,0.5313918305597579,0.2985927256681795,0.29814863222235843,0.15582450832072617,0.3426626323751891,0.0713565305093293,0.0699487655538493,0.23911509830363376,1.0,1.0,129.00360092032275,0.2674057614725164,0.5277777777777778,0.8055555555555556,36,19,416.4199926129585,5.753218759672034,1314.3878974391034,0,39,0.0,5513,storm,7011,recruitment,24bfb8b9aac5b87f9f268595cf4462964bd3a01da9d8089f51ed740d780fee86,50b7b3fbf7cedf803850a0428d40ee1ccc4080b783db00698cf7730c8a755b36,4bf2ce6efbe5e379c5146bfc,13.741021493000062,f000d324411431a807bac72657424c44472cc457a2b2f856442e941850c00046,0.0,0.686838124054463,main_short,39.0,1.3833333333333333
0.6737331126476721,0.7945048152697368,0.431095176628841,0.43096156708835404,0.25718608169440244,0.07639939485627836,0.0007564296520423601,0.10679800311957441,0.24144545842937198,1.0,1.0,47.53138649174902,0.05799516630807841,0.8888888888888888,0.9444444444444444,36,32,443.38851269581534,3.0812042207806627,2121.185764855085,0,0,0.0,7895,moving_front,7010,static_tuned,24bfb8b9aac5b87f9f268595cf4462964bd3a01da9d8089f51ed740d780fee86,5c27fd92e06c33f2542baf1700cf25e04b52092d15caab1ec4dc802b1a93834e,4c3c8c2d97ab07762d190067,5.510655489999863,f000d324411431a807bac72657424c44472cc457a2b2f856442e941850c00046,0.13154014768870778,0.28895612708018154,main_short,0.0,0.0
0.31420196671709527,0.501315872415532,0.26869011598587994,0.2683963518474939,0.07866868381240545,0.4740292486132124,0.15708522440746342,0.06134676224758332,0.2901649708613824,1.0,1.0,146.3225699697428,0.30598367372667673,0.4166666666666667,0.6388888888888888,36,15,398.8517506026748,4.4258364874790574,1958.6997706140296,0,31,0.0,4207,storm,7006,recruitment,24bfb8b9aac5b87f9f268595cf4462964bd3a01da9d8089f51ed740d780fee86,5772c05e39ffe56db9fe4d550c615751b591862ac0732ff00bde5b9c136479f3,4d3d8f0282a33bb1e60a193e,11.664383800999985,f000d324411431a807bac72657424c44472cc457a2b2f856442e941850c00046,0.0,0.7065052950075643,main_short,31.0,1.0666666666666667
0.7485126307262395,0.8452968309005257,0.5145904435013184,0.515126469245878,0.1588502269288956,0.04639435199193142,0.0007564296520423601,0.08114813149844496,0.3092891891637231,1.0,1.0,37.40613395060927,0.04476467224723747,0.9444444444444444,0.9444444444444444,36,34,2194.2536722105256,43.96683682320134,1027.4799719543084,0,14,0.0,7859,moving_front,7005,adaptive,24bfb8b9aac5b87f9f268595cf4462964bd3a01da9d8089f51ed740d780fee86,3112fe2c83524b2f2e2f68f6ce520bfc1f93a616346ad692daac26f7b11e5a4b,4d7b97426eba2b6d6ed4b3fd,9.059291780999956,f000d324411431a807bac72657424c44472cc457a2b2f856442e941850c00046,0.3500078461658105,0.18456883509833585,main_short,,
0.3477133761976802,0.4920653681290973,0.2850715456379223,0.28536337564654296,0.0529500756429652,0.26424609178013103,0.0458900655572365,0.059958982201967784,0.2789354405812889,1.0,1.0,140.6175932929904,0.328345625315179,0.3888888888888889,0.5555555555555556,36,14,1107.5201964774578,21.019033206906,1701.570308833267,0,13,0.0,4466,storm,7000,adaptive,24bfb8b9aac5b87f9f268595cf4462964bd3a01da9d8089f51ed740d780fee86,5f8536aad221b558feae01abd9e48012ffd43f0d986448ef31076303591affbe,4f7fc8abe628446de10f1ca9,6.937428051000097,f000d324411431a807bac72657424c44472cc457a2b2f856442e941850c00046,0.0,0.6913767019667171,main_short,,
0.726799268593904,0.804986258792358,0.482929156698057,0.48334763733594155,0.3267776096822995,0.07337367624810892,0.0005042864346949066,0.08610195286214081,0.19454845309272548,1.0,1.0,41.492541480272386,0.0481603889229648,0.9166666666666666,0.9722222222222222,36,33,465.24157412622674,8.327798530008948,1438.2065294503118,0,53,0.0,8923,moving_front,7009,recruitment,24bfb8b9aac5b87f9f268595cf4462964bd3a01da9d8089f51ed740d780fee86,6e2d005a512f8f795588b53a08d35435fd833e215d9a9396f9ada02b8104fa48,509100217c9d7c294414de20,16.097508200999982,f000d324411431a807bac72657424c44472cc457a2b2f856442e941850c00046,0.3246059727999261,0.27685325264750377,main_short,53.0,1.7666666666666666
0.7614080284441547,0.8552884049898324,0.5088749867644804,0.5080016741651803,0.2344931921331316,0.048411497730711045,0.0010085728693898133,0.09349536593176126,0.30858896831233873,1.0,1.0,32.00287974390489,0.02621900028124305,0.9722222222222222,0.9722222222222222,36,35,508.5579735864466,12.843633017623777,1369.1003876364305,0,52,0.0,7965,moving_front,7005,economic,24bfb8b9aac5b87f9f268595cf4462964bd3a01da9d8089f51ed740d780fee86,3112fe2c83524b2f2e2f68f6ce520bfc1f93a616346ad692daac26f7b11e5a4b,51742f6690014f08b02162c6,18.20672594200005,f000d324411431a807bac72657424c44472cc457a2b2f856442e941850c00046,0.3384303945778136,0.18456883509833585,main_short,52.0,5.133333333333334
0.36760905194150273,0.48892933686333834,0.27110123550176496,0.27075596571415766,0.14674735249621784,0.17397881996974282,0.004790721129601614,0.0625622124772426,0.24614949816627876,1.0,1.0,128.75181227937466,0.2939911119515885,0.5555555555555556,0.6388888888888888,36,20,476.73896540700025,11.648745872686954,1406.4516643304223,0,46,0.0,5883,storm,7004,economic,24bfb8b9aac5b87f9f268595cf4462964bd3a01da9d8089f51ed740d780fee86,1ffbd60f44c9f81edacbd6236060262a241240e41dabbe8776c51fac2266503a,51d401e31b49b3643650c5bc,14.66908464300002,f000d324411431a807bac72657424c44472cc457a2b2f856442e941850c00046,0.03645833333333333,0.6928895612708018,main_short,46.0,4.583333333333333
0.3617073247604639,0.5006382375189108,0.2887197428139182,0.2898092753382375,0.10287443267776097,0.1858295511850731,0.014372163388804841,0.08960213788401405,0.3701960650372773,1.0,1.0,134.3899316061523,0.31669188098840145,0.42857142857142855,0.45714285714285713,35,15,827.6661322738476,13.635082033625293,1724.4423953268767,0,9,0.0,5480,storm,7001,adaptive,24bfb8b9aac5b87f9f268595cf4462964bd3a01da9d8089f51ed740d780fee86,9b5a428363b62ad024a6d518c6bdc283191d1cf8739502f5298786104f688bf6,52537da16ae45015d3f683ad,9.014188822999927,f000d324411431a807bac72657424c44472cc457a2b2f856442e941850c00046,0.005208333333333333,0.6989409984871406,main_short,,
0.729560640443772,0.7902719994957135,0.41636724659606655,0.4157594029295252,0.08018154311649017,0.011094301563287948,0.0,0.18486786062814117,0.3993481816030982,0.9253656076651537,1.0,39.64932394099848,0.04235218103883005,0.9444444444444444,0.9444444444444444,36,34,460.2959263689156,10.526759095208245,1915.5395951222768,0,51,0.0,6886,sensor_fault,7018,economic,24bfb8b9aac5b87f9f268595cf4462964bd3a01da9d8089f51ed740d780fee86,20cbee7be12f3041b6f80dfbab6cf06c7cd24e2dceeb098a373acea1952196d8,52f14f782d69c397249cbf4f,18.516111227000238,f000d324411431a807bac72657424c44472cc457a2b2f856442e941850c00046,0.6041666666666666,0.04387291981845688,main_short,51.0,5.066666666666666
0.7737723777105394,0.8094112455874936,0.4125772188603126,0.41258016985142565,0.17397881996974282,0.0,0.0,0.1865899709190907,0.43783454437927566,0.9604135148764497,1.0,28.997454929399904,0.014971003530005043,0.9722222222222222,0.9722222222222222,36,35,430.6869156541459,6.438435518884474,1849.3582035562163,0,49,0.0,8513,sensor_fault,7003,recruitment,24bfb8b9aac5b87f9f268595cf4462964bd3a01da9d8089f51ed740d780fee86,7bba1255199adfdb1a1ba0c529b8275f13780540abed81a608a55c16f4b1390f,530738f26e027cb938bfd5f1,17.206888473000163,f000d324411431a807bac72657424c44472cc457a2b2f856442e941850c00046,0.6302083333333333,0.012102874432677761,main_short,49.0,1.6666666666666667
0.7304273827534039,0.7861589132627331,0.404713502269289,0.40513829599845896,0.12405446293494705,0.00529500756429652,0.0,0.21857537973536725,0.48590337623187063,0.9629349470499243,1.0,37.884085035300046,0.03466181290973272,0.9722222222222222,0.9722222222222222,36,35,411.2908935361134,5.695455262521658,1884.3677408140572,0,49,0.0,7678,sensor_fault,7008,greedy_sparse,24bfb8b9aac5b87f9f268595cf4462964bd3a01da9d8089f51ed740d780fee86,61fbc2c3c47ea0b2f394bf19d5d944ff33916305affd279efd1232b2237e443b,534564b4dd6b6a3cda662f9b,15.531611177999821,f000d324411431a807bac72657424c44472cc457a2b2f856442e941850c00046,0.5833333333333333,0.04084720121028744,main_short,49.0,1.7833333333333334
0.6919057393766254,0.814971539482152,0.4652561365303922,0.4651465001741827,0.18305597579425115,0.09606656580937972,0.004790721129601613,0.08953319048112325,0.3290342424300657,1.0,1.0,42.54693160606879,0.04452360173231009,0.8611111111111112,0.9166666666666666,36,31,507.6641556565226,12.797074518509532,1481.8186757332596,0,49,0.0,6881,moving_front,7017,fungal,24bfb8b9aac5b87f9f268595cf4462964bd3a01da9d8089f51ed740d780fee86,897c3ea0ca4def7c92d6c5bc4c681216da15d36377736736da162a96b99c0650,538397be866273ccb2c428e3,16.754580973999964,f000d324411431a807bac72657424c44472cc457a2b2f856442e941850c00046,0.20010975944532947,0.2844175491679274,main_short,49.0,4.85
0.7175601991931416,0.768185829551185,0.37242341149773067,0.37428529296880964,0.19364599092284418,0.009833585476550681,0.0,0.17558374600061444,0.4631974532038192,0.9513363590519414,0.9639435199193143,39.739031770045386,0.03804210791729702,0.9166666666666666,0.9166666666666666,36,33,442.8888970655993,3.096299660090227,2122.382291778068,0,0,0.0,9048,sensor_fault,7013,static_tuned,24bfb8b9aac5b87f9f268595cf4462964bd3a01da9d8089f51ed740d780fee86,7566b3dd58ba1b4b73cead9a88da4a0d93430742ea574afa5e3d674dbfd7a1c5,538d32e642dcdd9e077f5cc4,5.885649402999661,f000d324411431a807bac72657424c44472cc457a2b2f856442e941850c00046,0.5781249999999999,0.0453857791225416,main_short,0.0,0.0
0.3701620020171457,0.4838785930408471,0.2727007690368129,0.2728022680094718,0.1875945537065053,0.23323247604639433,0.006555723651033787,0.06327257573010091,0.23905594790962975,1.0,1.0,130.29922308371155,0.29646526727181033,0.5277777777777778,0.7777777777777778,36,19,450.49839406655394,8.251240151936923,1685.8904937002055,0,26,0.0,6402,storm,7011,fungal,24bfb8b9aac5b87f9f268595cf4462964bd3a01da9d8089f51ed740d780fee86,50b7b3fbf7cedf803850a0428d40ee1ccc4080b783db00698cf7730c8a755b36,53a0a247e4eb4be3b1c6ebac,16.11111085000016,f000d324411431a807bac72657424c44472cc457a2b2f856442e941850c00046,0.020833333333333332,0.6822995461422088,main_short,26.0,2.566666666666667
0.7148654185577408,0.770730900151286,0.37447995461422084,0.37651895999285423,0.18456883509833585,0.011850731215330309,0.0,0.17446284033292606,0.4627830726515826,0.9520927887039837,0.9646999495713566,38.447703920827024,0.032053706505295,0.9444444444444444,0.9444444444444444,36,34,486.4113088716386,11.136347466648251,1881.8814990880924,0,36,0.0,8687,sensor_fault,7013,deadline_fusion,24bfb8b9aac5b87f9f268595cf4462964bd3a01da9d8089f51ed740d780fee86,7566b3dd58ba1b4b73cead9a88da4a0d93430742ea574afa5e3d674dbfd7a1c5,548b83be0bc9578f849345ea,53.36377906300004,f000d324411431a807bac72657424c44472cc457a2b2f856442e941850c00046,0.5729166666666665,0.060514372163388806,main_short,36.0,3.533333333333333
0.31304368381240544,0.517602748361069,0.286946860816944,0.2871736551833696,0.09228441754916793,0.46142208774583965,0.13363590519415028,0.045535085463109415,0.23813810917594658,1.0,1.0,142.27614409984872,0.3032731341401916,0.4444444444444444,0.75,36,16,408.43495549902224,4.676001625285042,1815.3088741099987,0,28,0.0,4260,storm,7010,recruitment,24bfb8b9aac5b87f9f268595cf4462964bd3a01da9d8089f51ed740d780fee86,c0265f2f5da1b8f1e6334a7d1da15d24852be86831d4583cf0a020b238d73be2,54922865349ab96a875bfeeb,12.17827599799989,f000d324411431a807bac72657424c44472cc457a2b2f856442e941850c00046,0.0,0.7186081694402421,main_short,28.0,1.0333333333333334
0.7431606152294503,0.7775387670196672,0.3919566313666162,0.3915602968709788,0.26777609682299547,0.0020171457387796266,0.0,0.1735707590966437,0.4062433896689628,0.9475542107917296,1.0,37.365970121028745,0.035268532526475035,0.9722222222222222,1.0,36,35,414.0528106960813,5.015988267799274,2054.556077839613,0,9,0.0,10369,sensor_fault,7016,fungal,24bfb8b9aac5b87f9f268595cf4462964bd3a01da9d8089f51ed740d780fee86,c01d3e850dcea516d0864d501fedc94fd615e60fababbc941400707247a8bedb,54a462edec36ea77a5a9f894,37.17697999599977,f000d324411431a807bac72657424c44472cc457a2b2f856442e941850c00046,0.6458333333333333,0.024205748865355523,main_short,9.0,0.9
0.368578227433182,0.5043021936459909,0.29047686585980836,0.28996323761591386,0.11346444780635401,0.19944528492183558,0.014876449823499746,0.051152877870014345,0.3090217602793545,1.0,1.0,131.08843135400906,0.30654311649016636,0.4444444444444444,0.6944444444444444,36,16,1182.8992585565557,21.807723024058983,1718.5368282290513,0,16,0.0,5390,storm,7005,adaptive,24bfb8b9aac5b87f9f268595cf4462964bd3a01da9d8089f51ed740d780fee86,e5eb0adce92def657b42daaff1168729498af6b7f7eacaec91555308393fbb04,54e447af3776410395c3580f,7.584028125000032,f000d324411431a807bac72657424c44472cc457a2b2f856442e941850c00046,0.0,0.6777609682299546,main_short,,
0.32561932677760963,0.5024741553202219,0.27190494200706,0.2711842703745288,0.1059001512859304,0.38527483610690877,0.062279374684820976,0.08192502740014734,0.23625036631565768,1.0,1.0,138.31540752647504,0.29730837115481595,0.6944444444444444,0.7777777777777778,36,25,419.6432732384168,5.305714334829029,1701.446179953266,0,38,0.0,4503,storm,7019,recruitment,24bfb8b9aac5b87f9f268595cf4462964bd3a01da9d8089f51ed740d780fee86,12c2676d5d2da4bfdacb5c9a6312d12b90a39b080a71ade938e7b16bbaabf086,5504da8d3224ee23620ec1e7,12.840941136000083,f000d324411431a807bac72657424c44472cc457a2b2f856442e941850c00046,0.0,0.7140695915279879,main_short,38.0,1.4166666666666667
0.7461182819602262,0.8192754109666037,0.46415130441048835,0.46504196201162085,0.3540090771558245,0.04059505799293999,0.0,0.09021154175487273,0.36064044650748056,1.0,1.0,35.462583665926466,0.03004257016748518,0.9142857142857143,0.9142857142857143,35,32,489.1771611106923,11.697608784702837,1418.9814936055832,0,46,0.0,9599,moving_front,7001,economic,24bfb8b9aac5b87f9f268595cf4462964bd3a01da9d8089f51ed740d780fee86,0eaaad553c80db6664d9a551f5b55b53a649071324c5a65ea020b06da777986c,5523245df73481c68ca62e74,15.351156077000041,f000d324411431a807bac72657424c44472cc457a2b2f856442e941850c00046,0.40466946882656474,0.2118003025718608,main_short,46.0,4.6
0.6709350437952202,0.8055070743065387,0.4686448960899686,0.4684404145558683,0.1649016641452345,0.1031265758951084,0.0027735753908219862,0.09454061405777935,0.32319931410176733,1.0,1.0,48.13210429322852,0.05405444317959191,0.8888888888888888,0.9444444444444444,36,32,505.2925702167403,12.726758107282897,1581.9587083933452,0,47,0.0,6680,moving_front,7015,deadline_fusion,24bfb8b9aac5b87f9f268595cf4462964bd3a01da9d8089f51ed740d780fee86,277879760b7636cf423ed8f2b038495b33a699b960bf9fcac3c05a45a91ae287,5554a552b6f308c82b34d2e6,47.46028078900008,f000d324411431a807bac72657424c44472cc457a2b2f856442e941850c00046,0.09277625954525259,0.3267776096822995,main_short,47.0,4.616666666666666
0.6896313640299577,0.8255033972777864,0.47839836541629555,0.4786511789144266,0.2042360060514372,0.13363590519415028,0.010337871911245588,0.10843898409960875,0.23295668210556736,1.0,1.0,42.386779392658674,0.04231334479942078,0.8888888888888888,0.9444444444444444,36,32,442.92796057278315,7.749195363123366,1709.235287633695,0,52,0.0,6606,moving_front,7007,greedy_sparse,24bfb8b9aac5b87f9f268595cf4462964bd3a01da9d8089f51ed740d780fee86,4359898ad5beb32bbf1d8eff13ccc594cdb32a36c3aec06531a94f326fed618b,55d394f5b7b97f19ad957ac8,13.334483219000049,f000d324411431a807bac72657424c44472cc457a2b2f856442e941850c00046,0.23741046075029948,0.3010590015128593,main_short,52.0,1.7333333333333334
0.6568694492506769,0.8006902016457229,0.4595381433060009,0.4610176787465823,0.22692889561270801,0.15985879979828543,0.022440746343923353,0.07930844799756233,0.23745892652936493,1.0,1.0,49.80013511231829,0.05940626050113337,0.8611111111111112,0.9722222222222222,36,31,459.78669380224784,8.018832415072074,1654.68664217422,0,51,0.0,7131,moving_front,7010,recruitment,24bfb8b9aac5b87f9f268595cf4462964bd3a01da9d8089f51ed740d780fee86,5c27fd92e06c33f2542baf1700cf25e04b52092d15caab1ec4dc802b1a93834e,56adaaa0d879836bf96ae1d2,16.985319312,f000d324411431a807bac72657424c44472cc457a2b2f856442e941850c00046,0.07297811469069869,0.3267776096822995,main_short,51.0,1.7
0.7168431669188099,0.7468560892586987,0.3461453605648008,0.34652073425649077,0.44478063540090773,0.0,0.0,0.16523389893248958,0.48120856250333444,0.9848714069591528,1.0,41.95489788199697,0.046536182551689356,0.9722222222222222,0.9722222222222222,36,35,490.69874890602756,4.101651652610617,1946.648966336253,0,1,0.0,11934,sensor_fault,7008,adaptive,24bfb8b9aac5b87f9f268595cf4462964bd3a01da9d8089f51ed740d780fee86,61fbc2c3c47ea0b2f394bf19d5d944ff33916305affd279efd1232b2237e443b,5794e8155865986b69f627c5,7.553718464000212,f000d324411431a807bac72657424c44472cc457a2b2f856442e941850c00046,0.5989583333333333,0.028744326777609682,main_short,,
0.7735517523953604,0.80607034795764,0.4083538199697428,0.408671761243551,0.2087745839636914,0.0,0.0,0.1843269781123824,0.43758215914203885,0.9679778113968733,1.0,28.806811018658596,0.01335571104387292,1.0,1.0,36,36,441.17962693400784,7.2882551545927825,2055.2170625549115,0,22,0.0,9210,sensor_fault,7003,fungal,24bfb8b9aac5b87f9f268595cf4462964bd3a01da9d8089f51ed740d780fee86,7bba1255199adfdb1a1ba0c529b8275f13780540abed81a608a55c16f4b1390f,58814e8cf79d311e3842f5d8,16.130721879999783,f000d324411431a807bac72657424c44472cc457a2b2f856442e941850c00046,0.6249999999999999,0.0045385779122541605,main_short,22.0,2.15
0.3539381618759455,0.5179809631870902,0.2842914775592536,0.28485218204886326,0.13010590015128592,0.28517397881996975,0.026222894604135148,0.08874729917608623,0.32364982433511286,1.0,1.0,125.08706820474029,0.2601802824004035,0.4166666666666667,0.5833333333333334,36,15,422.0162584055485,6.03919025266353,1588.468063881001,0,43,0.0,5313,storm,7008,recruitment,24bfb8b9aac5b87f9f268595cf4462964bd3a01da9d8089f51ed740d780fee86,61fbc2c3c47ea0b2f394bf19d5d944ff33916305affd279efd1232b2237e443b,592365607a50783799e252ea,13.987909464999916,f000d324411431a807bac72657424c44472cc457a2b2f856442e941850c00046,0.0,0.697428139183056,main_short,43.0,1.5666666666666667
0.6721691652490691,0.8184958204003578,0.47709221633866883,0.47839421573673324,0.15582450832072617,0.10337871911245587,0.0025214321734745334,0.11440248616923754,0.19895322065863588,1.0,1.0,45.25448019000591,0.048765977964364916,0.9722222222222222,0.9722222222222222,36,35,363.80484287237005,0.9035963314133314,2495.9662260406017,0,0,0.0,6634,moving_front,7016,fixed_ring,24bfb8b9aac5b87f9f268595cf4462964bd3a01da9d8089f51ed740d780fee86,5e29696557cda66a921641f993e950ae2ed95f14de01a827d8e1fe0231f9c807,5964f8cea402956179f969d2,5.838287310999931,f000d324411431a807bac72657424c44472cc457a2b2f856442e941850c00046,0.17422149758404787,0.31164901664145234,main_short,,
0.28022566817952593,0.5835775970751387,0.3270139939485627,0.3270059091185073,0.07564296520423601,0.6298537569339385,0.3905698436712052,0.045101474318638375,0.227410166125794,1.0,1.0,165.97914302824003,0.386685262228946,0.5,0.8333333333333334,36,18,363.92743828223115,1.1990629052569752,2492.2834733208897,0,0,0.0,3667,storm,7007,fixed_ring,24bfb8b9aac5b87f9f268595cf4462964bd3a01da9d8089f51ed740d780fee86,b9aa9c192ff362205c201c037cc4f3c7c2aba8b7e0c4fd0ef068255fea54f756,598bbc69fb9f14733505106c,4.733492356000056,f000d324411431a807bac72657424c44472cc457a2b2f856442e941850c00046,0.0,0.745839636913767,main_short,,
0.7557362581946545,0.7963391956631366,0.3977007690368129,0.39709036219659166,0.18456883509833585,0.0007564296520423601,0.0,0.19128455566707067,0.4010937505826306,0.90494200706001,1.0,32.385787002017146,0.019596255673222387,0.9444444444444444,0.9444444444444444,36,34,440.78951664014323,7.737273912616195,2038.2495646064056,0,21,0.0,8776,sensor_fault,7009,fungal,24bfb8b9aac5b87f9f268595cf4462964bd3a01da9d8089f51ed740d780fee86,956a9ceb80df2feb4bb3b76f79213a7f0cb93b60e4835d44d36852e549355e78,5b329c6f1d4b5b18bc4b369b,16.983776275999844,f000d324411431a807bac72657424c44472cc457a2b2f856442e941850c00046,0.6197916666666666,0.015128593040847202,main_short,21.0,2.1
0.34234745335350475,0.4776380484114977,0.2571466843166919,0.25697515575621704,0.12556732223903178,0.28416540595057993,0.026222894604135148,0.0834753811158634,0.23444486664642877,1.0,1.0,135.17185136157337,0.30325737518910734,0.6111111111111112,0.75,36,22,467.0761400608126,9.752345717887904,1236.1848710221157,0,33,0.0,5201,storm,7019,deadline_fusion,24bfb8b9aac5b87f9f268595cf4462964bd3a01da9d8089f51ed740d780fee86,12c2676d5d2da4bfdacb5c9a6312d12b90a39b080a71ade938e7b16bbaabf086,5c122bfb0229715cd67bb7e5,36.74015550200011,f000d324411431a807bac72657424c44472cc457a2b2f856442e941850c00046,0.015625,0.7034795763993948,main_short,33.0,3.25
0.7532069465456379,0.8183623298033282,0.40819623045890063,0.4085765797056826,0.13010590015128592,0.015380736258194654,0.0,0.19907430231115647,0.4878193059118362,0.961674230963187,1.0,29.710783850226928,0.012945978315683308,0.9714285714285714,0.9714285714285714,35,34,421.33490814374994,6.342761519322327,1938.0054479846046,0,52,0.0,7729,sensor_fault,7001,recruitment,24bfb8b9aac5b87f9f268595cf4462964bd3a01da9d8089f51ed740d780fee86,9b5a428363b62ad024a6d518c6bdc283191d1cf8739502f5298786104f688bf6,5c2b3d07f2ffc31311677433,16.00495409999985,f000d324411431a807bac72657424c44472cc457a2b2f856442e941850c00046,0.6197916666666665,0.03479576399394856,main_short,52.0,1.7833333333333334
0.7647897755925365,0.7957639939485628,0.40607665153807354,0.40526547238078386,0.2783661119515885,0.0022692889561270802,0.0,0.18073986524642321,0.5667468401065956,0.9662128088754414,0.967221381744831,34.045086359051936,0.030729954614220876,0.9166666666666666,0.9166666666666666,36,33,451.8975748243468,10.211332541783761,1886.465993481291,0,54,0.0,10170,sensor_fault,7012,economic,24bfb8b9aac5b87f9f268595cf4462964bd3a01da9d8089f51ed740d780fee86,6ef10a6f8528f48913779ce02125f8ae67ac504fa24b04f7d539448adf330dc7,5c3faf43eb7e1a3a65dadda5,14.203883174999646,f000d324411431a807bac72657424c44472cc457a2b2f856442e941850c00046,0.671875,0.01059001512859304,main_short,54.0,5.35
0.3624164775592536,0.4995823877962682,0.2825973903177005,0.28254682411195853,0.17549167927382753,0.24079677256681795,0.026727181038830056,0.06396918184038333,0.18037285749567972,1.0,1.0,130.0078794755421,0.29932551689359554,0.6111111111111112,0.75,36,22,413.8203547061381,5.816372691738534,1569.0022351423345,0,43,0.0,6273,storm,7002,recruitment,24bfb8b9aac5b87f9f268595cf4462964bd3a01da9d8089f51ed740d780fee86,fb367cc0d79aa8d9c98eb2a529262d3fdb12211bf1a4b9a1df875515bb387ab8,5c3fbabdb10b8b8974e59b18,14.313885557999924,f000d324411431a807bac72657424c44472cc457a2b2f856442e941850c00046,0.026041666666666664,0.697428139183056,main_short,43.0,1.45
0.3864409984871406,0.489780320221886,0.26806763741805345,0.26796926114843456,0.1800302571860817,0.13313161875945537,0.006555723651033787,0.09870447091005913,0.19850376587039728,1.0,1.0,126.31870902672716,0.29050838376197674,0.6944444444444444,0.8055555555555556,36,25,466.37512618852526,9.902844735659146,1380.6925574297163,0,37,0.0,7115,storm,7016,deadline_fusion,24bfb8b9aac5b87f9f268595cf4462964bd3a01da9d8089f51ed740d780fee86,c01d3e850dcea516d0864d501fedc94fd615e60fababbc941400707247a8bedb,5db368ef5bc8c182467dba04,38.94066996999982,f000d324411431a807bac72657424c44472cc457a2b2f856442e941850c00046,0.0625,0.6838124054462935,main_short,37.0,3.6333333333333333
0.7627505627061216,0.8188973165954507,0.4851541189150098,0.48521613262630114,0.2708018154311649,0.021684316691880985,0.0,0.09409619073208515,0.2593300701374846,1.0,1.0,38.082626827160176,0.051825024066761545,0.8888888888888888,0.9444444444444444,36,32,507.3517249879857,12.266810033982079,1483.0435589601782,0,43,0.0,8755,moving_front,7004,fungal,24bfb8b9aac5b87f9f268595cf4462964bd3a01da9d8089f51ed740d780fee86,33909bb95a53710954872d70bc5591af92a450651324e9fef7a21e0a1cd4da1e,5e33f957b788f08534439e4c,15.365245832000028,f000d324411431a807bac72657424c44472cc457a2b2f856442e941850c00046,0.39783611070627234,0.21936459909228442,main_short,43.0,4.283333333333333
0.7219648260211801,0.7590062405446292,0.3785300050428643,0.377951394911266,0.3207261724659607,0.00151285930408472,0.0,0.1785773692194578,0.3517144028905862,0.9372163388804842,1.0,39.83240355521936,0.03860155068078668,0.9722222222222222,0.9722222222222222,36,35,442.9899924844031,3.085279951937214,2121.7762362870726,0,0,0.0,10766,sensor_fault,7002,static_tuned,24bfb8b9aac5b87f9f268595cf4462964bd3a01da9d8089f51ed740d780fee86,fb367cc0d79aa8d9c98eb2a529262d3fdb12211bf1a4b9a1df875515bb387ab8,5e73ad481ee492558f920469,5.971935642000062,f000d324411431a807bac72657424c44472cc457a2b2f856442e941850c00046,0.5885416666666665,0.02723146747352496,main_short,0.0,0.0
0.7278587686727015,0.8504385361989124,0.5126765800401746,0.5118355799428203,0.22995461422087746,0.1043872919818457,0.0025214321734745334,0.0852479227527056,0.30439291991564293,1.0,1.0,35.98853990395198,0.02919561124226655,0.9444444444444444,1.0,36,34,433.11689673101046,6.392275649945253,1767.5654921183625,0,46,0.0,7275,moving_front,7005,recruitment,24bfb8b9aac5b87f9f268595cf4462964bd3a01da9d8089f51ed740d780fee86,3112fe2c83524b2f2e2f68f6ce520bfc1f93a616346ad692daac26f7b11e5a4b,5eb58b92e88249f9515f2586,15.042701535000106,f000d324411431a807bac72657424c44472cc457a2b2f856442e941850c00046,0.2104833360493848,0.25113464447806355,main_short,46.0,1.5833333333333333
0.778900037465009,0.8174325280350111,0.4651116860151797,0.46585684594590154,0.37367624810892586,0.005042864346949067,0.0,0.09291801785200957,0.24726114041298333,1.0,1.0,34.99179928592876,0.040882640312982915,0.9722222222222222,0.9722222222222222,36,35,502.7310148984225,12.07554083160603,1533.5421101812929,0,45,0.0,10318,moving_front,7003,fungal,24bfb8b9aac5b87f9f268595cf4462964bd3a01da9d8089f51ed740d780fee86,ddbf34503eff23fbcd394039890145ec197c5f33f339d9222c1ea54ac42702a6,5edfb422193a6f2292919a95,14.41820950500005,f000d324411431a807bac72657424c44472cc457a2b2f856442e941850c00046,0.4683682160326754,0.12708018154311648,main_short,45.0,4.466666666666667
0.2995855395864851,0.5985643595562279,0.34462462178517395,0.34393115185413753,0.08623298033282904,0.5998487140695915,0.3898134140191629,0.05522051469361795,0.3135942367564779,1.0,1.0,160.5008982602118,0.350392397881997,0.3333333333333333,0.6388888888888888,36,12,363.94629865337043,1.2408558044840912,2492.606972329873,0,0,0.0,3835,storm,7005,fixed_ring,24bfb8b9aac5b87f9f268595cf4462964bd3a01da9d8089f51ed740d780fee86,e5eb0adce92def657b42daaff1168729498af6b7f7eacaec91555308393fbb04,5fd5cfe1fbeee5e875fc27c1,4.32790693000004,f000d324411431a807bac72657424c44472cc457a2b2f856442e941850c00046,0.0,0.7110438729198184,main_short,,
0.29956190115985876,0.549585539586485,0.30945852244074634,0.30966966763445836,0.07866868381240545,0.5340393343419062,0.20827029752899645,0.08038844345304606,0.32820871875259366,1.0,1.0,148.17590141200202,0.29542517650025213,0.5555555555555556,0.7222222222222222,36,20,399.7104540997068,4.029913105560526,2028.665731768703,0,24,0.0,3695,storm,7017,greedy_sparse,24bfb8b9aac5b87f9f268595cf4462964bd3a01da9d8089f51ed740d780fee86,fded3c51bb367e0df8af6f8249b634fefe0cc389845c26618e90a9b29d9c3139,61064a5b3f3ccbfabe333aa1,11.037741753000091,f000d324411431a807bac72657424c44472cc457a2b2f856442e941850c00046,0.0,0.7322239031770046,main_short,24.0,0.8166666666666667
0.3483200958144225,0.512118633383762,0.2814942637418053,0.28086869897117084,0.1346444780635401,0.29677256681795255,0.05068078668683813,0.048092523222355674,0.18982158053014275,1.0,1.0,130.65695127332324,0.27925649268784664,0.5,0.7222222222222222,36,18,432.6682124742261,6.436428919664497,1405.7361055798726,0,35,0.0,5263,storm,7013,greedy_sparse,24bfb8b9aac5b87f9f268595cf4462964bd3a01da9d8089f51ed740d780fee86,7566b3dd58ba1b4b73cead9a88da4a0d93430742ea574afa5e3d674dbfd7a1c5,611d5ea404673dcab7f18cd5,11.222380479999856,f000d324411431a807bac72657424c44472cc457a2b2f856442e941850c00046,0.005208333333333333,0.6913767019667171,main_short,35.0,1.2333333333333334
0.33598083711548155,0.5273654185577408,0.2793668053454362,0.2789390962211985,0.17246596066565809,0.43267776096822996,0.10968229954614221,0.07115564344202026,0.23840128149261855,1.0,1.0,135.29792297024707,0.27454456631366614,0.6388888888888888,0.8055555555555556,36,23,443.2817950345568,3.4267962764435076,2119.4217048980354,0,0,0.0,5524,storm,7019,static_tuned,24bfb8b9aac5b87f9f268595cf4462964bd3a01da9d8089f51ed740d780fee86,12c2676d5d2da4bfdacb5c9a6312d12b90a39b080a71ade938e7b16bbaabf086,61aab532046e013538bd0786,5.363954694999848,f000d324411431a807bac72657424c44472cc457a2b2f856442e941850c00046,0.0,0.6944024205748865,main_short,0.0,0.0
0.7601859287119715,0.8225401594014149,0.473777499561898,0.47313839684130526,0.37972768532526474,0.042107917297024705,0.0,0.12129563037572773,0.20591775825965303,1.0,1.0,36.62299627405606,0.04471680883773411,0.9444444444444444,0.9444444444444444,36,34,471.424126998918,8.864869207905379,1354.3053939437993,0,58,0.0,9943,moving_front,7016,recruitment,24bfb8b9aac5b87f9f268595cf4462964bd3a01da9d8089f51ed740d780fee86,5e29696557cda66a921641f993e950ae2ed95f14de01a827d8e1fe0231f9c807,6250e262ad6f0ec3c283c8fe,16.84982924399992,f000d324411431a807bac72657424c44472cc457a2b2f856442e941850c00046,0.4160021340992923,0.18456883509833585,main_short,58.0,1.9333333333333333
0.6593294749784986,0.8155879517841341,0.4728684071693482,0.4720498146651224,0.1951588502269289,0.16565809379727683,0.031013615733736764,0.09230723839922858,0.33000366057600866,1.0,1.0,46.24459051985382,0.04530690614293604,0.9166666666666666,0.9166666666666666,36,33,439.6501167221029,7.0226028499582345,1771.5538866519626,0,49,0.0,6429,moving_front,7017,greedy_sparse,24bfb8b9aac5b87f9f268595cf4462964bd3a01da9d8089f51ed740d780fee86,897c3ea0ca4def7c92d6c5bc4c681216da15d36377736736da162a96b99c0650,62cb1643ac318d713c72f911,16.242785285999844,f000d324411431a807bac72657424c44472cc457a2b2f856442e941850c00046,0.11323709193475093,0.3494704992435703,main_short,49.0,1.6333333333333333
0.37126512859304084,0.5157353126575894,0.28275497982854253,0.28300538449717655,0.1588502269288956,0.23071104387291982,0.016389309127584465,0.09804781248726,0.19717505737181437,1.0,1.0,123.3220262859304,0.26748455622793743,0.6388888888888888,0.75,36,23,414.80546026240467,5.4306291510688816,1553.4228492595491,0,42,0.0,6255,storm,7016,recruitment,24bfb8b9aac5b87f9f268595cf4462964bd3a01da9d8089f51ed740d780fee86,c01d3e850dcea516d0864d501fedc94fd615e60fababbc941400707247a8bedb,632d27a38dc8627f4ab2dcd7,13.701065208000045,f000d324411431a807bac72657424c44472cc457a2b2f856442e941850c00046,0.041666666666666664,0.6883509833585476,main_short,42.0,1.6
0.723979763110649,0.8159498626932326,0.4836991052311453,0.48319640614091,0.291981845688351,0.09152798789712556,0.0012607160867372667,0.08686469937224683,0.256263568580753,1.0,1.0,41.686457652684226,0.053599491175155736,0.9166666666666666,0.9722222222222222,36,33,461.9256258877383,7.966405372401008,1697.7306280419004,0,53,0.0,8471,moving_front,7004,recruitment,24bfb8b9aac5b87f9f268595cf4462964bd3a01da9d8089f51ed740d780fee86,33909bb95a53710954872d70bc5591af92a450651324e9fef7a21e0a1cd4da1e,64e193d210072e96d96e71b6,15.264413977000004,f000d324411431a807bac72657424c44472cc457a2b2f856442e941850c00046,0.26894905565084537,0.2844175491679274,main_short,53.0,1.7833333333333334
0.7204756051437216,0.7967646873424103,0.41672182299546134,0.41780663375101906,0.025718608169440244,0.00680786686838124,0.0,0.18798429895752253,0.48844380242947805,1.0,1.0,39.12135968229954,0.03613527483610691,0.9166666666666666,0.9166666666666666,36,33,468.4030641344964,9.140379563356062,2038.289959063597,0,24,0.0,5321,sensor_fault,7000,fungal,24bfb8b9aac5b87f9f268595cf4462964bd3a01da9d8089f51ed740d780fee86,5f8536aad221b558feae01abd9e48012ffd43f0d986448ef31076303591affbe,6558abd762b3a5a7dba55a0b,18.647606642000028,f000d324411431a807bac72657424c44472cc457a2b2f856442e941850c00046,0.5729166666666666,0.0453857791225416,main_short,24.0,2.35
0.328786875945537,0.49100163893091264,0.27734178013111443,0.2769552205439345,0.12405446293494705,0.3545133635905195,0.025970751386787692,0.06789145175221126,0.39573206586364007,1.0,1.0,135.02753876701965,0.2930928517397881,0.6388888888888888,0.8333333333333334,36,23,450.2666690665604,9.17224674764352,1429.843136401092,0,35,0.0,5150,storm,7018,deadline_fusion,24bfb8b9aac5b87f9f268595cf4462964bd3a01da9d8089f51ed740d780fee86,20cbee7be12f3041b6f80dfbab6cf06c7cd24e2dceeb098a373acea1952196d8,65915c0effef282baaf86397,39.874435248000054,f000d324411431a807bac72657424c44472cc457a2b2f856442e941850c00046,0.0,0.7246596066565809,main_short,35.0,3.3666666666666667
0.7110359934442763,0.7504727685325263,0.34453006807866865,0.344224393244834,0.3146747352496218,0.007564296520423601,0.0,0.1619211539035557,0.39835763991095285,0.9447806354009077,1.0,40.33657179778113,0.03668683812405446,1.0,1.0,36,36,490.77463328777185,4.135058269237229,1946.666923106023,0,1,0.0,10500,sensor_fault,7018,adaptive,24bfb8b9aac5b87f9f268595cf4462964bd3a01da9d8089f51ed740d780fee86,20cbee7be12f3041b6f80dfbab6cf06c7cd24e2dceeb098a373acea1952196d8,65f0a650c164cfc5aef9c608,9.004365964000044,f000d324411431a807bac72657424c44472cc457a2b2f856442e941850c00046,0.59375,0.030257186081694403,main_short,,
0.7729765506807865,0.8080008194654561,0.41312090267271806,0.4130820138413444,0.16944024205748864,0.0005042864346949066,0.0,0.18969538148919135,0.43779841461615737,0.9601613716591023,1.0,29.060057362581944,0.014703101361573373,0.9166666666666666,0.9444444444444444,36,33,432.00663107626036,6.910826878915392,1868.0599146072307,0,55,0.0,8387,sensor_fault,7003,greedy_sparse,24bfb8b9aac5b87f9f268595cf4462964bd3a01da9d8089f51ed740d780fee86,7bba1255199adfdb1a1ba0c529b8275f13780540abed81a608a55c16f4b1390f,663cd0c01e9ffea6fe261515,16.733259048000036,f000d324411431a807bac72657424c44472cc457a2b2f856442e941850c00046,0.625,0.018154311649016642,main_short,55.0,1.9166666666666667
0.688751621102074,0.8234240415783104,0.47695359854135266,0.4777686674814062,0.2027231467473525,0.1341401916288452,0.011094301563287947,0.11037538424033345,0.233369477737423,1.0,1.0,44.21000982564813,0.046570454534323416,0.8888888888888888,0.9444444444444444,36,32,441.932856219367,7.306133488258778,1634.1550246515726,0,52,0.0,6576,moving_front,7007,recruitment,24bfb8b9aac5b87f9f268595cf4462964bd3a01da9d8089f51ed740d780fee86,4359898ad5beb32bbf1d8eff13ccc594cdb32a36c3aec06531a94f326fed618b,66eb204e0100aae3e4774c2d,12.816685624999991,f000d324411431a807bac72657424c44472cc457a2b2f856442e941850c00046,0.21429736133514737,0.2980332829046899,main_short,52.0,1.7666666666666666
0.7173218848321046,0.813838898957296,0.4689191138160275,0.4691940795442421,0.3313161875945537,0.07261724659606657,0.0037821482602118004,0.11216360888037245,0.184896278972812,1.0,1.0,39.99372148310996,0.0453458303170461,0.8888888888888888,0.9722222222222222,36,32,456.87199770964156,8.36582634837863,1482.8407264702491,0,57,0.0,8968,moving_front,7013,greedy_sparse,24bfb8b9aac5b87f9f268595cf4462964bd3a01da9d8089f51ed740d780fee86,0aace0ec30ee371a7c2663e2411d8b6b713bd3c12b78091846cea85ee9e6f3b4,66fcd8d86965f2fda352b5bc,16.296545502000072,f000d324411431a807bac72657424c44472cc457a2b2f856442e941850c00046,0.25500610493317105,0.2526475037821483,main_short,57.0,1.9
0.8106562027231468,0.8429068961169943,0.4414948940998487,0.4422412254641075,0.22390317700453857,0.0007564296520423601,0.0,0.1967481883863161,0.42924492059632285,1.0,1.0,26.840487897125566,0.021101235501765,0.9444444444444444,0.9444444444444444,36,34,442.9508306995296,3.084939077305775,2122.2520083251125,0,0,0.0,9574,sensor_fault,7014,static_tuned,24bfb8b9aac5b87f9f268595cf4462964bd3a01da9d8089f51ed740d780fee86,ac5fa5d877e58450b21b5619aadcad71ab1db9e7cd210fd1cd516ef4a934c028,6716b68b9e9c78d749d3e995,7.794841548000022,f000d324411431a807bac72657424c44472cc457a2b2f856442e941850c00046,0.6979166666666665,0.006051437216338881,main_short,0.0,0.0
0.8173537569339384,0.8519604135148763,0.44479639435199186,0.4445287238896396,0.17700453857791226,0.0,0.0,0.19347965129516384,0.4293997309041376,1.0,1.0,24.737377080181542,0.013678769541099343,0.9166666666666666,0.9166666666666666,36,33,414.3455875750902,8.614939524255279,1890.7879866867681,0,50,0.0,8880,sensor_fault,7014,economic,24bfb8b9aac5b87f9f268595cf4462964bd3a01da9d8089f51ed740d780fee86,ac5fa5d877e58450b21b5619aadcad71ab1db9e7cd210fd1cd516ef4a934c028,678c8be30a458e808293f9ac,34.56645772599995,f000d324411431a807bac72657424c44472cc457a2b2f856442e941850c00046,0.7135416666666666,0.006051437216338881,main_short,50.0,5.0
0.3173852748361068,0.48659701210287437,0.28138395108421577,0.2811871090196443,0.05446293494704992,0.291981845688351,0.06933938477054967,0.0883619874304628,0.31618358774711436,1.0,1.0,148.85499401159856,0.3514088502269289,0.6111111111111112,0.6666666666666666,36,22,913.0719992261695,16.78195281924557,1731.8026383870524,0,11,0.0,4056,storm,7015,adaptive,24bfb8b9aac5b87f9f268595cf4462964bd3a01da9d8089f51ed740d780fee86,b549dfc41676c63078393edb7074f42e4f0927a271f4a7ecca93c1f6bdaa8078,6816758cc53a25a18bc24d70,12.254679501999817,f000d324411431a807bac72657424c44472cc457a2b2f856442e941850c00046,0.0,0.7201210287443268,main_short,,
0.7831112060090795,0.8209445084321616,0.4804963727154616,0.4808215910423246,0.405446293494705,0.006555723651033787,0.0,0.10426313664843564,0.20349764158930064,1.0,1.0,35.73266709869163,0.048670128739909425,0.9722222222222222,1.0,36,35,524.1221322375502,14.345976554390495,1562.7886364579203,0,50,0.0,11042,moving_front,7016,fungal,24bfb8b9aac5b87f9f268595cf4462964bd3a01da9d8089f51ed740d780fee86,5e29696557cda66a921641f993e950ae2ed95f14de01a827d8e1fe0231f9c807,687b2f467a64ad55bcae12c1,18.69990070699987,f000d324411431a807bac72657424c44472cc457a2b2f856442e941850c00046,0.465813608773883,0.13010590015128592,main_short,50.0,5.0
0.3379270675743821,0.5452833459404941,0.30095656833081186,0.3022161449726619,0.1573373676248109,0.480584972264246,0.13968734241048913,0.052488542557347855,0.2743600921788988,1.0,1.0,135.0894320474029,0.26464006555723646,0.4166666666666667,0.7222222222222222,36,15,443.31147518130757,3.4337494750639865,2117.9997919016705,0,0,0.0,5421,storm,7000,static_tuned,24bfb8b9aac5b87f9f268595cf4462964bd3a01da9d8089f51ed740d780fee86,5f8536aad221b558feae01abd9e48012ffd43f0d986448ef31076303591affbe,68ff0cfc12fb669e62a2bfaa,4.3838138260000505,f000d324411431a807bac72657424c44472cc457a2b2f856442e941850c00046,0.0,0.6898638426626323,main_short,0.0,0.0
0.3713045259707513,0.4912695410993444,0.2694150277357539,0.2705207657031143,0.12708018154311648,0.20146243066061523,0.00302571860816944,0.0770720369843145,0.36656064776154046,1.0,1.0,125.27483610690871,0.2715346066565809,0.6,0.6285714285714286,35,21,449.25736362314217,9.529458610060765,1631.9722172719262,0,34,0.0,5627,storm,7001,fungal,24bfb8b9aac5b87f9f268595cf4462964bd3a01da9d8089f51ed740d780fee86,9b5a428363b62ad024a6d518c6bdc283191d1cf8739502f5298786104f688bf6,69339c733bbe9a64eda85c12,17.300216485000078,f000d324411431a807bac72657424c44472cc457a2b2f856442e941850c00046,0.03645833333333333,0.6883509833585476,main_short,34.0,3.3333333333333335
0.36976014876449814,0.4795685199193141,0.27225951840645485,0.2719640237756373,0.17851739788199697,0.20776601109430157,0.015380736258194654,0.08087262905444063,0.23790599886420524,1.0,1.0,131.69310230711045,0.30226456127080176,0.5555555555555556,0.8333333333333334,36,20,424.85782376667237,6.508671957099306,1666.355770482977,0,23,0.0,6334,storm,7011,deadline_fusion,24bfb8b9aac5b87f9f268595cf4462964bd3a01da9d8089f51ed740d780fee86,50b7b3fbf7cedf803850a0428d40ee1ccc4080b783db00698cf7730c8a755b36,698f4ee711733ce4ac3203b4,43.137194620999935,f000d324411431a807bac72657424c44472cc457a2b2f856442e941850c00046,0.03645833333333333,0.6822995461422088,main_short,23.0,2.25
0.6889419440242056,0.7488889939485627,0.3416619389813414,0.34090468547209746,0.1361573373676248,0.008825012607160867,0.0,0.1573648779045228,0.3615544886738746,0.9838628340897628,1.0,40.963975037821484,0.029327407967725663,0.9722222222222222,0.9722222222222222,36,35,908.8621093759748,14.774042781490959,1839.9251821545927,0,11,0.0,8072,sensor_fault,7017,adaptive,24bfb8b9aac5b87f9f268595cf4462964bd3a01da9d8089f51ed740d780fee86,fded3c51bb367e0df8af6f8249b634fefe0cc389845c26618e90a9b29d9c3139,69dbece191668de89ea5f275,9.174305412999729,f000d324411431a807bac72657424c44472cc457a2b2f856442e941850c00046,0.546875,0.06959152798789713,main_short,,
0.6883588628340896,0.7758446797781139,0.37927067574382245,0.3787037790230158,0.06959152798789713,0.02118003025718608,0.0,0.18581530447889735,0.4604938760259342,1.0,0.9997478567826527,38.2640333459405,0.021991616238023197,0.9444444444444444,0.9444444444444444,36,34,426.7626525236117,6.429924358325377,1914.3658255229268,0,50,0.0,6365,sensor_fault,7019,recruitment,24bfb8b9aac5b87f9f268595cf4462964bd3a01da9d8089f51ed740d780fee86,12c2676d5d2da4bfdacb5c9a6312d12b90a39b080a71ade938e7b16bbaabf086,69f4e8e8768c3561044e260e,18.08430579900005,f000d324411431a807bac72657424c44472cc457a2b2f856442e941850c00046,0.53125,0.08623298033282904,main_short,50.0,1.7833333333333334
0.7220830181543116,0.7758919566313665,0.3832970877458396,0.38287790407629607,0.07715582450832073,0.0007564296520423601,0.0,0.14820099945451337,0.2939735572664355,1.0,1.0,37.31156234241049,0.02738117750882501,0.9166666666666666,0.9166666666666666,36,33,430.8833544043361,6.827565981289697,1883.7150642299837,0,52,0.0,7160,sensor_fault,7004,greedy_sparse,24bfb8b9aac5b87f9f268595cf4462964bd3a01da9d8089f51ed740d780fee86,1ffbd60f44c9f81edacbd6236060262a241240e41dabbe8776c51fac2266503a,6a500ba61ba6b4012a12adfe,18.25562373599996,f000d324411431a807bac72657424c44472cc457a2b2f856442e941850c00046,0.6093749999999999,0.0226928895612708,main_short,52.0,1.85
0.6894304715078163,0.783015002521432,0.4161623802319717,0.41623147431421215,0.03177004538577912,0.009833585476550681,0.0,0.16580198709536792,0.4018049395477669,1.0,1.0,41.52243286686838,0.03416540595057992,0.9166666666666666,0.9444444444444444,36,33,363.4354048300562,0.906298851515332,2496.9812993656305,0,0,0.0,5663,sensor_fault,7016,fixed_ring,24bfb8b9aac5b87f9f268595cf4462964bd3a01da9d8089f51ed740d780fee86,c01d3e850dcea516d0864d501fedc94fd615e60fababbc941400707247a8bedb,6b1cfd495a5ae2f85a6ec266,6.400880583999879,f000d324411431a807bac72657424c44472cc457a2b2f856442e941850c00046,0.5416666666666665,0.06959152798789713,main_short,,
0.718537254160363,0.788995524457892,0.4050995965708522,0.40634519072173975,0.03479576399394856,0.005547150781643974,0.0,0.18859873338556563,0.48819069669069404,1.0,1.0,39.897566817952594,0.039893784669692386,0.9166666666666666,0.9166666666666666,36,33,443.03511425431554,3.0836409296709753,2122.134130543181,0,0,0.0,5832,sensor_fault,7000,static_tuned,24bfb8b9aac5b87f9f268595cf4462964bd3a01da9d8089f51ed740d780fee86,5f8536aad221b558feae01abd9e48012ffd43f0d986448ef31076303591affbe,6b2fd0ccf055e84396d0d9b2,5.565485169999874,f000d324411431a807bac72657424c44472cc457a2b2f856442e941850c00046,0.5729166666666665,0.037821482602118005,main_short,0.0,0.0
0.32568236258194655,0.4492482980332829,0.25150497982854253,0.251679778343127,0.12859304084720122,0.2927382753403933,0.007564296520423601,0.04679443662303862,0.2380281999130776,1.0,1.0,144.23179053202216,0.339369011598588,0.5,0.75,36,18,428.12179683007986,7.951398871905807,1298.3711320980553,0,32,0.0,5470,storm,7010,deadline_fusion,24bfb8b9aac5b87f9f268595cf4462964bd3a01da9d8089f51ed740d780fee86,c0265f2f5da1b8f1e6334a7d1da15d24852be86831d4583cf0a020b238d73be2,6bdb697699df1139c5414ace,40.87268355399988,f000d324411431a807bac72657424c44472cc457a2b2f856442e941850c00046,0.0,0.7065052950075643,main_short,32.0,3.1
0.765262544125063,0.8129097327281894,0.4037443267776097,0.4046846493294644,0.17397881996974282,0.007060010085728693,0.0,0.185269850225343,0.49105401979783253,0.9102370146243065,1.0,29.603268406454863,0.014837052445789204,0.9714285714285714,0.9714285714285714,35,34,442.9225597750582,3.068832443650999,2121.957704590462,0,0,0.0,8866,sensor_fault,7001,static_tuned,24bfb8b9aac5b87f9f268595cf4462964bd3a01da9d8089f51ed740d780fee86,9b5a428363b62ad024a6d518c6bdc283191d1cf8739502f5298786104f688bf6,6c449ff824bc3a3339065401,6.059956646000046,f000d324411431a807bac72657424c44472cc457a2b2f856442e941850c00046,0.6354166666666666,0.0226928895612708,main_short,0.0,0.0
0.3376434064548663,0.582505988401412,0.323822806354009,0.3244325121613678,0.14826021180030258,0.4828542612203731,0.18784669692385272,0.0743822319459679,0.34665141612126027,1.0,1.0,133.08946356530507,0.2643327660110943,0.6111111111111112,0.7222222222222222,36,22,363.92636785493363,1.201103302623291,2495.449205873286,0,0,0.0,5533,storm,7012,fixed_ring,24bfb8b9aac5b87f9f268595cf4462964bd3a01da9d8089f51ed740d780fee86,6ef10a6f8528f48913779ce02125f8ae67ac504fa24b04f7d539448adf330dc7,6daa41844c39831a9250ac58,4.691566304999924,f000d324411431a807bac72657424c44472cc457a2b2f856442e941850c00046,0.0,0.6944024205748865,main_short,,
0.3105064926878467,0.508698940998487,0.2864031770045386,0.28635077432374667,0.09984871406959153,0.4397377710539586,0.10161371659102371,0.06995719497308903,0.3276741638759271,1.0,1.0,142.89417076399394,0.2960082576903681,0.6388888888888888,0.75,36,23,432.8499184405398,8.175664243030973,1706.6785570091313,0,34,0.0,4167,storm,7017,economic,24bfb8b9aac5b87f9f268595cf4462964bd3a01da9d8089f51ed740d780fee86,fded3c51bb367e0df8af6f8249b634fefe0cc389845c26618e90a9b29d9c3139,6e5fd4affdb2b44f87a3c0db,11.41738635799993,f000d324411431a807bac72657424c44472cc457a2b2f856442e941850c00046,0.0,0.7261724659606656,main_short,34.0,3.3333333333333335
0.7368806732223904,0.7915090771558245,0.40756587241553194,0.40739802129618574,0.12102874432677761,0.004034291477559253,0.0,0.22022113553115827,0.4863249367936132,0.9629349470499243,1.0,36.624038703983864,0.029484997478567823,0.9722222222222222,0.9722222222222222,36,35,405.81556110680555,5.102153454815617,1930.234622099823,0,42,0.0,7694,sensor_fault,7008,recruitment,24bfb8b9aac5b87f9f268595cf4462964bd3a01da9d8089f51ed740d780fee86,61fbc2c3c47ea0b2f394bf19d5d944ff33916305affd279efd1232b2237e443b,6ece814319bcf0a2b507dbef,15.338426021000032,f000d324411431a807bac72657424c44472cc457a2b2f856442e941850c00046,0.5989583333333333,0.03479576399394856,main_short,42.0,1.4166666666666667
0.7586020904552634,0.815953264706622,0.4833857045001503,0.4847685484116885,0.33434190620272314,0.015632879475542105,0.0,0.08307176658110396,0.19365445806463666,1.0,1.0,36.26058820947003,0.0419097790539528,0.9444444444444444,0.9444444444444444,36,34,527.5666169831527,13.702205007356891,1477.5412289770857,0,49,0.0,9911,moving_front,7009,fungal,24bfb8b9aac5b87f9f268595cf4462964bd3a01da9d8089f51ed740d780fee86,6e2d005a512f8f795588b53a08d35435fd833e215d9a9396f9ada02b8104fa48,6f975f0ed8fe095ae3d86ee6,15.324231661999875,f000d324411431a807bac72657424c44472cc457a2b2f856442e941850c00046,0.3889672449496364,0.19969742813918306,main_short,49.0,4.9
0.3098997730711044,0.5706552571860817,0.3172986006051437,0.3172464939789236,0.11497730711043873,0.5441250630358043,0.22869389813414023,0.08374306819273857,0.19511166501422808,1.0,1.0,143.91617813918305,0.27408755673222385,0.5277777777777778,0.75,36,19,363.9346074466393,1.2199103616377334,2495.321674091692,0,0,0.0,4580,storm,7009,fixed_ring,24bfb8b9aac5b87f9f268595cf4462964bd3a01da9d8089f51ed740d780fee86,956a9ceb80df2feb4bb3b76f79213a7f0cb93b60e4835d44d36852e549355e78,709c27c62d16853aee97b139,4.503919317000054,f000d324411431a807bac72657424c44472cc457a2b2f856442e941850c00046,0.0,0.7125567322239031,main_short,,
0.32321608673726676,0.5763048411497731,0.3281801563287947,0.32802448988673144,0.16187594553706505,0.5007564296520424,0.17221381744831063,0.061880082768886784,0.1792544150238581,1.0,1.0,138.7754901033787,0.28880641704488147,0.4722222222222222,0.7777777777777778,36,17,363.94110329247343,1.2168423794989027,2493.9260880571424,0,0,0.0,5344,storm,7002,fixed_ring,24bfb8b9aac5b87f9f268595cf4462964bd3a01da9d8089f51ed740d780fee86,fb367cc0d79aa8d9c98eb2a529262d3fdb12211bf1a4b9a1df875515bb387ab8,70cea5fa37e514c4d71e7a02,4.736690180999972,f000d324411431a807bac72657424c44472cc457a2b2f856442e941850c00046,0.0,0.7186081694402421,main_short,,
0.35485218103883,0.5111179399899143,0.27987109178013103,0.2807371973932654,0.13161875945537066,0.27584467977811394,0.019415027735753907,0.08911341575973328,0.3235095378554973,1.0,1.0,126.10359934442762,0.2647031013615733,0.4166666666666667,0.5555555555555556,36,15,416.91589032189984,5.682122590029665,1776.7317462208193,0,42,0.0,5364,storm,7008,greedy_sparse,24bfb8b9aac5b87f9f268595cf4462964bd3a01da9d8089f51ed740d780fee86,61fbc2c3c47ea0b2f394bf19d5d944ff33916305affd279efd1232b2237e443b,712c295c3a8f86ee1e1b76be,13.86528285999998,f000d324411431a807bac72657424c44472cc457a2b2f856442e941850c00046,0.020833333333333332,0.7049924357034796,main_short,42.0,1.6166666666666667
0.7359508951084215,0.7887118633383762,0.40571419566313666,0.4054111407902302,0.13918305597579425,0.0055471507816439725,0.0,0.2177564363529523,0.48617831453782934,0.9662128088754414,1.0,37.205307614725164,0.0324476802824004,0.9722222222222222,0.9722222222222222,36,35,453.99033004697304,8.542131853697034,1869.2747875195632,0,30,0.0,8098,sensor_fault,7008,deadline_fusion,24bfb8b9aac5b87f9f268595cf4462964bd3a01da9d8089f51ed740d780fee86,61fbc2c3c47ea0b2f394bf19d5d944ff33916305affd279efd1232b2237e443b,72bf96b9bc51d348a0457c22,43.204989405000106,f000d324411431a807bac72657424c44472cc457a2b2f856442e941850c00046,0.5885416666666665,0.04236006051437216,main_short,30.0,2.8333333333333335
0.3205685829551185,0.5288546394351992,0.29908913262733233,0.29901203135136634,0.11649016641452345,0.4354513363590519,0.08497226424609178,0.06068757283675536,0.3953293490974531,1.0,1.0,134.14606183812404,0.2721019288956127,0.6944444444444444,0.8611111111111112,36,25,435.0058916134459,8.098683958371266,1453.7311763898538,0,38,0.0,4787,storm,7018,economic,24bfb8b9aac5b87f9f268595cf4462964bd3a01da9d8089f51ed740d780fee86,20cbee7be12f3041b6f80dfbab6cf06c7cd24e2dceeb098a373acea1952196d8,73aa9337bb3e5e966ff0c308,13.827732590000096,f000d324411431a807bac72657424c44472cc457a2b2f856442e941850c00046,0.0,0.7216338880484114,main_short,38.0,3.783333333333333
0.7313571608673726,0.8470672592032273,0.4648575390821987,0.4654196628169984,0.006051437216338881,0.016389309127584465,0.0,0.2178982389751037,0.4293939590453182,0.9987392839132628,1.0,33.73983547655068,0.022874117498739282,0.9166666666666666,0.9166666666666666,36,33,363.4294735185483,0.8890907870337975,2497.251910300427,0,0,0.0,4505,sensor_fault,7014,fixed_ring,24bfb8b9aac5b87f9f268595cf4462964bd3a01da9d8089f51ed740d780fee86,ac5fa5d877e58450b21b5619aadcad71ab1db9e7cd210fd1cd516ef4a934c028,7565548b4cc41140b5e816b6,12.353044190000219,f000d324411431a807bac72657424c44472cc457a2b2f856442e941850c00046,0.5729166666666666,0.057488653555219364,main_short,,
0.3036040721129601,0.5686853883005547,0.3203715960665658,0.32010078102584916,0.10741301059001512,0.5562279374684821,0.20398386283408973,0.06863897080817234,0.3957584088846162,1.0,1.0,141.51120461422084,0.26943866616238016,0.6388888888888888,0.8333333333333334,36,23,396.1327000099167,3.9426149154264665,1988.0739600893837,0,22,0.0,4438,storm,7018,recruitment,24bfb8b9aac5b87f9f268595cf4462964bd3a01da9d8089f51ed740d780fee86,20cbee7be12f3041b6f80dfbab6cf06c7cd24e2dceeb098a373acea1952196d8,75874bbe23e3ba8e509e8420,10.893134176000103,f000d324411431a807bac72657424c44472cc457a2b2f856442e941850c00046,0.0,0.7246596066565809,main_short,22.0,0.7833333333333333
0.3684127584467978,0.491017397881997,0.2700375063035804,0.2703756624876552,0.1361573373676248,0.22617246596066565,0.02118003025718608,0.08437132624417035,0.18948414215012246,1.0,1.0,131.24602086485123,0.29425901412002015,0.5277777777777778,0.6666666666666666,36,19,452.3233863196326,9.897389683665846,1394.4815438278806,0,45,0.0,5879,storm,7009,economic,24bfb8b9aac5b87f9f268595cf4462964bd3a01da9d8089f51ed740d780fee86,956a9ceb80df2feb4bb3b76f79213a7f0cb93b60e4835d44d36852e549355e78,76eb96123943e45b9666cf6a,13.824113945000136,f000d324411431a807bac72657424c44472cc457a2b2f856442e941850c00046,0.03645833333333333,0.6883509833585476,main_short,45.0,4.483333333333333
0.746064545555768,0.8124938347955366,0.4877063814168134,0.4875486176114947,0.26021180030257185,0.016389309127584465,0.0,0.09338288214114966,0.22842273816144001,1.0,1.0,40.48714374360543,0.05327845744823996,0.9166666666666666,0.9444444444444444,36,33,2312.5938172806186,45.82352955542174,690.3876938215724,0,12,0.0,9308,moving_front,7003,adaptive,24bfb8b9aac5b87f9f268595cf4462964bd3a01da9d8089f51ed740d780fee86,ddbf34503eff23fbcd394039890145ec197c5f33f339d9222c1ea54ac42702a6,77bfa53624c567ddde6c29d5,7.6719095189998825,f000d324411431a807bac72657424c44472cc457a2b2f856442e941850c00046,0.3725776587327042,0.19969742813918306,main_short,,
0.6714182309385469,0.8052821450007734,0.4812524977895065,0.4801616075348623,0.1649016641452345,0.0832072617246596,0.0020171457387796266,0.10433541887425161,0.1878900152883105,1.0,1.0,46.97683524334536,0.05716551447893451,0.8888888888888888,0.8888888888888888,36,32,363.8036381093032,0.8887982861549829,2496.2782508227406,0,0,0.0,6411,moving_front,7002,fixed_ring,24bfb8b9aac5b87f9f268595cf4462964bd3a01da9d8089f51ed740d780fee86,5b23548e342cd0e105b412e1f6ff973e8f388f6fbedb3fc9e75b3089b159ddd9,798fb367ff00a38ccf29da50,4.81956447399989,f000d324411431a807bac72657424c44472cc457a2b2f856442e941850c00046,0.21879339355378757,0.28895612708018154,main_short,,
0.3407636787695411,0.5022692889561271,0.2836453605648008,0.2840843481643559,0.07564296520423601,0.3454362077660111,0.04815935451336359,0.05187767045480288,0.27779198373274494,1.0,1.0,133.90762890821986,0.2850085098335855,0.5,0.6666666666666666,36,18,465.5041708284069,10.21455888489242,1244.2914869245765,0,41,0.0,4330,storm,7000,economic,24bfb8b9aac5b87f9f268595cf4462964bd3a01da9d8089f51ed740d780fee86,5f8536aad221b558feae01abd9e48012ffd43f0d986448ef31076303591affbe,79ca7b914a9ea59c47c539fa,13.183504330000005,f000d324411431a807bac72657424c44472cc457a2b2f856442e941850c00046,0.0,0.7004538577912254,main_short,41.0,4.083333333333333
0.635112729274952,0.8107260735906126,0.47479770026644336,0.4749010813665169,0.11346444780635401,0.16439737771053958,0.010085728693898134,0.11721723374801632,0.3334380750917514,1.0,1.0,51.124467260742136,0.06221995018797874,0.8611111111111112,0.8888888888888888,36,31,363.79231606069055,0.8756326741333056,2495.288196942441,0,0,0.0,5317,moving_front,7008,fixed_ring,24bfb8b9aac5b87f9f268595cf4462964bd3a01da9d8089f51ed740d780fee86,a9dc4e7a83ea86ea436568b7b9e6ff3f12c69e20d2897f78617ebd8a5771ceb1,79ec88790ccd515cec8cabb5,4.5803277980000985,f000d324411431a807bac72657424c44472cc457a2b2f856442e941850c00046,0.11013218450972923,0.3918305597579425,main_short,,
0.7571542794226525,0.8061574800242431,0.44432095499471636,0.44575654398576314,0.4236006051437216,0.009833585476550681,0.0,0.11641693612905303,0.20246652612838023,1.0,1.0,37.0244347722331,0.042796735675623004,0.9722222222222222,0.9722222222222222,36,35,443.3856202624463,3.088021842948259,2121.0281693010024,0,0,0.0,10954,moving_front,7016,static_tuned,24bfb8b9aac5b87f9f268595cf4462964bd3a01da9d8089f51ed740d780fee86,5e29696557cda66a921641f993e950ae2ed95f14de01a827d8e1fe0231f9c807,7ac853cfc69af86a683482e6,6.196201348000159,f000d324411431a807bac72657424c44472cc457a2b2f856442e941850c00046,0.4129729733051999,0.1815431164901664,main_short,0.0,0.0
0.7019466665625733,0.7959702758893971,0.46494958409750414,0.465581059012018,0.3827534039334342,0.0718608169440242,0.008068582955118506,0.07301450421963486,0.23999532473595153,1.0,1.0,51.41847560457474,0.08992045628305541,0.9166666666666666,0.9722222222222222,36,33,1964.1476629084686,37.313656580508834,737.6007969452825,0,10,0.0,10944,moving_front,7011,adaptive,24bfb8b9aac5b87f9f268595cf4462964bd3a01da9d8089f51ed740d780fee86,a045df01d14234cb96176801d87713dde0c5b1030233001228c3094e00dd4a73,7af48dd14327e9debbe98944,9.801077278000093,f000d324411431a807bac72657424c44472cc457a2b2f856442e941850c00046,0.14777011824618472,0.2042360060514372,main_short,,
0.7072905997443123,0.8079043802860326,0.4648851501631128,0.466420229073556,0.3040847201210287,0.08169440242057488,0.0037821482602118004,0.1083162591059496,0.1846100986260727,1.0,1.0,42.471339791930966,0.0522114870859275,0.9166666666666666,0.9722222222222222,36,33,450.2481699878559,7.89604539060064,1522.699661245383,0,54,0.0,8526,moving_front,7013,recruitment,24bfb8b9aac5b87f9f268595cf4462964bd3a01da9d8089f51ed740d780fee86,0aace0ec30ee371a7c2663e2411d8b6b713bd3c12b78091846cea85ee9e6f3b4,7af51843fafc1a37f04030a3,15.416004138999824,f000d324411431a807bac72657424c44472cc457a2b2f856442e941850c00046,0.2426421667069939,0.27685325264750377,main_short,54.0,1.8
0.3838171331316187,0.5000472768532527,0.27240134896621276,0.27289996114659576,0.17095310136157338,0.18406454866364094,0.004790721129601613,0.09943983867141577,0.19809337374838923,1.0,1.0,123.85928832576903,0.2777515128593041,0.6388888888888888,0.75,36,23,442.656177587771,8.56725459419494,1833.4284275616292,0,31,0.0,6718,storm,7016,fungal,24bfb8b9aac5b87f9f268595cf4462964bd3a01da9d8089f51ed740d780fee86,c01d3e850dcea516d0864d501fedc94fd615e60fababbc941400707247a8bedb,7d8adf2b1b38298b2fb9766e,14.809067416000062,f000d324411431a807bac72657424c44472cc457a2b2f856442e941850c00046,0.05208333333333333,0.680786686838124,main_short,31.0,2.9833333333333334
0.3524253025718608,0.5147267397881997,0.2817227685325265,0.28123508026421656,0.13313161875945537,0.2970247100353,0.023197175995965706,0.06346525633709588,0.24580260035461812,1.0,1.0,127.02770423600604,0.27281108169440244,0.5,0.6944444444444444,36,18,429.70222375266866,6.372011827018695,1598.79026147286,0,46,0.0,5412,storm,7004,greedy_sparse,24bfb8b9aac5b87f9f268595cf4462964bd3a01da9d8089f51ed740d780fee86,1ffbd60f44c9f81edacbd6236060262a241240e41dabbe8776c51fac2266503a,7de2ed73bc14dfcf3a5fd06d,13.507118017999915,f000d324411431a807bac72657424c44472cc457a2b2f856442e941850c00046,0.020833333333333332,0.7140695915279879,main_short,46.0,1.7
0.6654374684820977,0.7661608043368633,0.36542643721633883,0.3633117993412477,0.028744326777609682,0.01664145234493192,0.0,0.2078826129139725,0.49194049415985275,0.891578416540595,1.0,43.18062909732728,0.035260653050932934,0.9722222222222222,0.9722222222222222,36,35,422.52276452016054,5.869485618070042,1972.9331609728806,0,50,0.0,5157,sensor_fault,7006,recruitment,24bfb8b9aac5b87f9f268595cf4462964bd3a01da9d8089f51ed740d780fee86,5772c05e39ffe56db9fe4d550c615751b591862ac0732ff00bde5b9c136479f3,7f644cbb782e842340b544d7,15.382535534999988,f000d324411431a807bac72657424c44472cc457a2b2f856442e941850c00046,0.484375,0.11195158850226929,main_short,50.0,1.8833333333333333
0.309726424609178,0.5922765380736258,0.32982696671709527,0.32873119946443,0.10892586989409984,0.5630358043368633,0.26651538073625824,0.06900305901370649,0.2500141655740664,1.0,1.0,145.6115654942007,0.2945426752395361,0.5555555555555556,0.75,36,20,363.934879469387,1.2224211615399494,2493.779844598312,0,0,0.0,4407,storm,7004,fixed_ring,24bfb8b9aac5b87f9f268595cf4462964bd3a01da9d8089f51ed740d780fee86,1ffbd60f44c9f81edacbd6236060262a241240e41dabbe8776c51fac2266503a,7f848706c8ff7deaab616393,3.9265890629999376,f000d324411431a807bac72657424c44472cc457a2b2f856442e941850c00046,0.0,0.7186081694402421,main_short,,
0.6976802824004034,0.7282920448814927,0.31657368885526976,0.3174971714656654,0.4402420574886536,0.0032778618255168935,0.0,0.1742911898665803,0.46158331422965126,0.93166918809884,0.9694906707009581,44.074516200201714,0.04899457892082702,0.9166666666666666,0.9166666666666666,36,33,490.64910760590067,4.132147669634844,1947.38229906225,0,1,0.0,12025,sensor_fault,7013,adaptive,24bfb8b9aac5b87f9f268595cf4462964bd3a01da9d8089f51ed740d780fee86,7566b3dd58ba1b4b73cead9a88da4a0d93430742ea574afa5e3d674dbfd7a1c5,7fd7f1165ff602a37772d704,9.649778771000001,f000d324411431a807bac72657424c44472cc457a2b2f856442e941850c00046,0.5885416666666665,0.030257186081694403,main_short,,
0.3126418305597579,0.5788420322743317,0.32216811649016636,0.32177255419029716,0.11497730711043873,0.5698436712052445,0.3146747352496218,0.04675860785914094,0.18969560895413645,1.0,1.0,153.41421614977304,0.3249732097831568,0.3888888888888889,0.6388888888888888,36,14,363.9332952047657,1.2164293501311703,2494.3887736418455,0,0,0.0,4323,storm,7013,fixed_ring,24bfb8b9aac5b87f9f268595cf4462964bd3a01da9d8089f51ed740d780fee86,7566b3dd58ba1b4b73cead9a88da4a0d93430742ea574afa5e3d674dbfd7a1c5,800963f0984396d9f8f5d508,5.20067158300003,f000d324411431a807bac72657424c44472cc457a2b2f856442e941850c00046,0.0,0.7034795763993948,main_short,,
0.8103381738229058,0.858732299106287,0.5221203121747314,0.52339233626041,0.3630862329803328,0.008320726172465959,0.0,0.13364559847066626,0.3925743951828855,1.0,1.0,29.120157806645047,0.0323180397869553,0.9444444444444444,0.9444444444444444,36,34,509.1215069730943,13.631232528180833,1279.108755672853,0,56,0.0,9901,moving_front,7014,economic,24bfb8b9aac5b87f9f268595cf4462964bd3a01da9d8089f51ed740d780fee86,358f3d3ac5e4c7943da7c4ded7230c7e4afe2570f3a3d3555871e5543b789f00,801f8f6e4c0628c2bff61968,16.260536221999928,f000d324411431a807bac72657424c44472cc457a2b2f856442e941850c00046,0.4994988402928957,0.10136157337367625,main_short,56.0,5.583333333333333
0.3995288073625819,0.5173663640948057,0.29259644478063535,0.292316919000299,0.14674735249621784,0.17322239031770045,0.008320726172465959,0.04436240799395521,0.37805765795874635,1.0,1.0,118.32643879223397,0.2541997604639435,0.6111111111111112,0.75,36,22,473.76138788089105,11.08392608078641,1086.8234616211835,0,42,0.0,6465,storm,7014,economic,24bfb8b9aac5b87f9f268595cf4462964bd3a01da9d8089f51ed740d780fee86,ac5fa5d877e58450b21b5619aadcad71ab1db9e7cd210fd1cd516ef4a934c028,802bdd79e56d0ea87fb27959,17.178321857000128,f000d324411431a807bac72657424c44472cc457a2b2f856442e941850c00046,0.05729166666666666,0.6686838124054463,main_short,42.0,4.2
0.7534039334341907,0.80023953605648,0.4114031770045386,0.41142572809770683,0.18456883509833585,0.00529500756429652,0.0,0.1637098318726342,0.33524280740449297,0.9735249621785174,1.0,32.37660741301059,0.020447239031770044,1.0,1.0,36,36,442.96781353480463,3.0981199460100624,2121.5683668200363,0,0,0.0,8721,sensor_fault,7011,static_tuned,24bfb8b9aac5b87f9f268595cf4462964bd3a01da9d8089f51ed740d780fee86,50b7b3fbf7cedf803850a0428d40ee1ccc4080b783db00698cf7730c8a755b36,80a1da9ecf04b6d558b679aa,4.273357652999948,f000d324411431a807bac72657424c44472cc457a2b2f856442e941850c00046,0.6354166666666665,0.03177004538577912,main_short,0.0,0.0
0.7255393680573727,0.8541023655883222,0.5291356949986858,0.5280595854167683,0.13767019667170954,0.07690368129097326,0.005042864346949067,0.0917320699239172,0.399573297715185,1.0,1.0,41.90151322570781,0.05999766795718398,0.9722222222222222,0.9722222222222222,36,35,2167.674669800875,44.396395179569325,1060.8427020357433,0,15,0.0,7377,moving_front,7018,adaptive,24bfb8b9aac5b87f9f268595cf4462964bd3a01da9d8089f51ed740d780fee86,43e354cb1fa0a5fed03587ccc8ef089b630912d128abf8941ac224ef282c99e3,814c2377cd1613cde0d767c5,10.473774893999916,f000d324411431a807bac72657424c44472cc457a2b2f856442e941850c00046,0.21140184399309897,0.2254160363086233,main_short,,
0.7229103630862328,0.7690368129097326,0.3922087745839637,0.39150008648110696,0.22844175491679275,0.00226928895612708,0.0,0.1647716921093188,0.3492914582625368,1.0,1.0,38.977795637922334,0.037900277357539085,0.9722222222222222,0.9722222222222222,36,35,421.6784254405401,6.072045130822666,1898.0697822076215,0,49,0.0,9400,sensor_fault,7002,recruitment,24bfb8b9aac5b87f9f268595cf4462964bd3a01da9d8089f51ed740d780fee86,fb367cc0d79aa8d9c98eb2a529262d3fdb12211bf1a4b9a1df875515bb387ab8,81736f6af7022d122ebea732,15.616407604000415,f000d324411431a807bac72657424c44472cc457a2b2f856442e941850c00046,0.59375,0.037821482602118005,main_short,49.0,1.6666666666666667
0.7150860438729197,0.7594080937972768,0.3742199319213313,0.3748892508838413,0.12254160363086233,0.0,0.0,0.19131859383381827,0.29754134639411745,0.8908219868885526,1.0,42.10291383005547,0.04316376701966717,0.9444444444444444,0.9444444444444444,36,34,454.6345132910826,7.612283720063787,1981.5745666805367,0,20,0.0,7961,sensor_fault,7004,fungal,24bfb8b9aac5b87f9f268595cf4462964bd3a01da9d8089f51ed740d780fee86,1ffbd60f44c9f81edacbd6236060262a241240e41dabbe8776c51fac2266503a,82754f51110f41a7f6220ccd,20.38297127800024,f000d324411431a807bac72657424c44472cc457a2b2f856442e941850c00046,0.59375,0.02118003025718608,main_short,20.0,1.9833333333333334
0.765625,0.7989394225920322,0.4049656454866363,0.40496973920188983,0.27685325264750377,0.0017650025214321732,0.0,0.17744890207488906,0.5664928548768482,0.9679778113968733,0.9679778113968733,32.656210602622295,0.026679904185577405,0.9166666666666666,0.9166666666666666,36,33,431.3961822379847,6.986541793283959,1978.4360299885068,0,55,0.0,10009,sensor_fault,7012,greedy_sparse,24bfb8b9aac5b87f9f268595cf4462964bd3a01da9d8089f51ed740d780fee86,6ef10a6f8528f48913779ce02125f8ae67ac504fa24b04f7d539448adf330dc7,82be81f2b4c36d6da32a3b23,17.633372866000173,f000d324411431a807bac72657424c44472cc457a2b2f856442e941850c00046,0.6666666666666666,0.01059001512859304,main_short,55.0,2.0166666666666666
0.317542864346949,0.4669219616742309,0.2624732097831568,0.26237442132185507,0.09228441754916793,0.37997982854261214,0.04185577407967725,0.09477560483509306,0.3164496364062927,1.0,1.0,142.6204771810388,0.32123045890065555,0.4444444444444444,0.6944444444444444,36,16,403.9024988265408,5.8320051045332475,1821.0642353129542,0,18,0.0,4231,storm,7015,deadline_fusion,24bfb8b9aac5b87f9f268595cf4462964bd3a01da9d8089f51ed740d780fee86,b549dfc41676c63078393edb7074f42e4f0927a271f4a7ecca93c1f6bdaa8078,82eda8fd6984c7509d551839,40.907461959999864,f000d324411431a807bac72657424c44472cc457a2b2f856442e941850c00046,0.0,0.7140695915279879,main_short,18.0,1.7666666666666666
0.678958648512355,0.7771053958648512,0.39556543116490167,0.39543753464338244,0.019667170953101363,0.022945032778618254,0.0,0.1678671538046486,0.4190976324079063,0.9657085224407462,1.0,42.13238306858296,0.03537096570852244,0.9722222222222222,0.9722222222222222,36,35,438.28286846232487,7.739697631098042,1952.216149182383,0,25,0.0,5110,sensor_fault,7015,deadline_fusion,24bfb8b9aac5b87f9f268595cf4462964bd3a01da9d8089f51ed740d780fee86,b549dfc41676c63078393edb7074f42e4f0927a271f4a7ecca93c1f6bdaa8078,8309cae2bd29663228e31cb6,52.05444432200011,f000d324411431a807bac72657424c44472cc457a2b2f856442e941850c00046,0.5260416666666666,0.06959152798789713,main_short,25.0,2.433333333333333
0.6838833207261724,0.7835823247604637,0.3905698436712052,0.3896059899303647,0.039334341906202726,0.0264750378214826,0.0,0.17856317319683968,0.26324986985906107,0.9578920827029752,1.0,40.103378719112456,0.027822428139183057,1.0,1.0,36,36,423.2871747329253,6.729870223321502,1861.8258669292597,0,52,0.0,5926,sensor_fault,7010,greedy_sparse,24bfb8b9aac5b87f9f268595cf4462964bd3a01da9d8089f51ed740d780fee86,c0265f2f5da1b8f1e6334a7d1da15d24852be86831d4583cf0a020b238d73be2,843eff78feef9c66c466bdfc,14.058302441999786,f000d324411431a807bac72657424c44472cc457a2b2f856442e941850c00046,0.5208333333333333,0.08623298033282904,main_short,52.0,1.8333333333333333
0.7821623876847393,0.8190289800117193,0.4782430607168989,0.47936637475563737,0.44175491679273826,0.007312153303076147,0.0,0.09303063686086173,0.34741766160685394,1.0,1.0,34.97749211277959,0.04419445420421871,0.9444444444444444,0.9444444444444444,36,34,518.4732338330057,14.153113606080375,1487.9592520710848,0,53,0.0,11197,moving_front,7012,deadline_fusion,24bfb8b9aac5b87f9f268595cf4462964bd3a01da9d8089f51ed740d780fee86,760400fc1b0b776e9c52ee32311a1069b16aa52520e6f2d9a36a2dd8b57f7ebd,84c05fe664fe11fdf9b9b668,44.425986820999924,f000d324411431a807bac72657424c44472cc457a2b2f856442e941850c00046,0.45903405126667884,0.12859304084720122,main_short,53.0,5.266666666666667
0.36662411749873924,0.5003624558749369,0.2864583333333333,0.2857240911872603,0.1573373676248109,0.19062027231467474,0.021684316691880985,0.07287764663917148,0.24009592426926177,1.0,1.0,135.30789050680784,0.32364157841654057,0.6666666666666666,0.75,36,24,869.2033490117244,15.237569149773387,1714.261966554626,0,11,0.0,6272,storm,7011,adaptive,24bfb8b9aac5b87f9f268595cf4462964bd3a01da9d8089f51ed740d780fee86,50b7b3fbf7cedf803850a0428d40ee1ccc4080b783db00698cf7730c8a755b36,86547e1cc41791690eb45884,8.978913941999963,f000d324411431a807bac72657424c44472cc457a2b2f856442e941850c00046,0.0,0.6777609682299546,main_short,,
0.5567085854765506,0.7820931038830055,0.4110486006051437,0.4098923108313788,0.007564296520423601,0.09001512859304085,0.0,0.21255384831943538,0.4586286352680072,0.9982349974785679,0.9989914271306103,47.57761283408977,0.02846066565809379,0.9444444444444444,0.9444444444444444,36,34,363.4283889819212,0.8969304467682054,2496.934566449235,0,0,0.0,3219,sensor_fault,7019,fixed_ring,24bfb8b9aac5b87f9f268595cf4462964bd3a01da9d8089f51ed740d780fee86,12c2676d5d2da4bfdacb5c9a6312d12b90a39b080a71ade938e7b16bbaabf086,88cdff5d40ddb70aef5eca0b,5.805583434000255,f000d324411431a807bac72657424c44472cc457a2b2f856442e941850c00046,0.2708333333333333,0.3267776096822995,main_short,,
0.7191124558749369,0.7561065935451335,0.37776569591527986,0.3772184779007125,0.3328290468986384,0.0012607160867372667,0.0,0.17278336665518412,0.3512750605650538,0.9367120524457891,1.0,40.625472768532525,0.041020549672213816,0.9722222222222222,0.9722222222222222,36,35,471.3331803039312,8.68127582115584,1897.3644036024866,0,26,0.0,10608,sensor_fault,7002,fungal,24bfb8b9aac5b87f9f268595cf4462964bd3a01da9d8089f51ed740d780fee86,fb367cc0d79aa8d9c98eb2a529262d3fdb12211bf1a4b9a1df875515bb387ab8,88f3c052bbc317c5157c2233,18.38184596999986,f000d324411431a807bac72657424c44472cc457a2b2f856442e941850c00046,0.5937499999999999,0.036308623298033284,main_short,26.0,2.55
0.38169755421079177,0.4991411371659102,0.2819906707009581,0.2814405012781456,0.16338880484114976,0.19440242057488655,0.004034291477559253,0.11705649135422959,0.24520387407018954,1.0,1.0,123.1059316691881,0.27059694906707005,0.6388888888888888,0.75,36,23,416.81001866293207,6.521702014385681,1819.7297965136531,0,20,0.0,6096,storm,7003,fungal,24bfb8b9aac5b87f9f268595cf4462964bd3a01da9d8089f51ed740d780fee86,7bba1255199adfdb1a1ba0c529b8275f13780540abed81a608a55c16f4b1390f,898c33b4bb475c568c5de6b1,13.157411195000009,f000d324411431a807bac72657424c44472cc457a2b2f856442e941850c00046,0.03645833333333333,0.6822995461422088,main_short,20.0,1.9
0.6814091654059505,0.7910757060010085,0.40484745335350475,0.404198758000631,0.024205748865355523,0.026222894604135148,0.0,0.1653321745380721,0.3619540884519996,0.9652042360060514,1.0,37.71676437216339,0.017390002521432173,1.0,1.0,36,36,444.1793637265065,10.001132801261367,1998.4623029771035,0,52,0.0,5077,sensor_fault,7017,economic,24bfb8b9aac5b87f9f268595cf4462964bd3a01da9d8089f51ed740d780fee86,fded3c51bb367e0df8af6f8249b634fefe0cc389845c26618e90a9b29d9c3139,89b5b5048aba5f64bcd2cc61,16.34691134700006,f000d324411431a807bac72657424c44472cc457a2b2f856442e941850c00046,0.48437499999999994,0.11497730711043873,main_short,52.0,5.116666666666666
0.7697853630862329,0.7994043116490166,0.3990875567322238,0.39992906412312607,0.2481089258698941,0.0,0.0,0.16954168086857863,0.4344237195866658,0.9694906707009581,1.0,29.227141641452345,0.015183749369641954,1.0,1.0,36,36,443.0457233973564,3.083867270309672,2121.29542004999,0,0,0.0,9903,sensor_fault,7003,static_tuned,24bfb8b9aac5b87f9f268595cf4462964bd3a01da9d8089f51ed740d780fee86,7bba1255199adfdb1a1ba0c529b8275f13780540abed81a608a55c16f4b1390f,8a640668a053f3493c4dfe7a,6.2506220390000635,f000d324411431a807bac72657424c44472cc457a2b2f856442e941850c00046,0.6145833333333333,0.01361573373676248,main_short,0.0,0.0
0.7404418981428775,0.8316926418816611,0.4995276903062951,0.5009250738240459,0.29046898638426627,0.04488149268784669,0.0,0.09782179481279632,0.40747715173715243,1.0,1.0,37.4933069008682,0.04256619186719628,0.9166666666666666,0.9722222222222222,36,33,510.22615354132853,13.07369690548076,1482.4241989539564,0,46,0.0,8245,moving_front,7018,deadline_fusion,24bfb8b9aac5b87f9f268595cf4462964bd3a01da9d8089f51ed740d780fee86,43e354cb1fa0a5fed03587ccc8ef089b630912d128abf8941ac224ef282c99e3,8a741c6b381cb2e160da2c23,44.45641335200003,f000d324411431a807bac72657424c44472cc457a2b2f856442e941850c00046,0.3037835807067105,0.2586989409984871,main_short,46.0,4.583333333333333
0.7029595310136156,0.7310104639435198,0.3347043620776601,0.3355012745817426,0.49319213313161875,0.0012607160867372667,0.0,0.1756883179678506,0.4072753197319551,0.9576399394856279,1.0,44.981483232476045,0.05043652294503277,0.8888888888888888,0.8888888888888888,36,32,660.9065698480058,8.381698039918636,1943.31920509512,0,3,0.0,12425,sensor_fault,7016,adaptive,24bfb8b9aac5b87f9f268595cf4462964bd3a01da9d8089f51ed740d780fee86,c01d3e850dcea516d0864d501fedc94fd615e60fababbc941400707247a8bedb,8c2bb0f4c9c863b5ea18450c,10.429824564999763,f000d324411431a807bac72657424c44472cc457a2b2f856442e941850c00046,0.6041666666666666,0.018154311649016642,main_short,,
0.7556180660615228,0.8006413893091274,0.39926878466969234,0.399302388405136,0.14826021180030258,0.0010085728693898133,0.0,0.19270055435770106,0.4013941902083822,0.8996469994957135,1.0,31.829062657589507,0.017437279374684818,0.9722222222222222,0.9722222222222222,36,35,422.1038542340956,6.553042913620722,1899.9043966778818,0,54,0.0,8235,sensor_fault,7009,greedy_sparse,24bfb8b9aac5b87f9f268595cf4462964bd3a01da9d8089f51ed740d780fee86,956a9ceb80df2feb4bb3b76f79213a7f0cb93b60e4835d44d36852e549355e78,8ca1268bfdf6ade20827faf4,14.704711625000073,f000d324411431a807bac72657424c44472cc457a2b2f856442e941850c00046,0.640625,0.01361573373676248,main_short,54.0,1.9666666666666666
0.6831347705496721,0.7699429525970751,0.37265979576399394,0.37314172011525026,0.07261724659606657,0.021432173474533533,0.0,0.20919078440080416,0.45623892754955525,1.0,1.0,39.944331505295004,0.027586043872919817,0.9444444444444444,0.9722222222222222,36,34,431.960608717846,6.743100979617004,1857.330453451418,0,50,0.0,6425,sensor_fault,7019,greedy_sparse,24bfb8b9aac5b87f9f268595cf4462964bd3a01da9d8089f51ed740d780fee86,12c2676d5d2da4bfdacb5c9a6312d12b90a39b080a71ade938e7b16bbaabf086,8d802e43f8da7f884afe72dc,27.59954393199996,f000d324411431a807bac72657424c44472cc457a2b2f856442e941850c00046,0.515625,0.08925869894099848,main_short,50.0,1.7833333333333334
0.6954582702975289,0.7200816313666161,0.3199697428139183,0.31933771979310616,0.34795763993948564,0.0,0.0,0.16388434617305003,0.29068168243271875,0.926626323751891,1.0,44.883423159354514,0.04957766011094301,0.9444444444444444,0.9444444444444444,36,34,554.0372523648591,6.063048207329976,1933.3792373780673,0,3,0.0,11339,sensor_fault,7004,adaptive,24bfb8b9aac5b87f9f268595cf4462964bd3a01da9d8089f51ed740d780fee86,1ffbd60f44c9f81edacbd6236060262a241240e41dabbe8776c51fac2266503a,8e27a1b97156b8244fc89ba7,10.698895605999951,f000d324411431a807bac72657424c44472cc457a2b2f856442e941850c00046,0.5885416666666666,0.02118003025718608,main_short,,
0.707364157841654,0.7582025340393344,0.3666398764498235,0.3654763993927026,0.12102874432677761,0.0027735753908219867,0.0,0.16807468191670502,0.48805384091493303,1.0,1.0,43.323523386283405,0.0464810262228946,0.8888888888888888,0.9166666666666666,36,32,1317.300379445861,24.703529814973564,1571.8775269527594,0,14,0.0,7484,sensor_fault,7000,adaptive,24bfb8b9aac5b87f9f268595cf4462964bd3a01da9d8089f51ed740d780fee86,5f8536aad221b558feae01abd9e48012ffd43f0d986448ef31076303591affbe,8eadcc27bff1894c92ae92a1,9.003826164999964,f000d324411431a807bac72657424c44472cc457a2b2f856442e941850c00046,0.5833333333333333,0.036308623298033284,main_short,,
0.311846003530005,0.5263647251638931,0.28483516137165915,0.2841826656740653,0.15128593040847202,0.4977307110438729,0.16187594553706505,0.06165334075562661,0.31909708086138044,1.0,1.0,142.28315683308116,0.2880736258194655,0.5277777777777778,0.8055555555555556,36,19,443.2595904069939,3.441292878505411,2119.387392477526,0,0,0.0,5007,storm,7015,static_tuned,24bfb8b9aac5b87f9f268595cf4462964bd3a01da9d8089f51ed740d780fee86,b549dfc41676c63078393edb7074f42e4f0927a271f4a7ecca93c1f6bdaa8078,8eff20349108cbfefb4350f1,6.1530420230001255,f000d324411431a807bac72657424c44472cc457a2b2f856442e941850c00046,0.0,0.7155824508320726,main_short,0.0,0.0
0.7428429837845255,0.8219926719311726,0.5046324633598414,0.506825738429271,0.22087745839636913,0.031517902168431665,0.0,0.08050862230349135,0.1893962810247892,1.0,1.0,40.412085583584755,0.05334139477763012,0.8888888888888888,0.8888888888888888,36,32,2301.535650024172,45.857731512620276,1030.610721669234,0,13,0.0,8768,moving_front,7009,adaptive,24bfb8b9aac5b87f9f268595cf4462964bd3a01da9d8089f51ed740d780fee86,6e2d005a512f8f795588b53a08d35435fd833e215d9a9396f9ada02b8104fa48,8f235755bffc7e58265f9103,7.676543581000033,f000d324411431a807bac72657424c44472cc457a2b2f856442e941850c00046,0.38632518504234736,0.17397881996974282,main_short,,
0.7378071142267353,0.8090050513775385,0.4657578629197069,0.46591352238783174,0.2844175491679274,0.02118003025718608,0.0,0.11313855844363949,0.2416021085925126,1.0,1.0,39.89733264096145,0.047333473385249285,0.9722222222222222,0.9722222222222222,36,35,443.3689681412909,3.0829608928222876,2120.794459612001,0,0,0.0,8926,moving_front,7011,static_tuned,24bfb8b9aac5b87f9f268595cf4462964bd3a01da9d8089f51ed740d780fee86,a045df01d14234cb96176801d87713dde0c5b1030233001228c3094e00dd4a73,8f24ef96a3fb0918cc99c973,5.5136306389999845,f000d324411431a807bac72657424c44472cc457a2b2f856442e941850c00046,0.29996570347534357,0.2329803328290469,main_short,0.0,0.0
0.3545370020171456,0.5178942889561271,0.2816045763993948,0.2814227885969118,0.13313161875945537,0.3035804336863338,0.02723146747352496,0.06359102192533163,0.2465987100964472,1.0,1.0,125.99868412758445,0.26917864346949066,0.5555555555555556,0.7222222222222222,36,20,432.4347353552414,6.364633244893049,1566.2098503221985,0,43,0.0,5348,storm,7004,recruitment,24bfb8b9aac5b87f9f268595cf4462964bd3a01da9d8089f51ed740d780fee86,1ffbd60f44c9f81edacbd6236060262a241240e41dabbe8776c51fac2266503a,90d58046023871472b553b3c,14.044493646999967,f000d324411431a807bac72657424c44472cc457a2b2f856442e941850c00046,0.010416666666666666,0.7095310136157338,main_short,43.0,1.6333333333333333
0.7112363507838807,0.8279487083512234,0.4886997950023516,0.4887421847671094,0.2118003025718608,0.08295511850731214,0.0022692889561270802,0.12496853583130223,0.28026425402627225,0.9959657085224406,1.0,40.69415140803934,0.04210163112260938,0.9444444444444444,0.9444444444444444,36,34,443.70869154500605,3.0749181936107863,2121.9713489266164,0,0,0.0,7120,moving_front,7000,static_tuned,24bfb8b9aac5b87f9f268595cf4462964bd3a01da9d8089f51ed740d780fee86,5bd218142e142fa4278b4a5cda21ab3f6b168aad1e4f87cf0725f2f9c148a9ed,912a18b876988a645198f26e,4.371178938000185,f000d324411431a807bac72657424c44472cc457a2b2f856442e941850c00046,0.2141313623904341,0.291981845688351,main_short,0.0,0.0
0.31965456379223395,0.5175003151790216,0.28440179021684314,0.28427350456018513,0.09531013615733737,0.4319213313161876,0.11169944528492184,0.04684930315178465,0.23819681181914337,1.0,1.0,139.0403586737267,0.29695379475542105,0.4166666666666667,0.6944444444444444,36,15,402.54014765964604,4.5567283368907985,1899.7944450118948,0,27,0.0,4316,storm,7010,greedy_sparse,24bfb8b9aac5b87f9f268595cf4462964bd3a01da9d8089f51ed740d780fee86,c0265f2f5da1b8f1e6334a7d1da15d24852be86831d4583cf0a020b238d73be2,913cbf715d1d00f4b73cdf95,10.639928762999944,f000d324411431a807bac72657424c44472cc457a2b2f856442e941850c00046,0.0,0.7170953101361573,main_short,27.0,0.9833333333333333
0.7250513445642952,0.7906080988153829,0.45076701809607644,0.45242401690329104,0.37972768532526474,0.03681290973272819,0.0,0.09344520589834386,0.19008333764976826,1.0,1.0,43.87020411234748,0.06349621440916671,0.8888888888888888,0.9166666666666666,36,32,445.8266061584136,7.433650339077743,1457.8574637532606,0,50,0.0,9750,moving_front,7002,greedy_sparse,24bfb8b9aac5b87f9f268595cf4462964bd3a01da9d8089f51ed740d780fee86,5b23548e342cd0e105b412e1f6ff973e8f388f6fbedb3fc9e75b3089b159ddd9,92066d3e27182e017988780c,13.945131880999952,f000d324411431a807bac72657424c44472cc457a2b2f856442e941850c00046,0.3852247040375559,0.2254160363086233,main_short,50.0,1.7
0.8159512102874432,0.8511567070095813,0.44386661623802315,0.44435985588042537,0.20726172465960666,0.0012607160867372667,0.0,0.19280638411993592,0.42984425986708624,1.0,1.0,24.66070978315683,0.01379696167423096,0.9444444444444444,0.9444444444444444,36,34,454.8932927792194,8.535703115145141,1915.5965196680866,0,28,0.0,9250,sensor_fault,7014,fungal,24bfb8b9aac5b87f9f268595cf4462964bd3a01da9d8089f51ed740d780fee86,ac5fa5d877e58450b21b5619aadcad71ab1db9e7cd210fd1cd516ef4a934c028,92350c522087dc3e2f31e4ac,33.76782055600006,f000d324411431a807bac72657424c44472cc457a2b2f856442e941850c00046,0.703125,0.006051437216338881,main_short,28.0,2.8
0.7569260590015128,0.7936286560766515,0.3670023323247604,0.3670252247528145,0.2481089258698941,0.0020171457387796266,0.0,0.20350474414075348,0.42282250180398173,0.9109934442763489,1.0,32.99128530005043,0.026191376701966716,0.9166666666666666,0.9444444444444444,36,33,490.8407013244851,4.1470017377250885,1947.1941379305144,0,1,0.0,10044,sensor_fault,7005,adaptive,24bfb8b9aac5b87f9f268595cf4462964bd3a01da9d8089f51ed740d780fee86,e5eb0adce92def657b42daaff1168729498af6b7f7eacaec91555308393fbb04,9391d56603c164edc921ffdb,8.664283863000037,f000d324411431a807bac72657424c44472cc457a2b2f856442e941850c00046,0.6354166666666666,0.028744326777609682,main_short,,
0.7234776853252647,0.7622683434190619,0.3835807488653555,0.3830171024066097,0.3177004538577912,0.0017650025214321732,0.0,0.1740317619576218,0.35077241585172786,0.9382249117498739,1.0,40.95747447049924,0.04507847957639939,1.0,1.0,36,36,458.7871022739844,9.079530880197595,1915.489924014987,0,31,0.0,10577,sensor_fault,7002,deadline_fusion,24bfb8b9aac5b87f9f268595cf4462964bd3a01da9d8089f51ed740d780fee86,fb367cc0d79aa8d9c98eb2a529262d3fdb12211bf1a4b9a1df875515bb387ab8,93d07d4c4ffc86a72b18fe5f,43.59867617200007,f000d324411431a807bac72657424c44472cc457a2b2f856442e941850c00046,0.6041666666666666,0.03328290468986384,main_short,31.0,3.1
0.6305372829433985,0.8544463020818616,0.5174474771188656,0.5177492217604006,0.0529500756429652,0.17876954109934443,0.005547150781643973,0.11816326090248892,0.31371680769468807,1.0,1.0,45.891542405336956,0.03197833033590188,0.8888888888888888,0.9166666666666666,36,32,363.81282373101953,0.920606949235264,2496.2168253026653,0,0,0.0,4359,moving_front,7005,fixed_ring,24bfb8b9aac5b87f9f268595cf4462964bd3a01da9d8089f51ed740d780fee86,3112fe2c83524b2f2e2f68f6ce520bfc1f93a616346ad692daac26f7b11e5a4b,9497cc4d319d37dfd9a76542,4.325785762000123,f000d324411431a807bac72657424c44472cc457a2b2f856442e941850c00046,0.08054599072648766,0.3857791225416036,main_short,,
0.7485580559757942,0.783590204236006,0.39175964447806344,0.39171536119803374,0.2556732223903177,0.00151285930408472,0.0,0.15789831254465855,0.40276745123869034,1.0,1.0,35.81131019919314,0.0317542864346949,1.0,1.0,36,36,460.14240313379605,8.841355097580111,1890.0563114040708,0,29,0.0,10124,sensor_fault,7016,deadline_fusion,24bfb8b9aac5b87f9f268595cf4462964bd3a01da9d8089f51ed740d780fee86,c01d3e850dcea516d0864d501fedc94fd615e60fababbc941400707247a8bedb,94bbf5eb50d51e537cdf8d93,91.06890929700012,f000d324411431a807bac72657424c44472cc457a2b2f856442e941850c00046,0.6562499999999999,0.018154311649016642,main_short,29.0,2.8666666666666667
0.7396580114989981,0.8289197834092469,0.5008004539983668,0.5013582880641183,0.2859304084720121,0.05572365103378719,0.0,0.09354986659462979,0.40252248988263134,1.0,1.0,37.22593147054779,0.04014788588339911,0.9722222222222222,0.9722222222222222,36,35,494.8056365197046,12.653271304015982,1413.77366703775,0,52,0.0,8303,moving_front,7018,economic,24bfb8b9aac5b87f9f268595cf4462964bd3a01da9d8089f51ed740d780fee86,43e354cb1fa0a5fed03587ccc8ef089b630912d128abf8941ac224ef282c99e3,94e94c3e4d0a6f53f5cb9e8a,17.48130888600008,f000d324411431a807bac72657424c44472cc457a2b2f856442e941850c00046,0.3059014159292294,0.2526475037821483,main_short,52.0,5.183333333333334
0.675381366616238,0.7274095436207765,0.3218923348461926,0.32119857679743874,0.2874432677760968,0.0113464447806354,0.0,0.19842170109563628,0.469600369628633,0.8908219868885526,0.9823499747856782,44.49575296268279,0.03875126071608673,0.9444444444444444,0.9722222222222222,36,34,490.5981212529729,4.1236107400843505,1946.9345666977126,0,1,0.0,9969,sensor_fault,7019,adaptive,24bfb8b9aac5b87f9f268595cf4462964bd3a01da9d8089f51ed740d780fee86,12c2676d5d2da4bfdacb5c9a6312d12b90a39b080a71ade938e7b16bbaabf086,965c1a9eead7da2b0e6f8cc6,17.638592262000202,f000d324411431a807bac72657424c44472cc457a2b2f856442e941850c00046,0.5572916666666666,0.06202723146747353,main_short,,
0.713242336269613,0.8234824846146155,0.5049287045209989,0.5064235702797278,0.26021180030257185,0.10943015632879474,0.007564296520423599,0.08319146931385951,0.40043302385588686,1.0,1.0,41.50885965928374,0.046126986577908695,0.8611111111111112,0.9166666666666666,36,31,446.30371272930637,7.212936616560758,1635.3365893939456,0,48,0.0,7561,moving_front,7018,recruitment,24bfb8b9aac5b87f9f268595cf4462964bd3a01da9d8089f51ed740d780fee86,43e354cb1fa0a5fed03587ccc8ef089b630912d128abf8941ac224ef282c99e3,96dc510e2bd951320398720f,16.17329219499993,f000d324411431a807bac72657424c44472cc457a2b2f856442e941850c00046,0.21457966423757144,0.2874432677760968,main_short,48.0,1.6
0.3721870272314674,0.47354072112960155,0.26561712052445785,0.2658883844806887,0.1361573373676248,0.11699445284921833,0.0,0.06306772346576536,0.2478391745134992,1.0,1.0,133.79262796268281,0.3243901285930408,0.5555555555555556,0.6111111111111112,36,20,477.68004190293163,11.022611780546493,1243.0614623836225,0,40,0.0,6204,storm,7004,deadline_fusion,24bfb8b9aac5b87f9f268595cf4462964bd3a01da9d8089f51ed740d780fee86,1ffbd60f44c9f81edacbd6236060262a241240e41dabbe8776c51fac2266503a,97751107f5142de8a6e4c35e,37.89115843299999,f000d324411431a807bac72657424c44472cc457a2b2f856442e941850c00046,0.05208333333333333,0.697428139183056,main_short,40.0,4.0
0.6792456592653352,0.7788560181051,0.4284618490019767,0.42658583608707146,0.17700453857791226,0.059757942511346446,0.0,0.09254258252292046,0.2935964826953287,1.0,1.0,48.263712345953834,0.06548895449329735,0.9722222222222222,1.0,36,35,506.45427827517597,13.405819803214142,1550.5659300008228,0,49,0.0,6982,moving_front,7006,fungal,24bfb8b9aac5b87f9f268595cf4462964bd3a01da9d8089f51ed740d780fee86,ab258b21f7221620284a3215d026dafd75f9efdf5bedb3e529bdff643d2065af,9864453f606895a2c65bb1e7,15.937362893999989,f000d324411431a807bac72657424c44472cc457a2b2f856442e941850c00046,0.22243309328657973,0.329803328290469,main_short,49.0,4.833333333333333
0.7528016269241284,0.821627933726586,0.4629376743571749,0.4638138267020543,0.3373676248108926,0.040090771558245086,0.0,0.09509637153114502,0.36122632238066105,1.0,1.0,35.751492451879955,0.03451809280258889,0.9428571428571428,0.9428571428571428,35,33,521.1705733350357,12.981737197482417,1454.6936871154758,0,45,0.0,9565,moving_front,7001,deadline_fusion,24bfb8b9aac5b87f9f268595cf4462964bd3a01da9d8089f51ed740d780fee86,0eaaad553c80db6664d9a551f5b55b53a649071324c5a65ea020b06da777986c,9a6d122edc44b91f3d3644f3,38.24322328900007,f000d324411431a807bac72657424c44472cc457a2b2f856442e941850c00046,0.4153205599144097,0.19364599092284418,main_short,45.0,4.5
0.8132406707009581,0.8522361951588502,0.44737298285426114,0.44778264107385257,0.15128593040847202,0.0,0.0,0.1910478129783174,0.42914988479632227,1.0,1.0,24.779965645486634,0.010983988905698436,0.9444444444444444,0.9444444444444444,36,34,414.34871699826397,5.537522998390217,1980.8747146393155,0,44,0.0,8354,sensor_fault,7014,recruitment,24bfb8b9aac5b87f9f268595cf4462964bd3a01da9d8089f51ed740d780fee86,ac5fa5d877e58450b21b5619aadcad71ab1db9e7cd210fd1cd516ef4a934c028,9af0709286f7bab98ee6dfae,16.75332852800011,f000d324411431a807bac72657424c44472cc457a2b2f856442e941850c00046,0.7083333333333333,0.006051437216338881,main_short,44.0,1.5333333333333334
0.6771542486132122,0.7920370020171457,0.40546205244578915,0.4051267314708276,0.028744326777609682,0.025970751386787692,0.0,0.16756972679318366,0.3623904162431376,0.9619263741805344,1.0,37.67878530005043,0.016499621785173977,0.9722222222222222,0.9722222222222222,36,35,418.35962826675444,6.188998764279271,1924.302043327522,0,54,0.0,4944,sensor_fault,7017,greedy_sparse,24bfb8b9aac5b87f9f268595cf4462964bd3a01da9d8089f51ed740d780fee86,fded3c51bb367e0df8af6f8249b634fefe0cc389845c26618e90a9b29d9c3139,9af64425bf170d84721b4514,18.061886846000107,f000d324411431a807bac72657424c44472cc457a2b2f856442e941850c00046,0.46874999999999994,0.13313161875945537,main_short,54.0,2.0166666666666666
0.659623501941646,0.8208355846977604,0.4753930381403427,0.47395909259520935,0.19667170953101362,0.17170953101361572,0.02798789712556732,0.08155556849419206,0.3287078075738529,1.0,1.0,45.47367730034279,0.04411517428307987,0.9166666666666666,0.9444444444444444,36,33,434.7776573240724,6.803199644288162,1651.8937131800546,0,50,0.0,6368,moving_front,7017,recruitment,24bfb8b9aac5b87f9f268595cf4462964bd3a01da9d8089f51ed740d780fee86,897c3ea0ca4def7c92d6c5bc4c681216da15d36377736736da162a96b99c0650,9c9932e8ca11c158b010ce0a,16.708910072000208,f000d324411431a807bac72657424c44472cc457a2b2f856442e941850c00046,0.10837226811663446,0.3464447806354009,main_short,50.0,1.6666666666666667
0.7593371785173978,0.8014214573877961,0.400482223903177,0.4002453247602285,0.1664145234493192,0.0010085728693898133,0.0,0.19188905653072474,0.401105904905821,0.9019162884518406,1.0,31.33174955874937,0.01718513615733737,0.9722222222222222,0.9722222222222222,36,35,446.2317433220064,8.28745034104278,1922.7961546629376,0,27,0.0,8563,sensor_fault,7009,deadline_fusion,24bfb8b9aac5b87f9f268595cf4462964bd3a01da9d8089f51ed740d780fee86,956a9ceb80df2feb4bb3b76f79213a7f0cb93b60e4835d44d36852e549355e78,9cb8c4ce70c226d8aa7b5a09,39.01839621499994,f000d324411431a807bac72657424c44472cc457a2b2f856442e941850c00046,0.640625,0.015128593040847202,main_short,27.0,2.6666666666666665
0.7087351865859807,0.7946766263237519,0.4147440746343923,0.41720773598868766,0.0226928895612708,0.011850731215330307,0.0,0.19629637026886004,0.48786512873928883,1.0,1.0,40.194544251134644,0.037632375189107406,0.9444444444444444,0.9444444444444444,36,34,421.0786300790358,6.440730835060882,1918.7046522460194,0,53,0.0,5055,sensor_fault,7000,greedy_sparse,24bfb8b9aac5b87f9f268595cf4462964bd3a01da9d8089f51ed740d780fee86,5f8536aad221b558feae01abd9e48012ffd43f0d986448ef31076303591affbe,9d14549f02da838727fb7ddb,17.825089257999934,f000d324411431a807bac72657424c44472cc457a2b2f856442e941850c00046,0.5624999999999999,0.05143721633888049,main_short,53.0,1.9166666666666667
0.30596003530005045,0.5362455874936964,0.2972138174483106,0.2962937437146092,0.057488653555219364,0.5032778618255168,0.1714573877962683,0.09249001242575804,0.31556684542812463,1.0,1.0,142.166540595058,0.292714636913767,0.4722222222222222,0.75,36,17,417.79372755485406,5.0934994974442365,2053.365644829599,0,30,0.0,3610,storm,7015,recruitment,24bfb8b9aac5b87f9f268595cf4462964bd3a01da9d8089f51ed740d780fee86,b549dfc41676c63078393edb7074f42e4f0927a271f4a7ecca93c1f6bdaa8078,9d968f32cc55ef8797c82a7c,13.776642764999906,f000d324411431a807bac72657424c44472cc457a2b2f856442e941850c00046,0.0,0.7276853252647504,main_short,30.0,1.1666666666666667
0.5865961555170723,0.8343268723406373,0.5195165621138417,0.5202939943709871,0.03479576399394856,0.2453353504790721,0.03504790721129601,0.119612693905052,0.2789310900704548,1.0,1.0,60.11636585129223,0.05300805085744481,0.8611111111111112,0.9444444444444444,36,31,363.79884945996434,0.8931519493287617,2496.9123129089376,0,0,0.0,3580,moving_front,7000,fixed_ring,24bfb8b9aac5b87f9f268595cf4462964bd3a01da9d8089f51ed740d780fee86,5bd218142e142fa4278b4a5cda21ab3f6b168aad1e4f87cf0725f2f9c148a9ed,9db2884c56d0275802b31a49,4.917439826999953,f000d324411431a807bac72657424c44472cc457a2b2f856442e941850c00046,0.04497052095316409,0.4281391830559758,main_short,,
0.6670842788703983,0.7211138426626323,0.31041193898134134,0.3103014574032478,0.2481089258698941,0.008825012607160865,0.0,0.14801014670385204,0.26334142208187333,0.9808371154815935,1.0,45.412293557740796,0.04107570600100857,0.9722222222222222,1.0,36,35,615.1069029296723,7.880852348887992,1928.1827147868216,0,5,0.0,9647,sensor_fault,7010,adaptive,24bfb8b9aac5b87f9f268595cf4462964bd3a01da9d8089f51ed740d780fee86,c0265f2f5da1b8f1e6334a7d1da15d24852be86831d4583cf0a020b238d73be2,9dc531e3c36fcc595ddd7425,6.516499386000305,f000d324411431a807bac72657424c44472cc457a2b2f856442e941850c00046,0.546875,0.0529500756429652,main_short,,
0.7430345436207766,0.7798395738779625,0.39426531770045387,0.3942278077344013,0.22995461422087746,0.0020171457387796266,0.0,0.16259170724031471,0.4034016862420329,1.0,1.0,37.460326840645486,0.03462241553202219,0.9722222222222222,1.0,36,35,441.69593333470834,9.782505683234808,1863.139733866215,0,51,0.0,9859,sensor_fault,7016,economic,24bfb8b9aac5b87f9f268595cf4462964bd3a01da9d8089f51ed740d780fee86,c01d3e850dcea516d0864d501fedc94fd615e60fababbc941400707247a8bedb,9ef05e7bee92d0f056c18759,16.45203873399987,f000d324411431a807bac72657424c44472cc457a2b2f856442e941850c00046,0.640625,0.0226928895612708,main_short,51.0,5.05
0.37994043116490156,0.458089069591528,0.25858074886535554,0.25827736982002863,0.19062027231467474,0.10514372163388802,0.0007564296520423601,0.06103556314847356,0.178368993388214,1.0,1.0,133.35882343671204,0.319875189107413,0.6388888888888888,0.6944444444444444,36,23,457.9798357596046,9.433558682160964,1546.8535329467718,0,31,0.0,7016,storm,7002,fungal,24bfb8b9aac5b87f9f268595cf4462964bd3a01da9d8089f51ed740d780fee86,fb367cc0d79aa8d9c98eb2a529262d3fdb12211bf1a4b9a1df875515bb387ab8,9f25264b8ea471a773dcc596,18.582124121999982,f000d324411431a807bac72657424c44472cc457a2b2f856442e941850c00046,0.057291666666666664,0.6944024205748865,main_short,31.0,3.066666666666667
0.7358351661156644,0.8139777914160041,0.4675009984319641,0.46774026182398354,0.43872919818456885,0.045385779122541596,0.0,0.08020602558397749,0.3527394577709767,1.0,1.0,40.04650483770677,0.04899398423297708,0.8857142857142857,0.8857142857142857,35,31,1889.1041801625415,36.621107056439094,974.2061232260456,0,17,0.0,11333,moving_front,7001,adaptive,24bfb8b9aac5b87f9f268595cf4462964bd3a01da9d8089f51ed740d780fee86,0eaaad553c80db6664d9a551f5b55b53a649071324c5a65ea020b06da777986c,9f401bbf03652eb92fc57809,7.509311446999845,f000d324411431a807bac72657424c44472cc457a2b2f856442e941850c00046,0.382182286026819,0.18456883509833585,main_short,,
0.6931811018658597,0.7772945032778616,0.3754806480080686,0.37507503760723593,0.07715582450832073,0.022440746343923346,0.0,0.1705036391242401,0.26260241833296316,0.9687342410489157,1.0,39.27114851235501,0.02610470247100353,1.0,1.0,36,36,442.96749225173994,3.094007823022385,2122.1095816537627,0,0,0.0,6801,sensor_fault,7010,static_tuned,24bfb8b9aac5b87f9f268595cf4462964bd3a01da9d8089f51ed740d780fee86,c0265f2f5da1b8f1e6334a7d1da15d24852be86831d4583cf0a020b238d73be2,a0f3ef37b0693b20d003c4e2,4.508546612999908,f000d324411431a807bac72657424c44472cc457a2b2f856442e941850c00046,0.546875,0.0680786686838124,main_short,0.0,0.0
0.6648649544230614,0.8042165264314447,0.46342429252136963,0.4657367197284281,0.22390317700453857,0.15607665153807362,0.017650025214321737,0.08711129954805942,0.2415254840884034,1.0,1.0,49.093033776270296,0.057139475532463346,0.8611111111111112,0.9166666666666666,36,31,456.44313790607174,8.215524732333792,1600.0646029614506,0,55,0.0,7133,moving_front,7010,greedy_sparse,24bfb8b9aac5b87f9f268595cf4462964bd3a01da9d8089f51ed740d780fee86,5c27fd92e06c33f2542baf1700cf25e04b52092d15caab1ec4dc802b1a93834e,a144b66f54807e1b4147e8df,15.609496726000089,f000d324411431a807bac72657424c44472cc457a2b2f856442e941850c00046,0.07297811469069869,0.30257186081694404,main_short,55.0,1.8333333333333333
0.3601865859808371,0.504097327281896,0.2834641326273323,0.2826999635437946,0.17549167927382753,0.26147251638930913,0.019919314170448815,0.06316331213158634,0.1802921016699658,1.0,1.0,128.61234556227936,0.2922339889056984,0.5,0.6666666666666666,36,18,429.4075434678041,6.214098113333756,1515.6214383808822,0,44,0.0,6215,storm,7002,greedy_sparse,24bfb8b9aac5b87f9f268595cf4462964bd3a01da9d8089f51ed740d780fee86,fb367cc0d79aa8d9c98eb2a529262d3fdb12211bf1a4b9a1df875515bb387ab8,a170611fa3b9f10aa4669184,14.193975745999978,f000d324411431a807bac72657424c44472cc457a2b2f856442e941850c00046,0.005208333333333333,0.6913767019667171,main_short,44.0,1.6833333333333333
0.7524969263264707,0.8163271744952281,0.48278213581329615,0.481922758252964,0.3207261724659607,0.02697932425617751,0.0,0.10494270678489387,0.3280381874573524,1.0,1.0,38.87373557774919,0.048425759136782265,0.9722222222222222,0.9722222222222222,36,35,526.5395255251764,14.355448070811082,1257.041104165037,0,55,0.0,8942,moving_front,7008,economic,24bfb8b9aac5b87f9f268595cf4462964bd3a01da9d8089f51ed740d780fee86,a9dc4e7a83ea86ea436568b7b9e6ff3f12c69e20d2897f78617ebd8a5771ceb1,a259a2c08695f91f4e10fc07,15.704484239999829,f000d324411431a807bac72657424c44472cc457a2b2f856442e941850c00046,0.35272511616747865,0.22844175491679275,main_short,55.0,5.466666666666667
0.37478725416036307,0.47998613212304575,0.2667832829046898,0.26696534004535966,0.15582450832072617,0.1578416540595058,0.006555723651033787,0.06533008369036156,0.18975998577546654,1.0,1.0,133.0051137796268,0.3112235249621785,0.6111111111111112,0.6666666666666666,36,22,495.64980476403065,11.788217536700959,1132.8849671489165,0,42,0.0,6471,storm,7009,deadline_fusion,24bfb8b9aac5b87f9f268595cf4462964bd3a01da9d8089f51ed740d780fee86,956a9ceb80df2feb4bb3b76f79213a7f0cb93b60e4835d44d36852e549355e78,a3e3195544e6cc0329f72583,39.32131189300003,f000d324411431a807bac72657424c44472cc457a2b2f856442e941850c00046,0.041666666666666664,0.686838124054463,main_short,42.0,4.2
0.684071447815569,0.8105935986041902,0.46582943431103196,0.46717045930617085,0.20574886535552195,0.08698940998487141,0.0022692889561270802,0.10244773816105393,0.24456990232581335,1.0,1.0,45.25771924000244,0.054122729466372914,0.8888888888888888,0.9444444444444444,36,32,493.74345870992425,13.137932564345814,1501.442328573081,0,57,0.0,7270,moving_front,7010,economic,24bfb8b9aac5b87f9f268595cf4462964bd3a01da9d8089f51ed740d780fee86,5c27fd92e06c33f2542baf1700cf25e04b52092d15caab1ec4dc802b1a93834e,a4ea7e28e279ecd0661a4b4f,13.942158868999968,f000d324411431a807bac72657424c44472cc457a2b2f856442e941850c00046,0.12364661991787983,0.2723146747352496,main_short,57.0,5.683333333333334
0.3992766641452344,0.5246391200201714,0.29190305093292984,0.29112910033794587,0.13918305597579425,0.1999495713565305,0.008825012607160867,0.04836851263039315,0.3784853952169249,1.0,1.0,114.46742624810891,0.2318772062531518,0.7222222222222222,0.8611111111111112,36,26,454.77236545024857,8.76614236419949,1788.5490803215794,0,24,0.0,6157,storm,7014,fungal,24bfb8b9aac5b87f9f268595cf4462964bd3a01da9d8089f51ed740d780fee86,ac5fa5d877e58450b21b5619aadcad71ab1db9e7cd210fd1cd516ef4a934c028,a515ca1d59c13a4b176829c8,18.4674692399999,f000d324411431a807bac72657424c44472cc457a2b2f856442e941850c00046,0.041666666666666664,0.6641452344931922,main_short,24.0,2.3666666666666667
0.3596192637418053,0.4878734871406959,0.27126670448814927,0.271617067187987,0.12254160363086233,0.20574886535552195,0.04336863338376197,0.049376006960516354,0.1890279319013409,1.0,1.0,140.01627111699443,0.3371391200201715,0.4444444444444444,0.5833333333333334,36,16,897.7113169874735,15.996818666291963,1709.2327602952023,0,11,0.0,5774,storm,7013,adaptive,24bfb8b9aac5b87f9f268595cf4462964bd3a01da9d8089f51ed740d780fee86,7566b3dd58ba1b4b73cead9a88da4a0d93430742ea574afa5e3d674dbfd7a1c5,a51a82927ddfac3f2c942578,7.392412715999853,f000d324411431a807bac72657424c44472cc457a2b2f856442e941850c00046,0.0,0.6883509833585476,main_short,,
0.7160867372667674,0.7914302824004033,0.41080433686333834,0.41168021163470525,0.02723146747352496,0.007564296520423601,0.0,0.1897167343488983,0.48868046037684176,1.0,1.0,39.768146432173474,0.03748266515380736,0.9166666666666666,0.9166666666666666,36,33,428.57014853403723,6.894179939463195,1955.775895132146,0,30,0.0,5459,sensor_fault,7000,deadline_fusion,24bfb8b9aac5b87f9f268595cf4462964bd3a01da9d8089f51ed740d780fee86,5f8536aad221b558feae01abd9e48012ffd43f0d986448ef31076303591affbe,a572bc9c2c6c72ea52a08186,47.51991328200006,f000d324411431a807bac72657424c44472cc457a2b2f856442e941850c00046,0.5677083333333333,0.046898638426626324,main_short,30.0,2.9
0.3636929525970751,0.48797592032274323,0.2774126954109934,0.27768588408267875,0.13767019667170954,0.19364599092284418,0.010337871911245586,0.0916300987893841,0.3230827333188498,1.0,1.0,138.2056858295512,0.3403775844679777,0.5,0.6388888888888888,36,18,844.8473590903283,13.896060511661972,1727.297006116986,0,7,0.0,6137,storm,7008,adaptive,24bfb8b9aac5b87f9f268595cf4462964bd3a01da9d8089f51ed740d780fee86,61fbc2c3c47ea0b2f394bf19d5d944ff33916305affd279efd1232b2237e443b,a64570fa9ea1dbc642e54d53,7.52524069399999,f000d324411431a807bac72657424c44472cc457a2b2f856442e941850c00046,0.0,0.686838124054463,main_short,,
0.7640324673211174,0.8604769286520276,0.5123614694062403,0.5107699845153788,0.23751891074130105,0.051689359556227936,0.0010085728693898133,0.08235995985647725,0.3060490398666873,1.0,1.0,31.760090496973177,0.0259212467515889,0.9722222222222222,1.0,36,35,490.6488055617095,10.824577455654815,1593.1704022314743,0,39,0.0,8017,moving_front,7005,fungal,24bfb8b9aac5b87f9f268595cf4462964bd3a01da9d8089f51ed740d780fee86,3112fe2c83524b2f2e2f68f6ce520bfc1f93a616346ad692daac26f7b11e5a4b,a6d021573485b7ab82c947ae,17.889221819000113,f000d324411431a807bac72657424c44472cc457a2b2f856442e941850c00046,0.3288592681144532,0.18910741301059,main_short,39.0,3.816666666666667
0.3877726298537569,0.5369862581946545,0.286726235501765,0.28690259025341014,0.2329803328290469,0.2481089258698941,0.010337871911245586,0.06833946181948171,0.34509772654256077,1.0,1.0,116.91152136913767,0.25054368381240544,0.6666666666666666,0.6666666666666666,36,24,443.2657177072404,3.4324651659183982,2120.948773759524,0,0,0.0,7394,storm,7012,static_tuned,24bfb8b9aac5b87f9f268595cf4462964bd3a01da9d8089f51ed740d780fee86,6ef10a6f8528f48913779ce02125f8ae67ac504fa24b04f7d539448adf330dc7,a7806d4f966109a95b8fb570,4.929686693999884,f000d324411431a807bac72657424c44472cc457a2b2f856442e941850c00046,0.03645833333333333,0.6762481089258698,main_short,0.0,0.0
0.6999495713565305,0.7777515128593041,0.3745272314674735,0.374049040485351,0.0907715582450832,0.01815431164901664,0.0,0.18542667661548698,0.4585386539912635,1.0,1.0,37.444213313161875,0.0218025088250126,0.9722222222222222,1.0,36,35,434.8519577864733,9.4389477587121,1902.604375762937,0,50,0.0,6794,sensor_fault,7019,economic,24bfb8b9aac5b87f9f268595cf4462964bd3a01da9d8089f51ed740d780fee86,12c2676d5d2da4bfdacb5c9a6312d12b90a39b080a71ade938e7b16bbaabf086,a7c6e29df41c7e38a9083632,33.146542181000314,f000d324411431a807bac72657424c44472cc457a2b2f856442e941850c00046,0.5677083333333333,0.06656580937972768,main_short,50.0,4.966666666666667
0.33960539586485117,0.5301783913262733,0.3012717473524962,0.30124502758982913,0.0907715582450832,0.39309127584467973,0.0675743822491175,0.03750044418660533,0.3094036066206773,1.0,1.0,127.09058245083207,0.25371911245587486,0.3888888888888889,0.6111111111111112,36,14,421.19377090739715,5.623972053802671,1687.880177797512,0,37,0.0,4353,storm,7005,greedy_sparse,24bfb8b9aac5b87f9f268595cf4462964bd3a01da9d8089f51ed740d780fee86,e5eb0adce92def657b42daaff1168729498af6b7f7eacaec91555308393fbb04,a7efab5c24093971e428cba6,13.693802899000048,f000d324411431a807bac72657424c44472cc457a2b2f856442e941850c00046,0.0,0.697428139183056,main_short,37.0,1.2666666666666666
0.33632753403933435,0.478173852748361,0.2567527105395865,0.2561968473067999,0.10892586989409984,0.31669188098840145,0.04059505799293999,0.07824645718242466,0.2345231552781786,1.0,1.0,138.92843072365102,0.3113495965708522,0.6944444444444444,0.7777777777777778,36,25,478.89251797076554,8.773413328146678,1794.5152578924942,0,29,0.0,4652,storm,7019,fungal,24bfb8b9aac5b87f9f268595cf4462964bd3a01da9d8089f51ed740d780fee86,12c2676d5d2da4bfdacb5c9a6312d12b90a39b080a71ade938e7b16bbaabf086,a96e1affb51c345a9ba1343d,15.144345741000052,f000d324411431a807bac72657424c44472cc457a2b2f856442e941850c00046,0.0,0.7110438729198184,main_short,29.0,2.783333333333333
0.749683000031051,0.8017003451507361,0.4437172713779089,0.44318798642477686,0.4009077155824508,0.009077155824508321,0.0,0.0864767526630311,0.2465304665122494,1.0,1.0,38.447822503332276,0.04559984955969281,0.9166666666666666,0.9166666666666666,36,33,443.47757535967327,3.0810238028077244,2119.962361933627,0,0,0.0,10265,moving_front,7003,static_tuned,24bfb8b9aac5b87f9f268595cf4462964bd3a01da9d8089f51ed740d780fee86,ddbf34503eff23fbcd394039890145ec197c5f33f339d9222c1ea54ac42702a6,ab43e7efd9aa89c3c7195ba7,4.700838465000061,f000d324411431a807bac72657424c44472cc457a2b2f856442e941850c00046,0.40744496896417903,0.19213313161875945,main_short,0.0,0.0
0.6133270538920252,0.8169941013238097,0.4973484034554838,0.4982542505619417,0.07110438729198185,0.19087241553202217,0.018154311649016642,0.10441781378601928,0.4018778164912672,1.0,1.0,52.92024716588733,0.05801705984596683,0.7777777777777778,0.8611111111111112,36,28,363.80822525301727,0.9174223713062142,2496.1982834167525,0,0,0.0,4431,moving_front,7018,fixed_ring,24bfb8b9aac5b87f9f268595cf4462964bd3a01da9d8089f51ed740d780fee86,43e354cb1fa0a5fed03587ccc8ef089b630912d128abf8941ac224ef282c99e3,abc0e6caa01ac2710636e2a5,5.602923409000141,f000d324411431a807bac72657424c44472cc457a2b2f856442e941850c00046,0.05785802297683489,0.4039334341906203,main_short,,
0.37685955622793743,0.46836390569843667,0.26501040090771555,0.2646460304316438,0.17700453857791226,0.11976802824004035,0.0,0.06309813592946605,0.18073275307843206,1.0,1.0,134.1606388678769,0.3272109808371155,0.6111111111111112,0.6388888888888888,36,22,444.2728462382242,9.37370948864037,1272.737226136795,0,41,0.0,6836,storm,7002,economic,24bfb8b9aac5b87f9f268595cf4462964bd3a01da9d8089f51ed740d780fee86,fb367cc0d79aa8d9c98eb2a529262d3fdb12211bf1a4b9a1df875515bb387ab8,ac181b87cc9777a7b1ec2453,17.542736413000057,f000d324411431a807bac72657424c44472cc457a2b2f856442e941850c00046,0.05729166666666666,0.6989409984871406,main_short,41.0,4.033333333333333
0.39870146243066057,0.48833049672213813,0.2676421457387796,0.2674970528866775,0.17397881996974282,0.12002017145738779,0.0032778618255168935,0.07741148482256487,0.34777447869134126,1.0,1.0,124.65460318961166,0.28756933938477053,0.7222222222222222,0.7222222222222222,36,26,460.49136941691745,10.988785540516842,1197.3697460275762,0,45,0.0,7421,storm,7012,economic,24bfb8b9aac5b87f9f268595cf4462964bd3a01da9d8089f51ed740d780fee86,6ef10a6f8528f48913779ce02125f8ae67ac504fa24b04f7d539448adf330dc7,ac26a15a9d6cf85bd34fd502,16.70640271299999,f000d324411431a807bac72657424c44472cc457a2b2f856442e941850c00046,0.057291666666666664,0.6762481089258698,main_short,45.0,4.483333333333333
0.3293226802824004,0.46824571356530503,0.2589668431669188,0.2590520094054102,0.09984871406959153,0.3048411497730711,0.030509329299041852,0.06603649415830577,0.2383785046378108,1.0,1.0,139.91868381240545,0.3198594301563288,0.4722222222222222,0.7222222222222222,36,17,477.59858742215505,10.929493797942321,1371.923479775741,0,42,0.0,4854,storm,7010,economic,24bfb8b9aac5b87f9f268595cf4462964bd3a01da9d8089f51ed740d780fee86,c0265f2f5da1b8f1e6334a7d1da15d24852be86831d4583cf0a020b238d73be2,ae397dc89120a4c74d92ce3e,14.061529375999953,f000d324411431a807bac72657424c44472cc457a2b2f856442e941850c00046,0.0,0.7065052950075643,main_short,42.0,4.2
0.7565872415532021,0.8104749747856782,0.4264529752899646,0.4263989590982791,0.11195158850226929,0.006807866868381239,0.0,0.19547963498030224,0.3352726351120834,0.9631870902672719,1.0,31.70141515380736,0.018430093292990415,1.0,1.0,36,36,409.64824419826243,5.70059664698608,2050.2386798969587,0,51,0.0,7475,sensor_fault,7011,recruitment,24bfb8b9aac5b87f9f268595cf4462964bd3a01da9d8089f51ed740d780fee86,50b7b3fbf7cedf803850a0428d40ee1ccc4080b783db00698cf7730c8a755b36,ae4fe02c0a56e15aacf41c3a,14.242722749000222,f000d324411431a807bac72657424c44472cc457a2b2f856442e941850c00046,0.625,0.03177004538577912,main_short,51.0,1.9166666666666667
0.292423096318709,0.5590330307614725,0.3171173726676752,0.31709809860342797,0.08018154311649017,0.5625315179021685,0.2725668179525971,0.08459169332081183,0.3292140193249409,1.0,1.0,153.7208853378719,0.320458270297529,0.5277777777777778,0.75,36,19,388.4662612071913,3.2944084529918682,2022.6103076742331,0,20,0.0,3657,storm,7017,recruitment,24bfb8b9aac5b87f9f268595cf4462964bd3a01da9d8089f51ed740d780fee86,fded3c51bb367e0df8af6f8249b634fefe0cc389845c26618e90a9b29d9c3139,ae553d46064d0a84d0837a94,10.95925153799999,f000d324411431a807bac72657424c44472cc457a2b2f856442e941850c00046,0.0,0.7322239031770046,main_short,20.0,0.7166666666666667
0.6976645234493192,0.771180030257186,0.3735265380736258,0.3738746104787338,0.11043872919818457,0.01765002521432173,0.0,0.22745870737354218,0.4636185792198995,0.8908219868885526,0.9909228441754917,41.05691345184064,0.03366111951588502,0.9444444444444444,0.9722222222222222,36,34,433.4691504293868,6.395401236910901,1910.8395897665646,0,23,0.0,7314,sensor_fault,7019,fungal,24bfb8b9aac5b87f9f268595cf4462964bd3a01da9d8089f51ed740d780fee86,12c2676d5d2da4bfdacb5c9a6312d12b90a39b080a71ade938e7b16bbaabf086,b00f38d3f56ac4bd0d9f5d7a,16.145823332999953,f000d324411431a807bac72657424c44472cc457a2b2f856442e941850c00046,0.5625,0.0680786686838124,main_short,23.0,2.283333333333333
0.6391909354513362,0.8299136409480583,0.44474123802319726,0.44492541672920455,0.0030257186081694403,0.061775088250126065,0.0007564296520423601,0.2332838099216526,0.42225069491703443,0.8908219868885526,1.0,37.70589069591528,0.01679116238023197,0.9722222222222222,0.9722222222222222,36,35,363.4398335052346,0.9205069469829179,2496.7146585008295,0,0,0.0,3400,sensor_fault,7005,fixed_ring,24bfb8b9aac5b87f9f268595cf4462964bd3a01da9d8089f51ed740d780fee86,e5eb0adce92def657b42daaff1168729498af6b7f7eacaec91555308393fbb04,b030400b335f018bc3bd840a,5.445148695000171,f000d324411431a807bac72657424c44472cc457a2b2f856442e941850c00046,0.37499999999999994,0.19364599092284418,main_short,,
0.36390569843671206,0.5030572365103378,0.28396841906202724,0.2836139661016156,0.1588502269288956,0.2602118003025718,0.022188603126575893,0.06986037101298692,0.23908245995292726,1.0,1.0,129.23703038325766,0.2829362077660111,0.5277777777777778,0.7777777777777778,36,19,450.4270759980161,9.04355115884996,1435.4832212276121,0,40,0.0,5816,storm,7011,economic,24bfb8b9aac5b87f9f268595cf4462964bd3a01da9d8089f51ed740d780fee86,50b7b3fbf7cedf803850a0428d40ee1ccc4080b783db00698cf7730c8a755b36,b08a2a560ae28668a60dcd10,15.299013225999943,f000d324411431a807bac72657424c44472cc457a2b2f856442e941850c00046,0.005208333333333333,0.6838124054462935,main_short,40.0,4.0
0.3829109934442763,0.47983642208774574,0.26970656833081186,0.26969411132080656,0.17700453857791226,0.12708018154311648,0.0012607160867372667,0.10202579255640294,0.19693890687861018,1.0,1.0,134.9783708396369,0.3388962430660615,0.6666666666666666,0.6944444444444444,36,24,790.9529957825589,13.058121261867308,1735.7668275004137,0,5,0.0,7284,storm,7016,adaptive,24bfb8b9aac5b87f9f268595cf4462964bd3a01da9d8089f51ed740d780fee86,c01d3e850dcea516d0864d501fedc94fd615e60fababbc941400707247a8bedb,b1083482b7aa041cb93ccc37,8.683599385999969,f000d324411431a807bac72657424c44472cc457a2b2f856442e941850c00046,0.057291666666666664,0.6913767019667171,main_short,,
0.37325075642965205,0.4694749117498739,0.2701163010590015,0.2695467248077209,0.18456883509833585,0.13035804336863338,0.0045385779122541605,0.06083897811982187,0.17923223581745723,1.0,1.0,137.7586437846697,0.3436396873424105,0.6666666666666666,0.6944444444444444,36,24,961.582680898753,17.497318899793086,1710.2280933791965,0,9,0.0,7190,storm,7002,adaptive,24bfb8b9aac5b87f9f268595cf4462964bd3a01da9d8089f51ed740d780fee86,fb367cc0d79aa8d9c98eb2a529262d3fdb12211bf1a4b9a1df875515bb387ab8,b278c427b01350a3e94f2f4c,8.696042562000002,f000d324411431a807bac72657424c44472cc457a2b2f856442e941850c00046,0.005208333333333333,0.697428139183056,main_short,,
0.6947175577860489,0.7870131203829313,0.4538665089979707,0.4543173310441123,0.2556732223903177,0.04715078164397377,0.0,0.11689954421998093,0.2288079069977311,0.9987392839132628,1.0,47.05052227552976,0.060923377105224115,0.9722222222222222,0.9722222222222222,36,35,493.3673203257411,11.593136749917646,1480.1419595006348,0,45,0.0,7928,moving_front,7019,fungal,24bfb8b9aac5b87f9f268595cf4462964bd3a01da9d8089f51ed740d780fee86,7fc013544a2434726446cf0cb1c220e784a923ebb4fc53407d1bf1d9ae765b5f,b2890e842de1e72cc3e6e396,16.905883421000226,f000d324411431a807bac72657424c44472cc457a2b2f856442e941850c00046,0.19156111892408018,0.3101361573373676,main_short,45.0,4.483333333333333
0.3645045385779122,0.47783503530005034,0.2632769162884518,0.26295282758472943,0.14977307110438728,0.24155320221886029,0.00453857791225416,0.06477037597001797,0.18936912354760307,1.0,1.0,131.56017555471507,0.2951887922339889,0.6111111111111112,0.6944444444444444,36,22,439.1891158634201,7.840673249437874,1808.1581525131107,0,25,0.0,5931,storm,7009,fungal,24bfb8b9aac5b87f9f268595cf4462964bd3a01da9d8089f51ed740d780fee86,956a9ceb80df2feb4bb3b76f79213a7f0cb93b60e4835d44d36852e549355e78,b30d3dba20947f0dad8638f2,13.536380990999987,f000d324411431a807bac72657424c44472cc457a2b2f856442e941850c00046,0.03645833333333333,0.6853252647503782,main_short,25.0,2.4
0.6845215582450832,0.787600857286939,0.40117561775088245,0.4005302953116228,0.0226928895612708,0.018910741301059002,0.0,0.16518729879392535,0.362234290075032,0.9664649520927886,1.0,37.758683182047406,0.017862771053958646,1.0,1.0,36,36,465.13312374540516,9.362625637622696,2004.7467648796007,0,33,0.0,5248,sensor_fault,7017,deadline_fusion,24bfb8b9aac5b87f9f268595cf4462964bd3a01da9d8089f51ed740d780fee86,fded3c51bb367e0df8af6f8249b634fefe0cc389845c26618e90a9b29d9c3139,b5297e9d7577f50c8dd46f22,44.374377765999725,f000d324411431a807bac72657424c44472cc457a2b2f856442e941850c00046,0.48437499999999994,0.11195158850226929,main_short,33.0,3.2333333333333334
0.7531754286434694,0.8188114599092284,0.42619295259707507,0.42668899918299374,0.06202723146747353,0.010842158345940494,0.0,0.21446697917521693,0.42343726714600605,0.8908219868885526,1.0,34.2654752899647,0.028744326777609682,0.9722222222222222,0.9722222222222222,36,35,427.85518306690915,6.774863444972253,1876.2075493047403,0,52,0.0,6535,sensor_fault,7005,greedy_sparse,24bfb8b9aac5b87f9f268595cf4462964bd3a01da9d8089f51ed740d780fee86,e5eb0adce92def657b42daaff1168729498af6b7f7eacaec91555308393fbb04,b5b9ace03457f031432c446d,15.778431964999982,f000d324411431a807bac72657424c44472cc457a2b2f856442e941850c00046,0.609375,0.048411497730711045,main_short,52.0,1.8333333333333333
0.6918179525970751,0.7810924104891577,0.3824224659606656,0.38195422285992375,0.059001512859304085,0.022945032778618254,0.0,0.1711551552148049,0.2625658896758188,0.9664649520927886,1.0,39.00848619515885,0.025379790721129596,1.0,1.0,36,36,442.2427317265816,6.897642229696327,2053.0688599905025,0,16,0.0,6392,sensor_fault,7010,fungal,24bfb8b9aac5b87f9f268595cf4462964bd3a01da9d8089f51ed740d780fee86,c0265f2f5da1b8f1e6334a7d1da15d24852be86831d4583cf0a020b238d73be2,b6b77b0c87dfd4001feefb60,12.561750437999763,f000d324411431a807bac72657424c44472cc457a2b2f856442e941850c00046,0.5416666666666666,0.07110438729198185,main_short,16.0,1.6
0.7015727433182046,0.7922497478567825,0.42373455622793743,0.4221303437649463,0.024205748865355523,0.019919314170448815,0.0,0.1947882069968916,0.5660216024602274,0.9513363590519414,0.9667170953101362,40.35969805849722,0.03239252395360564,0.8888888888888888,0.9166666666666666,36,32,363.4273542521495,0.8862015632266369,2497.1390410020736,0,0,0.0,5681,sensor_fault,7012,fixed_ring,24bfb8b9aac5b87f9f268595cf4462964bd3a01da9d8089f51ed740d780fee86,6ef10a6f8528f48913779ce02125f8ae67ac504fa24b04f7d539448adf330dc7,b7411d080f5a4eab4072bf2f,4.720819929999834,f000d324411431a807bac72657424c44472cc457a2b2f856442e941850c00046,0.5572916666666666,0.05597579425113464,main_short,,
0.3133588628340897,0.5348666792738276,0.29068173222390314,0.29056589858863746,0.1573373676248109,0.5103378719112456,0.18986384266263237,0.060232591988051226,0.3249981303075406,1.0,1.0,143.5702297655068,0.286505610186586,0.5833333333333334,0.7777777777777778,36,21,443.2513680682463,3.4538943454851205,2119.040170562017,0,0,0.0,5152,storm,7017,static_tuned,24bfb8b9aac5b87f9f268595cf4462964bd3a01da9d8089f51ed740d780fee86,fded3c51bb367e0df8af6f8249b634fefe0cc389845c26618e90a9b29d9c3139,b75b602b185090796572dc8b,4.394575523000185,f000d324411431a807bac72657424c44472cc457a2b2f856442e941850c00046,0.0,0.7186081694402421,main_short,0.0,0.0
0.4891499621785174,0.7871832450832073,0.42695726172465953,0.42711217718545713,0.0,0.17650025214321732,0.0035300050428643463,0.17264906362074112,0.3632194597050551,0.948310640443772,1.0,51.270565431164904,0.021014561270801816,0.9722222222222222,0.9722222222222222,36,35,363.4350259420793,0.9046291549518344,2495.799618313338,0,0,0.0,2359,sensor_fault,7017,fixed_ring,24bfb8b9aac5b87f9f268595cf4462964bd3a01da9d8089f51ed740d780fee86,fded3c51bb367e0df8af6f8249b634fefe0cc389845c26618e90a9b29d9c3139,b7860a62e0e6c65b0f0bf0c5,5.600954686000023,f000d324411431a807bac72657424c44472cc457a2b2f856442e941850c00046,0.19791666666666666,0.4720121028744327,main_short,,
0.706514219933488,0.8194035331004207,0.4898821412384552,0.4903939384477391,0.2254160363086233,0.05950579929399898,0.0002521432173474533,0.09442387363957712,0.2748306497604743,1.0,1.0,43.13698954157941,0.05457020678436144,0.9444444444444444,0.9722222222222222,36,34,2004.450167343619,39.32267911510986,704.653696320659,0,15,0.0,7814,moving_front,7000,adaptive,24bfb8b9aac5b87f9f268595cf4462964bd3a01da9d8089f51ed740d780fee86,5bd218142e142fa4278b4a5cda21ab3f6b168aad1e4f87cf0725f2f9c148a9ed,b79cd3b55ca1ad9a010ded04,7.2992068769999605,f000d324411431a807bac72657424c44472cc457a2b2f856442e941850c00046,0.23432548928541636,0.23751891074130105,main_short,,
0.35757060010085717,0.5249464195663136,0.2764435199193141,0.2768778465395249,0.19213313161875945,0.34644478063540096,0.04563792233988906,0.053616259679660806,0.1927103613561852,1.0,1.0,124.48728252647504,0.2541367246596066,0.3888888888888889,0.7222222222222222,36,14,443.2606476051501,3.4369383349476283,2119.9127686519205,0,0,0.0,6261,storm,7013,static_tuned,24bfb8b9aac5b87f9f268595cf4462964bd3a01da9d8089f51ed740d780fee86,7566b3dd58ba1b4b73cead9a88da4a0d93430742ea574afa5e3d674dbfd7a1c5,b84f5d222e4c99a283add37c,5.117432839000003,f000d324411431a807bac72657424c44472cc457a2b2f856442e941850c00046,0.0,0.6838124054462935,main_short,0.0,0.0
0.32219963439233484,0.4808134770549672,0.27084909228441756,0.2708793185964226,0.10741301059001512,0.33358547655068077,0.05874936964195662,0.06595895371327197,0.32615906739429756,1.0,1.0,142.7112881366616,0.3129806480080686,0.6666666666666666,0.8055555555555556,36,24,453.53519752810973,8.906924526234073,1415.0543524146271,0,31,0.0,4678,storm,7017,deadline_fusion,24bfb8b9aac5b87f9f268595cf4462964bd3a01da9d8089f51ed740d780fee86,fded3c51bb367e0df8af6f8249b634fefe0cc389845c26618e90a9b29d9c3139,b909b85075b4ce85f3a37480,35.13869174899992,f000d324411431a807bac72657424c44472cc457a2b2f856442e941850c00046,0.0,0.7155824508320726,main_short,31.0,3.033333333333333
0.7433260842158345,0.7831883509833584,0.39652672718103876,0.39634113716527225,0.22390317700453857,0.0030257186081694403,0.0,0.1607921212943009,0.40306672938600996,1.0,1.0,37.32011157337367,0.0369232223903177,0.9722222222222222,1.0,36,35,430.39480860957974,6.978783495251248,1881.7022220705874,0,50,0.0,9634,sensor_fault,7016,greedy_sparse,24bfb8b9aac5b87f9f268595cf4462964bd3a01da9d8089f51ed740d780fee86,c01d3e850dcea516d0864d501fedc94fd615e60fababbc941400707247a8bedb,b93e9ea1836a0a62d9aee5eb,17.223847698999634,f000d324411431a807bac72657424c44472cc457a2b2f856442e941850c00046,0.6302083333333333,0.0226928895612708,main_short,50.0,1.7
0.7269334133253332,0.8148526613560918,0.4797642389168472,0.4782559735043217,0.31164901664145234,0.08144225920322744,0.0002521432173474533,0.09092205993323016,0.2578350802051041,1.0,1.0,41.565458899187206,0.05328159697261989,0.9166666666666666,0.9444444444444444,36,33,458.4872420639641,8.251983491283582,1464.096639580033,0,53,0.0,8574,moving_front,7004,greedy_sparse,24bfb8b9aac5b87f9f268595cf4462964bd3a01da9d8089f51ed740d780fee86,33909bb95a53710954872d70bc5591af92a450651324e9fef7a21e0a1cd4da1e,b9d23423923cd97c14f5e302,15.647804212999972,f000d324411431a807bac72657424c44472cc457a2b2f856442e941850c00046,0.2849155812069529,0.2723146747352496,main_short,53.0,1.75
0.6860028996469995,0.7418211043872918,0.3377143217347453,0.33797368256294474,0.1875945537065053,0.012607160867372666,0.0,0.15408709703752188,0.387432190352862,0.9311649016641452,1.0,44.40084467977811,0.046583459404942,0.9166666666666666,0.9166666666666666,36,33,490.7192920263286,4.11824747914409,1946.6569015778884,0,1,0.0,9024,sensor_fault,7007,adaptive,24bfb8b9aac5b87f9f268595cf4462964bd3a01da9d8089f51ed740d780fee86,b9aa9c192ff362205c201c037cc4f3c7c2aba8b7e0c4fd0ef068255fea54f756,ba4702ee9431632f3ca70b66,7.418602220000139,f000d324411431a807bac72657424c44472cc457a2b2f856442e941850c00046,0.5520833333333333,0.07261724659606657,main_short,,
0.7729686712052445,0.8340267271810388,0.4196057110438729,0.4198399141054435,0.0832072617246596,0.007060010085728693,0.0,0.201942969236372,0.4209404601112823,0.897125567322239,1.0,29.349903870398386,0.015877143217347452,0.9722222222222222,0.9722222222222222,36,35,443.0376438939828,3.1103709200250558,2122.1941358712784,0,0,0.0,7147,sensor_fault,7005,static_tuned,24bfb8b9aac5b87f9f268595cf4462964bd3a01da9d8089f51ed740d780fee86,e5eb0adce92def657b42daaff1168729498af6b7f7eacaec91555308393fbb04,ba4c70ac22078adb2c283982,5.35630060099993,f000d324411431a807bac72657424c44472cc457a2b2f856442e941850c00046,0.6302083333333333,0.03177004538577912,main_short,0.0,0.0
0.7017933686333837,0.806007312153303,0.4173127836611195,0.4172980711476841,0.015128593040847202,0.012355017650025215,0.0,0.1904397270807535,0.44114933422629987,0.948310640443772,1.0,35.28515821986888,0.017957324760463942,0.9722222222222222,0.9722222222222222,36,35,363.4317570522771,0.8996533488170264,2496.2954051765723,0,0,0.0,4669,sensor_fault,7003,fixed_ring,24bfb8b9aac5b87f9f268595cf4462964bd3a01da9d8089f51ed740d780fee86,7bba1255199adfdb1a1ba0c529b8275f13780540abed81a608a55c16f4b1390f,ba7678f7b754727c515c8583,5.644797085999926,f000d324411431a807bac72657424c44472cc457a2b2f856442e941850c00046,0.5416666666666666,0.06202723146747353,main_short,,
0.2882942511346444,0.541477559253656,0.2941487014624306,0.2939722449851531,0.07261724659606657,0.6099344427634897,0.41805345436207764,0.059375345688813246,0.29017735846097414,1.0,1.0,168.71162695410993,0.39895360564800814,0.3055555555555556,0.5833333333333334,36,11,363.93989168364635,1.2243530690678872,2494.816734233069,0,0,0.0,3777,storm,7006,fixed_ring,24bfb8b9aac5b87f9f268595cf4462964bd3a01da9d8089f51ed740d780fee86,5772c05e39ffe56db9fe4d550c615751b591862ac0732ff00bde5b9c136479f3,bab3d287296a86d86cd1c4b4,5.141965228999993,f000d324411431a807bac72657424c44472cc457a2b2f856442e941850c00046,0.0,0.7231467473524962,main_short,,
0.7886627796769026,0.8478071181621645,0.5230684959024897,0.5241437500203606,0.3494704992435703,0.01664145234493192,0.0010085728693898133,0.09447700909913628,0.36844292377688836,1.0,1.0,35.67347208569848,0.050333561885125624,0.8888888888888888,0.8888888888888888,36,32,2020.7451791177486,40.14820331817411,966.8062169760375,0,17,0.0,10208,moving_front,7014,adaptive,24bfb8b9aac5b87f9f268595cf4462964bd3a01da9d8089f51ed740d780fee86,358f3d3ac5e4c7943da7c4ded7230c7e4afe2570f3a3d3555871e5543b789f00,bb827380375a0fdbfda62bd7,8.761581693999915,f000d324411431a807bac72657424c44472cc457a2b2f856442e941850c00046,0.5070206647892292,0.09833585476550681,main_short,,
0.3191266389309127,0.5303202218860312,0.29364441502773575,0.2937248902762118,0.0832072617246596,0.44604135148764507,0.14346949067070097,0.05894127626601859,0.22913803235385513,1.0,1.0,137.32795165153803,0.26913136661623804,0.6666666666666666,0.8055555555555556,36,24,407.1343357053475,4.601696138542323,1726.2356384213847,0,28,0.0,4039,storm,7007,recruitment,24bfb8b9aac5b87f9f268595cf4462964bd3a01da9d8089f51ed740d780fee86,b9aa9c192ff362205c201c037cc4f3c7c2aba8b7e0c4fd0ef068255fea54f756,bb99190ae03f18ee4b10046c,11.032001928999989,f000d324411431a807bac72657424c44472cc457a2b2f856442e941850c00046,0.0,0.7261724659606656,main_short,28.0,0.9333333333333333
0.7567448310640443,0.8059915532022186,0.4035158219868885,0.40411083967535905,0.1588502269288956,0.0057992939989914265,0.0,0.21370011639533873,0.4881049001509587,0.8973777105395865,1.0,32.305337556732226,0.024103315683308122,0.9428571428571428,0.9428571428571428,35,33,459.60854130892153,9.398941448735421,1888.3210233080645,0,31,0.0,8560,sensor_fault,7001,deadline_fusion,24bfb8b9aac5b87f9f268595cf4462964bd3a01da9d8089f51ed740d780fee86,9b5a428363b62ad024a6d518c6bdc283191d1cf8739502f5298786104f688bf6,bb9c93d222525bae8f9ce8ff,45.745418021000205,f000d324411431a807bac72657424c44472cc457a2b2f856442e941850c00046,0.6197916666666666,0.02118003025718608,main_short,31.0,3.1
0.7650762203043813,0.8073767447826259,0.44544169008493545,0.44647871382487075,0.4205748865355522,0.008572869389813413,0.0,0.10072921863721626,0.34866991911283735,1.0,1.0,34.736453578448284,0.03432076561530808,1.0,1.0,36,36,443.41489922433357,3.0691647990703603,2120.8782460254706,0,0,0.0,11102,moving_front,7012,static_tuned,24bfb8b9aac5b87f9f268595cf4462964bd3a01da9d8089f51ed740d780fee86,760400fc1b0b776e9c52ee32311a1069b16aa52520e6f2d9a36a2dd8b57f7ebd,bc32a1817d4b2966cdf23abb,6.093070979000004,f000d324411431a807bac72657424c44472cc457a2b2f856442e941850c00046,0.4421260930716644,0.15431164901664146,main_short,0.0,0.0
0.38990008825012606,0.585145612708018,0.31993034543620774,0.319542172810753,0.21331316187594554,0.34669692385274836,0.037821482602118,0.05555165004250398,0.37854325239603176,1.0,1.0,110.03498487140696,0.19673474533535046,0.6388888888888888,0.8055555555555556,36,23,443.25835356829543,3.439531983268527,2119.7905350077967,0,0,0.0,6944,storm,7014,static_tuned,24bfb8b9aac5b87f9f268595cf4462964bd3a01da9d8089f51ed740d780fee86,ac5fa5d877e58450b21b5619aadcad71ab1db9e7cd210fd1cd516ef4a934c028,bc4bfc7e27b63f13f9de3e9f,4.587134823000042,f000d324411431a807bac72657424c44472cc457a2b2f856442e941850c00046,0.0,0.6656580937972768,main_short,0.0,0.0
0.7249590267271809,0.7656407589510842,0.3854718229954614,0.38527480305526474,0.2783661119515885,0.0017650025214321732,0.0,0.17682767205652086,0.3518809763855026,0.9314170448814927,1.0,39.670953101361576,0.040130168935955626,0.9444444444444444,0.9444444444444444,36,34,433.0558505336169,8.87125984783086,1846.9899824221843,0,46,0.0,10180,sensor_fault,7002,economic,24bfb8b9aac5b87f9f268595cf4462964bd3a01da9d8089f51ed740d780fee86,fb367cc0d79aa8d9c98eb2a529262d3fdb12211bf1a4b9a1df875515bb387ab8,bca0d0f1f9f3014eb167018f,17.59635641199975,f000d324411431a807bac72657424c44472cc457a2b2f856442e941850c00046,0.5989583333333333,0.030257186081694403,main_short,46.0,4.6
0.7416968247225335,0.8231841114148784,0.4751806622089291,0.4747971402592401,0.394856278366112,0.02798789712556732,0.0,0.08691155024631593,0.3195728563283053,1.0,1.0,37.627396189548534,0.04031908570697062,0.9722222222222222,0.9722222222222222,36,35,1950.1003962697857,38.12469922022816,1175.0689257016159,0,17,0.0,10370,moving_front,7008,adaptive,24bfb8b9aac5b87f9f268595cf4462964bd3a01da9d8089f51ed740d780fee86,a9dc4e7a83ea86ea436568b7b9e6ff3f12c69e20d2897f78617ebd8a5771ceb1,bda49a1aea7b302007a883b5,8.112687434000009,f000d324411431a807bac72657424c44472cc457a2b2f856442e941850c00046,0.32641396315587173,0.21936459909228442,main_short,,
0.3391168683812405,0.4888899394856278,0.2836689989914271,0.2826056560366658,0.09833585476550681,0.24533535047907215,0.01664145234493192,0.06364419277441102,0.39696071867499494,1.0,1.0,138.80870209278868,0.3315919692385274,0.6388888888888888,0.6944444444444444,36,23,748.7507191573543,12.096517989979954,1721.0778864319545,0,5,0.0,5091,storm,7018,adaptive,24bfb8b9aac5b87f9f268595cf4462964bd3a01da9d8089f51ed740d780fee86,20cbee7be12f3041b6f80dfbab6cf06c7cd24e2dceeb098a373acea1952196d8,be6d60e919df7030290bea73,8.196450946000141,f000d324411431a807bac72657424c44472cc457a2b2f856442e941850c00046,0.0,0.7216338880484114,main_short,,
0.6886661623802318,0.7845515002521432,0.40016704488149263,0.40013402874456977,0.028744326777609682,0.024710035300050427,0.0,0.1725895757835847,0.39268547149907407,0.95940494200706,1.0,39.8523780257186,0.028964952092788702,0.9444444444444444,0.9444444444444444,36,34,424.4633720538934,6.449814331938456,1951.5214958065967,0,51,0.0,5541,sensor_fault,7007,recruitment,24bfb8b9aac5b87f9f268595cf4462964bd3a01da9d8089f51ed740d780fee86,b9aa9c192ff362205c201c037cc4f3c7c2aba8b7e0c4fd0ef068255fea54f756,bf0f07af4824e4121f03ce7f,12.66221720600015,f000d324411431a807bac72657424c44472cc457a2b2f856442e941850c00046,0.5104166666666666,0.09833585476550681,main_short,51.0,1.8666666666666667
0.7355341085625032,0.8357672924008782,0.5099375092102546,0.5102177296468494,0.1815431164901664,0.058497226424609174,0.0020171457387796266,0.11695907688714241,0.2808519723118433,1.0,1.0,36.901242888896974,0.03628116477872225,0.9166666666666666,0.9444444444444444,36,33,509.7810301413812,13.613263666115097,1499.0573830392545,0,47,0.0,6879,moving_front,7000,fungal,24bfb8b9aac5b87f9f268595cf4462964bd3a01da9d8089f51ed740d780fee86,5bd218142e142fa4278b4a5cda21ab3f6b168aad1e4f87cf0725f2f9c148a9ed,bf3f3e1c4c455c09ed48f5b4,14.381075495999994,f000d324411431a807bac72657424c44472cc457a2b2f856442e941850c00046,0.2952737266978145,0.23903177004538578,main_short,47.0,4.65
0.3464999369641956,0.48806259455370643,0.27742057488653554,0.27841745537403023,0.09531013615733737,0.3323247604639435,0.07236510337871911,0.05817823868745859,0.2786961734681105,1.0,1.0,136.1651774457892,0.2950075642965204,0.4722222222222222,0.6666666666666666,36,17,413.69488009129816,7.007815504279926,1261.9173218167707,0,29,0.0,4688,storm,7000,deadline_fusion,24bfb8b9aac5b87f9f268595cf4462964bd3a01da9d8089f51ed740d780fee86,5f8536aad221b558feae01abd9e48012ffd43f0d986448ef31076303591affbe,bf41940ea092dc99bf25dfdf,38.399583733999975,f000d324411431a807bac72657424c44472cc457a2b2f856442e941850c00046,0.0,0.7004538577912254,main_short,29.0,2.9
0.7149348533212178,0.8022020728793737,0.47678581337803383,0.47522184843009874,0.3434190620272315,0.07841654059505798,0.0037821482602118004,0.10577907054121984,0.32491550969493926,1.0,1.0,45.623804033258494,0.06360714823923845,0.8888888888888888,0.8888888888888888,36,32,459.6647466422033,8.69026116002015,1449.870679788115,0,57,0.0,8930,moving_front,7008,greedy_sparse,24bfb8b9aac5b87f9f268595cf4462964bd3a01da9d8089f51ed740d780fee86,a9dc4e7a83ea86ea436568b7b9e6ff3f12c69e20d2897f78617ebd8a5771ceb1,bf4ee9b3f15b81cd4d91e1c1,14.047805494000158,f000d324411431a807bac72657424c44472cc457a2b2f856442e941850c00046,0.2676127486678629,0.2859304084720121,main_short,57.0,1.9
0.2709436459909228,0.5776207135653051,0.3236888552697932,0.3227011190314693,0.0453857791225416,0.6417044881492687,0.413262733232476,0.0846086656714912,0.3152356025162809,1.0,1.0,171.47830780383256,0.40157747100353,0.4444444444444444,0.8055555555555556,36,16,363.93839439582774,1.2132400037353583,2493.232186647336,0,0,0.0,3135,storm,7015,fixed_ring,24bfb8b9aac5b87f9f268595cf4462964bd3a01da9d8089f51ed740d780fee86,b549dfc41676c63078393edb7074f42e4f0927a271f4a7ecca93c1f6bdaa8078,bf6ce952b8b9279f1d9f50a2,6.36140586700003,f000d324411431a807bac72657424c44472cc457a2b2f856442e941850c00046,0.0,0.7473524962178517,main_short,,
0.6759823043631309,0.8051934324011275,0.4850942903769352,0.484393533900544,0.1346444780635401,0.07665153807362582,0.0035300050428643463,0.07692927823788799,0.2562950905627008,1.0,1.0,51.91220605722813,0.07744615235615045,0.9444444444444444,1.0,36,34,2471.049799649941,51.15170376277958,1065.720917943257,0,24,0.0,6934,moving_front,7010,adaptive,24bfb8b9aac5b87f9f268595cf4462964bd3a01da9d8089f51ed740d780fee86,5c27fd92e06c33f2542baf1700cf25e04b52092d15caab1ec4dc802b1a93834e,bfb94476851462b7be95614d,8.030123940999829,f000d324411431a807bac72657424c44472cc457a2b2f856442e941850c00046,0.13978689982438636,0.2692889561270802,main_short,,
0.7337536134676794,0.7973545164597905,0.45828263452347556,0.45862364435243014,0.3464447806354009,0.01815431164901664,0.0,0.10141516092045391,0.1930910768933565,1.0,1.0,40.360274670537684,0.04915637169157208,0.8611111111111112,0.8888888888888888,36,31,443.4986391740273,3.0894924001559465,2121.444969244024,0,0,0.0,9668,moving_front,7009,static_tuned,24bfb8b9aac5b87f9f268595cf4462964bd3a01da9d8089f51ed740d780fee86,6e2d005a512f8f795588b53a08d35435fd833e215d9a9396f9ada02b8104fa48,c0441d1e003d6c5f71f1f959,4.835379883000087,f000d324411431a807bac72657424c44472cc457a2b2f856442e941850c00046,0.3209381131460434,0.2329803328290469,main_short,0.0,0.0
0.766802818684453,0.8164779451944509,0.46958455850442793,0.4712887225471236,0.394856278366112,0.03706505295007564,0.0025214321734745334,0.08419919984339592,0.3458159777424434,1.0,1.0,35.5871722572414,0.041022584202272706,0.9722222222222222,0.9722222222222222,36,35,474.09154303173193,9.230499267123557,1343.7754774513103,0,56,0.0,10222,moving_front,7012,greedy_sparse,24bfb8b9aac5b87f9f268595cf4462964bd3a01da9d8089f51ed740d780fee86,760400fc1b0b776e9c52ee32311a1069b16aa52520e6f2d9a36a2dd8b57f7ebd,c06d043f566cce436f803244,17.017050186999995,f000d324411431a807bac72657424c44472cc457a2b2f856442e941850c00046,0.42283791056149894,0.16187594553706505,main_short,56.0,1.9
0.7579546958754669,0.8095276247111398,0.476377557735508,0.4779309084419948,0.29652042360060515,0.011850731215330305,0.0,0.08809805534327793,0.25787707991530257,1.0,1.0,39.385367788797346,0.0534991184416354,0.8611111111111112,0.9166666666666666,36,31,509.062391563245,13.123141100485098,1428.5222965879534,0,52,0.0,9089,moving_front,7004,economic,24bfb8b9aac5b87f9f268595cf4462964bd3a01da9d8089f51ed740d780fee86,33909bb95a53710954872d70bc5591af92a450651324e9fef7a21e0a1cd4da1e,c0f3dd16d9c69acf58ea9a6a,15.164009963999888,f000d324411431a807bac72657424c44472cc457a2b2f856442e941850c00046,0.3920862152436285,0.22087745839636913,main_short,52.0,5.183333333333334
0.2776648386283409,0.578857791225416,0.3316628845184064,0.3309541214589243,0.06354009077155824,0.6343923348461926,0.3789712556732224,0.08331056078732099,0.327700104239859,1.0,1.0,165.9684663388805,0.36993349722642455,0.5277777777777778,0.75,36,19,363.94455793572126,1.2319324595946415,2492.376946263745,0,0,0.0,3256,storm,7017,fixed_ring,24bfb8b9aac5b87f9f268595cf4462964bd3a01da9d8089f51ed740d780fee86,fded3c51bb367e0df8af6f8249b634fefe0cc389845c26618e90a9b29d9c3139,c1843f090bd76fe4dd7fed5e,4.366164503999926,f000d324411431a807bac72657424c44472cc457a2b2f856442e941850c00046,0.0,0.7443267776096822,main_short,,
0.3623140443772062,0.5403744326777609,0.294322049924357,0.29469845065821265,0.21633888048411498,0.3656076651538073,0.060010085728693895,0.047197084707806244,0.23702926672148392,1.0,1.0,125.95708049672216,0.25598840141200196,0.5833333333333334,0.8333333333333334,36,21,443.2777786216336,3.4602582633727725,2118.745430985802,0,0,0.0,6619,storm,7011,static_tuned,24bfb8b9aac5b87f9f268595cf4462964bd3a01da9d8089f51ed740d780fee86,50b7b3fbf7cedf803850a0428d40ee1ccc4080b783db00698cf7730c8a755b36,c1b9eeb34b10dfe420d2b6e9,5.295285649999869,f000d324411431a807bac72657424c44472cc457a2b2f856442e941850c00046,0.0,0.6853252647503782,main_short,0.0,0.0
0.7190021432173473,0.7663735501765002,0.3791130862329803,0.37929854824354553,0.11043872919818457,0.0002521432173474533,0.0,0.18165070542526088,0.29726130289150104,0.9067070095814421,1.0,40.610619957135654,0.038908850226928894,0.9444444444444444,0.9444444444444444,36,34,445.9351913734741,9.914076989691406,1903.4170356302793,0,51,0.0,7653,sensor_fault,7004,economic,24bfb8b9aac5b87f9f268595cf4462964bd3a01da9d8089f51ed740d780fee86,1ffbd60f44c9f81edacbd6236060262a241240e41dabbe8776c51fac2266503a,c25c2c039ecba5e035eced3b,19.66881823199992,f000d324411431a807bac72657424c44472cc457a2b2f856442e941850c00046,0.5989583333333333,0.02723146747352496,main_short,51.0,5.05
0.7137544125063036,0.7662553580433685,0.37234461674230956,0.37481285559143235,0.1815431164901664,0.01059001512859304,0.0,0.17560529120055632,0.462914593889015,0.9520927887039837,0.9644478063540091,39.74454740292485,0.037955433686333834,0.9444444444444444,0.9444444444444444,36,34,464.1026181006507,8.972539224923027,1969.2090000423739,0,26,0.0,8826,sensor_fault,7013,fungal,24bfb8b9aac5b87f9f268595cf4462964bd3a01da9d8089f51ed740d780fee86,7566b3dd58ba1b4b73cead9a88da4a0d93430742ea574afa5e3d674dbfd7a1c5,c282c4178df7ac775c573c22,15.64147812300007,f000d324411431a807bac72657424c44472cc457a2b2f856442e941850c00046,0.578125,0.04387291981845688,main_short,26.0,2.6
0.3516609934442763,0.5451099974785677,0.30231183812405443,0.3028914190528699,0.10741301059001512,0.34014120020171457,0.046394351991931405,0.09058604597773663,0.36769354081627786,1.0,1.0,121.77812184820976,0.23394950832072617,0.5142857142857142,0.6571428571428571,35,18,411.02614957199523,5.166390472647906,1727.2269691463657,0,38,0.0,4793,storm,7001,recruitment,24bfb8b9aac5b87f9f268595cf4462964bd3a01da9d8089f51ed740d780fee86,9b5a428363b62ad024a6d518c6bdc283191d1cf8739502f5298786104f688bf6,c2bbfb4ef59c53ff278e2641,15.516666679999958,f000d324411431a807bac72657424c44472cc457a2b2f856442e941850c00046,0.0,0.7065052950075643,main_short,38.0,1.3666666666666667
0.7169140821986888,0.773370524457892,0.3765916540595058,0.37860939916730857,0.15279878971255673,0.009833585476550681,0.0,0.1824531227601903,0.46439726716093277,0.9480584972264245,0.9649520927887039,38.33049672213817,0.03210886283408976,0.9444444444444444,0.9444444444444444,36,34,425.14834689542596,6.601838749821317,1834.6783039764262,0,50,0.0,8091,sensor_fault,7013,greedy_sparse,24bfb8b9aac5b87f9f268595cf4462964bd3a01da9d8089f51ed740d780fee86,7566b3dd58ba1b4b73cead9a88da4a0d93430742ea574afa5e3d674dbfd7a1c5,c33833d27f1b60376a19beeb,16.730061795999973,f000d324411431a807bac72657424c44472cc457a2b2f856442e941850c00046,0.5729166666666665,0.048411497730711045,main_short,50.0,1.7
0.6972626701966715,0.7833932173474533,0.38484934442763485,0.3836160091679962,0.0529500756429652,0.019919314170448815,0.0,0.17024454182184004,0.26293583846712126,0.9664649520927886,1.0,39.09531801563288,0.02838187090267272,1.0,1.0,36,36,462.2248695478046,9.767334913284406,1808.6585405875144,0,34,0.0,6402,sensor_fault,7010,deadline_fusion,24bfb8b9aac5b87f9f268595cf4462964bd3a01da9d8089f51ed740d780fee86,c0265f2f5da1b8f1e6334a7d1da15d24852be86831d4583cf0a020b238d73be2,c3be73c8daacd80bf1802c91,36.78605934300003,f000d324411431a807bac72657424c44472cc457a2b2f856442e941850c00046,0.5520833333333333,0.07261724659606657,main_short,34.0,3.4
0.7237100524594164,0.8155441043623186,0.46329672918096154,0.46346386282981794,0.3373676248108926,0.07791225416036308,0.00529500756429652,0.08781182162414354,0.3627966950590196,1.0,1.0,39.66005499103857,0.03960330541812798,0.8571428571428571,0.8857142857142857,35,30,447.48307634622,7.484959661374749,1463.363497381957,0,52,0.0,9121,moving_front,7001,recruitment,24bfb8b9aac5b87f9f268595cf4462964bd3a01da9d8089f51ed740d780fee86,0eaaad553c80db6664d9a551f5b55b53a649071324c5a65ea020b06da777986c,c3f1032a95c3f765a29520a1,14.451141695999922,f000d324411431a807bac72657424c44472cc457a2b2f856442e941850c00046,0.32765288934350795,0.25113464447806355,main_short,52.0,1.7666666666666666
0.7595105269793242,0.8092536560766513,0.4211343292990418,0.4206014945165202,0.15431164901664146,0.006303580433686333,0.0,0.19444372007345678,0.3353502496380124,0.9684820978315685,1.0,31.37969616742309,0.01902893343419062,1.0,1.0,36,36,459.64537629228573,9.609781204899358,1977.0086064403308,0,33,0.0,8101,sensor_fault,7011,deadline_fusion,24bfb8b9aac5b87f9f268595cf4462964bd3a01da9d8089f51ed740d780fee86,50b7b3fbf7cedf803850a0428d40ee1ccc4080b783db00698cf7730c8a755b36,c4766dca521aa99ed2412881,37.97120199700021,f000d324411431a807bac72657424c44472cc457a2b2f856442e941850c00046,0.6458333333333333,0.030257186081694403,main_short,33.0,3.3
0.7169771180030257,0.7619846822995461,0.3748187720625315,0.37533183044562823,0.11497730711043873,0.0002521432173474533,0.0,0.18972324118576384,0.2976665774317708,0.8910741301059002,1.0,41.7995146243066,0.042738275340393345,0.9444444444444444,0.9444444444444444,36,34,460.8601406860978,8.657510328648753,1968.797231379062,0,30,0.0,7849,sensor_fault,7004,deadline_fusion,24bfb8b9aac5b87f9f268595cf4462964bd3a01da9d8089f51ed740d780fee86,1ffbd60f44c9f81edacbd6236060262a241240e41dabbe8776c51fac2266503a,c4aad5e11f2dbdc193d1a328,45.78350488699971,f000d324411431a807bac72657424c44472cc457a2b2f856442e941850c00046,0.6041666666666665,0.024205748865355523,main_short,30.0,2.966666666666667
0.743215771558245,0.7853000504286434,0.4002615985879979,0.39993487836194824,0.2178517397881997,0.004790721129601614,0.0,0.16053602269365563,0.4029018147821448,1.0,1.0,36.611234556227934,0.03429147755925365,0.9722222222222222,1.0,36,35,417.973877766413,6.123015340825772,1947.9772984306094,0,52,0.0,9458,sensor_fault,7016,recruitment,24bfb8b9aac5b87f9f268595cf4462964bd3a01da9d8089f51ed740d780fee86,c01d3e850dcea516d0864d501fedc94fd615e60fababbc941400707247a8bedb,c50f2bfc74282a60414b85bf,17.27246184500018,f000d324411431a807bac72657424c44472cc457a2b2f856442e941850c00046,0.6302083333333333,0.024205748865355523,main_short,52.0,1.7666666666666666
0.6747037317196167,0.7783897503782147,0.39838628340897625,0.398329080091913,0.018154311649016642,0.025970751386787696,0.0,0.17347677555715965,0.4201061084948399,0.961674230963187,1.0,42.42341149773071,0.036182551689359556,0.9722222222222222,0.9722222222222222,36,35,455.05610995139807,10.56876970831318,1905.950898386969,0,50,0.0,4947,sensor_fault,7015,economic,24bfb8b9aac5b87f9f268595cf4462964bd3a01da9d8089f51ed740d780fee86,b549dfc41676c63078393edb7074f42e4f0927a271f4a7ecca93c1f6bdaa8078,c6292a39dd29b27719444bf6,18.676891242999773,f000d324411431a807bac72657424c44472cc457a2b2f856442e941850c00046,0.5208333333333333,0.08774583963691376,main_short,50.0,4.9
0.6824886535552194,0.7835902042360059,0.3894194402420575,0.38913000192712105,0.036308623298033284,0.026727181038830056,0.0,0.179585963021875,0.2630984983073751,0.9576399394856279,1.0,40.09691754916792,0.027530887544125058,1.0,1.0,36,36,423.99138198424475,6.346533845775214,1869.7665914230874,0,49,0.0,5724,sensor_fault,7010,recruitment,24bfb8b9aac5b87f9f268595cf4462964bd3a01da9d8089f51ed740d780fee86,c0265f2f5da1b8f1e6334a7d1da15d24852be86831d4583cf0a020b238d73be2,c788fa2aae3eea2ac87ecc92,13.488551161000032,f000d324411431a807bac72657424c44472cc457a2b2f856442e941850c00046,0.5260416666666666,0.0832072617246596,main_short,49.0,1.6666666666666667
0.6941030005042863,0.7721098083711547,0.3737156454866364,0.37354343296917303,0.10136157337367625,0.016389309127584465,0.0,0.17673295720065504,0.4585415314331755,1.0,1.0,39.30290279878971,0.026215015128593037,0.9444444444444444,0.9444444444444444,36,34,442.84679646067036,3.0861934402837754,2121.9345666046793,0,0,0.0,7116,sensor_fault,7019,static_tuned,24bfb8b9aac5b87f9f268595cf4462964bd3a01da9d8089f51ed740d780fee86,12c2676d5d2da4bfdacb5c9a6312d12b90a39b080a71ade938e7b16bbaabf086,c7b2f05a98f80d4c7e6faa18,5.0264261099996475,f000d324411431a807bac72657424c44472cc457a2b2f856442e941850c00046,0.5416666666666666,0.07866868381240545,main_short,0.0,0.0
0.40348430408472014,0.5014340645486636,0.2888852118003026,0.2880620625772384,0.14674735249621784,0.10463943519919312,0.007060010085728693,0.08559769789173093,0.34679036040779765,1.0,1.0,130.67298600605145,0.32621816691880984,0.6944444444444444,0.6944444444444444,36,25,804.6719018933469,12.796851282636885,1733.2082601226452,0,9,0.0,7171,storm,7012,adaptive,24bfb8b9aac5b87f9f268595cf4462964bd3a01da9d8089f51ed740d780fee86,6ef10a6f8528f48913779ce02125f8ae67ac504fa24b04f7d539448adf330dc7,c84344ffec74a60d32002522,9.475391017999982,f000d324411431a807bac72657424c44472cc457a2b2f856442e941850c00046,0.06249999999999999,0.680786686838124,main_short,,
0.3243586106908724,0.5436128971255674,0.30648796016137164,0.30733406702167815,0.08018154311649017,0.4556227937468482,0.11018658598083711,0.04580162091674493,0.2772506520380142,1.0,1.0,134.96627584467976,0.26858768280383255,0.3888888888888889,0.6388888888888888,36,14,408.23363868793007,4.961872722438466,1767.833456308684,0,33,0.0,4079,storm,7000,greedy_sparse,24bfb8b9aac5b87f9f268595cf4462964bd3a01da9d8089f51ed740d780fee86,5f8536aad221b558feae01abd9e48012ffd43f0d986448ef31076303591affbe,c885ac6fb8a590787f089ee4,13.15289962899999,f000d324411431a807bac72657424c44472cc457a2b2f856442e941850c00046,0.0,0.7201210287443268,main_short,33.0,1.1666666666666667
0.6695151333707872,0.8099953717837299,0.47474626637109474,0.4742655693251013,0.15431164901664146,0.10640443772062529,0.0027735753908219862,0.10610348167191601,0.327889859088827,1.0,1.0,47.66422224040284,0.05051007124723224,0.8888888888888888,0.9444444444444444,36,32,493.33306415254003,12.564703733276886,1586.881488713597,0,48,0.0,6464,moving_front,7015,fungal,24bfb8b9aac5b87f9f268595cf4462964bd3a01da9d8089f51ed740d780fee86,277879760b7636cf423ed8f2b038495b33a699b960bf9fcac3c05a45a91ae287,c9cba2d69ed264cc4a9730d0,17.593764616000044,f000d324411431a807bac72657424c44472cc457a2b2f856442e941850c00046,0.08049820935729735,0.3237518910741301,main_short,48.0,4.716666666666667
0.7498688599941941,0.8016761592395779,0.4585021720002338,0.45811196640470503,0.39636913767019666,0.009077155824508321,0.0,0.09784857144700998,0.18999258025822274,1.0,1.0,40.58022129663297,0.05647909659391067,0.9722222222222222,0.9722222222222222,36,35,488.68424612447313,12.126463696678144,1430.760562705362,0,50,0.0,10593,moving_front,7002,economic,24bfb8b9aac5b87f9f268595cf4462964bd3a01da9d8089f51ed740d780fee86,5b23548e342cd0e105b412e1f6ff973e8f388f6fbedb3fc9e75b3089b159ddd9,ca0b21e98f40ee30f36c7e75,14.443250790000093,f000d324411431a807bac72657424c44472cc457a2b2f856442e941850c00046,0.42445047224570503,0.16338880484114976,main_short,50.0,5.0
0.67684694906707,0.7749149016641452,0.39227968986384265,0.3924246071513859,0.0226928895612708,0.02118003025718608,0.0,0.16803533800233844,0.4198467017800621,0.9641956631366615,1.0,42.90878719112456,0.03820757690368129,0.9722222222222222,0.9722222222222222,36,35,441.26650759692484,7.496559455115443,2038.8656392973865,0,24,0.0,5222,sensor_fault,7015,fungal,24bfb8b9aac5b87f9f268595cf4462964bd3a01da9d8089f51ed740d780fee86,b549dfc41676c63078393edb7074f42e4f0927a271f4a7ecca93c1f6bdaa8078,ca2df56af9a73c961baa4b02,37.27511785700017,f000d324411431a807bac72657424c44472cc457a2b2f856442e941850c00046,0.515625,0.07866868381240545,main_short,24.0,2.3666666666666667
0.6661308623298033,0.7890428013111447,0.4045165153807362,0.4035256478275133,0.025718608169440244,0.028492183560262226,0.0020171457387796266,0.16878509669821615,0.3628005915218813,0.9606656580937972,1.0,39.33619358295512,0.02026601109430156,1.0,1.0,36,36,411.13955161342074,5.450327813138653,1974.3627117621074,0,50,0.0,4859,sensor_fault,7017,recruitment,24bfb8b9aac5b87f9f268595cf4462964bd3a01da9d8089f51ed740d780fee86,fded3c51bb367e0df8af6f8249b634fefe0cc389845c26618e90a9b29d9c3139,ca445f2d64678149e9a09dcc,16.404549848999977,f000d324411431a807bac72657424c44472cc457a2b2f856442e941850c00046,0.44791666666666663,0.14523449319213314,main_short,50.0,1.7333333333333334
0.3814454109934442,0.4722800050428643,0.26281202723146746,0.2629992003964191,0.14069591527987896,0.15305093292990418,0.0,0.09139300280372968,0.32373947786998575,1.0,1.0,132.8641893595562,0.3155257186081694,0.4722222222222222,0.5833333333333334,36,17,459.16762681033475,10.169704485419528,1108.481377467616,0,35,0.0,6310,storm,7008,deadline_fusion,24bfb8b9aac5b87f9f268595cf4462964bd3a01da9d8089f51ed740d780fee86,61fbc2c3c47ea0b2f394bf19d5d944ff33916305affd279efd1232b2237e443b,cae4f299528e2f7f5a242b64,37.334037540000054,f000d324411431a807bac72657424c44472cc457a2b2f856442e941850c00046,0.046875,0.6792738275340393,main_short,35.0,3.4833333333333334
0.7557884945601256,0.8167008067385054,0.48208388298262933,0.48086979653871204,0.3177004538577912,0.025718608169440237,0.0,0.10042867016063273,0.32623356529644953,1.0,1.0,38.72674301498717,0.047179278972306386,0.9722222222222222,0.9722222222222222,36,35,530.6378519887414,14.549287785894089,1392.0303300340272,0,52,0.0,8961,moving_front,7008,deadline_fusion,24bfb8b9aac5b87f9f268595cf4462964bd3a01da9d8089f51ed740d780fee86,a9dc4e7a83ea86ea436568b7b9e6ff3f12c69e20d2897f78617ebd8a5771ceb1,cb4bac6a7ccb7f5cae2e31aa,39.6114033880001,f000d324411431a807bac72657424c44472cc457a2b2f856442e941850c00046,0.36787376196969246,0.2329803328290469,main_short,52.0,5.166666666666667
0.7446104387291981,0.7770817574382248,0.38404563792233987,0.3838301130763016,0.29652042360060515,0.00151285930408472,0.0,0.1722893785519672,0.4062527385536514,0.9493192133131618,1.0,36.56029374684821,0.03412600857286938,1.0,1.0,36,36,442.9751779435456,3.098069912763946,2122.0428360017563,0,0,0.0,10861,sensor_fault,7016,static_tuned,24bfb8b9aac5b87f9f268595cf4462964bd3a01da9d8089f51ed740d780fee86,c01d3e850dcea516d0864d501fedc94fd615e60fababbc941400707247a8bedb,cc56130bd1cbc0a0fba82841,14.508274946000256,f000d324411431a807bac72657424c44472cc457a2b2f856442e941850c00046,0.6510416666666665,0.018154311649016642,main_short,0.0,0.0
0.7585611383486119,0.8230475351520341,0.5116701214014694,0.5094725131120945,0.20574886535552195,0.027735753908219866,0.0,0.07264949500390744,0.2731675185766329,1.0,1.0,41.779456807638596,0.06440386142355609,0.9166666666666666,0.9444444444444444,36,33,2379.3136666634905,47.99413481441564,1103.8728066719675,0,17,0.0,8489,moving_front,7004,adaptive,24bfb8b9aac5b87f9f268595cf4462964bd3a01da9d8089f51ed740d780fee86,33909bb95a53710954872d70bc5591af92a450651324e9fef7a21e0a1cd4da1e,ccab8d11f9cf6875f65db2ba,8.759411308000153,f000d324411431a807bac72657424c44472cc457a2b2f856442e941850c00046,0.40379630505940106,0.16187594553706505,main_short,,
0.33706032526475027,0.4871249369641956,0.267673663640948,0.26801695924791247,0.12102874432677761,0.3686333837619768,0.0529500756429652,0.0544751755502173,0.22661934531569827,1.0,1.0,136.55718135400903,0.2947475416036308,0.5833333333333334,0.8055555555555556,36,21,443.9118065364938,8.049570434564854,1726.05701199923,0,27,0.0,4860,storm,7007,fungal,24bfb8b9aac5b87f9f268595cf4462964bd3a01da9d8089f51ed740d780fee86,b9aa9c192ff362205c201c037cc4f3c7c2aba8b7e0c4fd0ef068255fea54f756,cd051603c40b995dc7d74bcb,13.808336254999972,f000d324411431a807bac72657424c44472cc457a2b2f856442e941850c00046,0.0,0.7095310136157338,main_short,27.0,2.5833333333333335
0.5319749117498739,0.7831568330811901,0.4200706001008572,0.42074437234709433,0.0015128593040847202,0.14019162884518405,0.0017650025214321732,0.17976278409746105,0.39456959413567577,0.9478063540090772,1.0,50.42773732980333,0.02920133635905194,0.9166666666666666,0.9444444444444444,36,33,363.42780737067676,0.8908971395910427,2496.656888371053,0,0,0.0,2786,sensor_fault,7007,fixed_ring,24bfb8b9aac5b87f9f268595cf4462964bd3a01da9d8089f51ed740d780fee86,b9aa9c192ff362205c201c037cc4f3c7c2aba8b7e0c4fd0ef068255fea54f756,ce04b05efaa9f2b3302ac6ce,4.72609099400006,f000d324411431a807bac72657424c44472cc457a2b2f856442e941850c00046,0.24479166666666666,0.37065052950075644,main_short,,
0.5289138874985307,0.8067514726619159,0.470812460977877,0.46952123035691173,0.030257186081694403,0.299798285426122,0.06858295511850732,0.1042999401043828,0.33180795833970184,1.0,1.0,64.24205560606575,0.05973489647002639,0.7777777777777778,0.9444444444444444,36,28,363.8037208535817,0.8999896822559953,2495.0845927483397,0,0,0.0,3479,moving_front,7017,fixed_ring,24bfb8b9aac5b87f9f268595cf4462964bd3a01da9d8089f51ed740d780fee86,897c3ea0ca4def7c92d6c5bc4c681216da15d36377736736da162a96b99c0650,ce23cf99755ace9becdb5111,4.761446306999915,f000d324411431a807bac72657424c44472cc457a2b2f856442e941850c00046,0.02891772085655978,0.47049924357034795,main_short,,
0.727519856278366,0.7463596822995461,0.34564895360564796,0.3456235967072489,0.6293494704992436,0.0002521432173474533,0.0,0.16559603291613648,0.5652809515159838,0.9856278366111951,0.9694906707009581,41.42259991174988,0.0486793998991427,0.9166666666666666,0.9166666666666666,36,33,490.7640389552916,4.114624996832332,1947.1390517706666,0,1,0.0,14210,sensor_fault,7012,adaptive,24bfb8b9aac5b87f9f268595cf4462964bd3a01da9d8089f51ed740d780fee86,6ef10a6f8528f48913779ce02125f8ae67ac504fa24b04f7d539448adf330dc7,ce33455f7bdc4878c64c1b64,8.446336847000111,f000d324411431a807bac72657424c44472cc457a2b2f856442e941850c00046,0.6354166666666666,0.01059001512859304,main_short,,
0.7161005991927986,0.8014328706354523,0.47668169976592595,0.4748013156352115,0.31921331316187596,0.08951084215834594,0.0055471507816439725,0.09807022498458608,0.326303443161471,1.0,1.0,43.35590108598528,0.05248850187047744,0.8888888888888888,0.8888888888888888,36,32,460.9316528992146,8.574478887169883,1459.6489991158044,0,55,0.0,8475,moving_front,7008,recruitment,24bfb8b9aac5b87f9f268595cf4462964bd3a01da9d8089f51ed740d780fee86,a9dc4e7a83ea86ea436568b7b9e6ff3f12c69e20d2897f78617ebd8a5771ceb1,ce697cfcdcf45a916bea9615,13.935739667999997,f000d324411431a807bac72657424c44472cc457a2b2f856442e941850c00046,0.2643706870777035,0.2874432677760968,main_short,55.0,1.8333333333333333
0.7509691754916792,0.7966149773071104,0.39888269036812907,0.3982508062491654,0.16187594553706505,0.0010085728693898133,0.0,0.19465534794128694,0.40142572976459867,0.8978819969742814,1.0,33.28302288199698,0.022007375189107413,0.9444444444444444,0.9444444444444444,36,34,419.1446826915238,6.078429487687078,1936.6411305003987,0,47,0.0,8198,sensor_fault,7009,recruitment,24bfb8b9aac5b87f9f268595cf4462964bd3a01da9d8089f51ed740d780fee86,956a9ceb80df2feb4bb3b76f79213a7f0cb93b60e4835d44d36852e549355e78,cec310fc9fc34965d0dead23,14.450132884999675,f000d324411431a807bac72657424c44472cc457a2b2f856442e941850c00046,0.6354166666666665,0.015128593040847202,main_short,47.0,1.5833333333333333
0.6420984619263741,0.7864425743822488,0.42647661371659096,0.42624713407481674,0.006051437216338881,0.04009077155824508,0.0,0.20343544099792926,0.487516503381691,0.9488149268784669,1.0,43.48375252143217,0.032557992939989906,0.9444444444444444,0.9444444444444444,36,34,363.4220800284325,0.8742047925325658,2496.648570104255,0,0,0.0,4072,sensor_fault,7008,fixed_ring,24bfb8b9aac5b87f9f268595cf4462964bd3a01da9d8089f51ed740d780fee86,61fbc2c3c47ea0b2f394bf19d5d944ff33916305affd279efd1232b2237e443b,cf50979f780b28df6724865e,4.035460956999941,f000d324411431a807bac72657424c44472cc457a2b2f856442e941850c00046,0.42187499999999994,0.16187594553706505,main_short,,
0.39867782400403423,0.5049955874936963,0.2856940242057488,0.28499711683479606,0.1664145234493192,0.17523953605648007,0.00605143721633888,0.04279444117034516,0.3779615091520349,1.0,1.0,119.18360753908219,0.258320726172466,0.6944444444444444,0.8055555555555556,36,25,468.0096830876065,9.48551193365793,1829.5990138859875,0,39,0.0,6469,storm,7014,deadline_fusion,24bfb8b9aac5b87f9f268595cf4462964bd3a01da9d8089f51ed740d780fee86,ac5fa5d877e58450b21b5619aadcad71ab1db9e7cd210fd1cd516ef4a934c028,cf8e9904959f9f025dff7dae,51.518210042999954,f000d324411431a807bac72657424c44472cc457a2b2f856442e941850c00046,0.057291666666666664,0.6686838124054463,main_short,39.0,3.7666666666666666
0.6874763132795746,0.8102574525771935,0.471038371249312,0.4722330078543356,0.21331316187594554,0.07816439737771054,0.0002521432173474533,0.10213232453786254,0.23980435525337362,1.0,1.0,45.537861207891645,0.056531005467928656,0.8888888888888888,0.9722222222222222,36,32,509.92792084426367,13.98341294905369,1615.4502801381723,0,56,0.0,7303,moving_front,7010,deadline_fusion,24bfb8b9aac5b87f9f268595cf4462964bd3a01da9d8089f51ed740d780fee86,5c27fd92e06c33f2542baf1700cf25e04b52092d15caab1ec4dc802b1a93834e,cfaca9eb34d1b8ed516f1c5a,42.331892917999994,f000d324411431a807bac72657424c44472cc457a2b2f856442e941850c00046,0.14015771675510108,0.2708018154311649,main_short,56.0,5.6
0.729127269288956,0.752994200706001,0.335941439737771,0.33599894929340596,0.46444780635400906,0.0,0.0,0.16454251603851514,0.40004385641180007,0.9293998991427129,1.0,38.54651254412506,0.036600163893091266,0.9444444444444444,0.9444444444444444,36,34,490.8504849786899,4.130766786041136,1947.194534821715,0,1,0.0,12283,sensor_fault,7009,adaptive,24bfb8b9aac5b87f9f268595cf4462964bd3a01da9d8089f51ed740d780fee86,956a9ceb80df2feb4bb3b76f79213a7f0cb93b60e4835d44d36852e549355e78,cff9e3dacd9bab751d960858,9.302923537999959,f000d324411431a807bac72657424c44472cc457a2b2f856442e941850c00046,0.6197916666666666,0.009077155824508321,main_short,,
0.6483778563306086,0.7592956966585722,0.4002938976628404,0.39944678867389505,0.22239031770045387,0.06681795259707514,0.0,0.10888895045725375,0.28937779410815323,1.0,1.0,50.80026095343154,0.06489060808137724,0.9444444444444444,0.9722222222222222,36,34,443.5560798494265,3.078944418610353,2121.8239891993717,0,0,0.0,7251,moving_front,7006,static_tuned,24bfb8b9aac5b87f9f268595cf4462964bd3a01da9d8089f51ed740d780fee86,ab258b21f7221620284a3215d026dafd75f9efdf5bedb3e529bdff643d2065af,d00c102b904d09541d2f9a15,4.585371173000112,f000d324411431a807bac72657424c44472cc457a2b2f856442e941850c00046,0.16577292302278746,0.37821482602118,main_short,0.0,0.0
0.736346013775791,0.815428184375737,0.45235925189858,0.45302321726225103,0.3494704992435703,0.03555219364599092,0.0,0.1009283920020929,0.3619365198550046,1.0,1.0,36.79648363564084,0.03449676588087637,0.8857142857142857,0.9142857142857143,35,31,443.3157472664839,3.065776104146487,2121.3910495235264,0,0,0.0,9588,moving_front,7001,static_tuned,24bfb8b9aac5b87f9f268595cf4462964bd3a01da9d8089f51ed740d780fee86,0eaaad553c80db6664d9a551f5b55b53a649071324c5a65ea020b06da777986c,d0a1e4b1936e4c7de42725e6,4.989749432000053,f000d324411431a807bac72657424c44472cc457a2b2f856442e941850c00046,0.32573994053425936,0.2314674735249622,main_short,0.0,0.0
0.6683213532186439,0.8069068471757679,0.47513117365160185,0.47509496681996716,0.15279878971255673,0.11447302067574383,0.0027735753908219862,0.10362145922287774,0.3270673524832514,1.0,1.0,48.050525221882815,0.05012493588113885,0.8611111111111112,0.9166666666666666,36,31,484.08454370035133,12.178510003628954,1660.9837953345675,0,51,0.0,6458,moving_front,7015,economic,24bfb8b9aac5b87f9f268595cf4462964bd3a01da9d8089f51ed740d780fee86,277879760b7636cf423ed8f2b038495b33a699b960bf9fcac3c05a45a91ae287,d1048a0aac92b6ca0f291d1a,18.2835495679999,f000d324411431a807bac72657424c44472cc457a2b2f856442e941850c00046,0.07520186782914375,0.32829046898638425,main_short,51.0,5.016666666666667
0.7625643417889466,0.8146616800703448,0.46703985674589965,0.4682188661408351,0.39939485627836613,0.0453857791225416,0.0025214321734745334,0.0830924120631905,0.3473505283221142,1.0,1.0,35.65890750709955,0.03864062473264422,0.9444444444444444,0.9722222222222222,36,34,471.37130456382886,9.134137579222449,1425.5587586000202,0,59,0.0,10340,moving_front,7012,recruitment,24bfb8b9aac5b87f9f268595cf4462964bd3a01da9d8089f51ed740d780fee86,760400fc1b0b776e9c52ee32311a1069b16aa52520e6f2d9a36a2dd8b57f7ebd,d1733f91c2af016b5091b48d,17.26562967699988,f000d324411431a807bac72657424c44472cc457a2b2f856442e941850c00046,0.3915223652158376,0.17095310136157338,main_short,59.0,1.95
0.7592409526074192,0.8128794432895535,0.47990491783575334,0.4814537835305809,0.29954614220877457,0.016137165910237013,0.0,0.08130463672033342,0.2565900898267941,1.0,1.0,39.01250932416341,0.05354864879079578,0.8888888888888888,0.9444444444444444,36,32,524.8344818349565,14.321031671763093,1488.1947774561618,0,50,0.0,9177,moving_front,7004,deadline_fusion,24bfb8b9aac5b87f9f268595cf4462964bd3a01da9d8089f51ed740d780fee86,33909bb95a53710954872d70bc5591af92a450651324e9fef7a21e0a1cd4da1e,d1efff27c4112534c3014131,42.466764323999996,f000d324411431a807bac72657424c44472cc457a2b2f856442e941850c00046,0.39765679152850014,0.20121028744326777,main_short,50.0,4.983333333333333
0.6839148386283408,0.788499117498739,0.4020738779626827,0.4011460332604841,0.02723146747352496,0.025214321734745332,0.0,0.16535078754728544,0.3620513605815504,0.9669692385274837,1.0,37.89444654563792,0.01895801815431165,0.9722222222222222,0.9722222222222222,36,35,447.3805181008182,8.183710878374683,2038.9192358835319,0,32,0.0,5252,sensor_fault,7017,fungal,24bfb8b9aac5b87f9f268595cf4462964bd3a01da9d8089f51ed740d780fee86,fded3c51bb367e0df8af6f8249b634fefe0cc389845c26618e90a9b29d9c3139,d206dce5be38d06174434892,34.595601633000115,f000d324411431a807bac72657424c44472cc457a2b2f856442e941850c00046,0.484375,0.10892586989409984,main_short,32.0,3.15
0.6851684811910855,0.8117196003185175,0.4613837305157446,0.4599455494920363,0.1815431164901664,0.09732728189611699,0.0037821482602118004,0.08455345420105213,0.32843212322761817,1.0,1.0,43.39322516649897,0.04658648102166563,0.9166666666666666,0.9444444444444444,36,33,514.1290242252377,13.004013514290557,1539.2120961908474,0,55,0.0,6763,moving_front,7017,economic,24bfb8b9aac5b87f9f268595cf4462964bd3a01da9d8089f51ed740d780fee86,897c3ea0ca4def7c92d6c5bc4c681216da15d36377736736da162a96b99c0650,d23150f07ed89bc7ead63173,16.254594716000156,f000d324411431a807bac72657424c44472cc457a2b2f856442e941850c00046,0.18491854488237106,0.3101361573373676,main_short,55.0,5.483333333333333
0.6740436480543495,0.7878452921740231,0.44973847461155664,0.4496244431366278,0.25416036308623297,0.10741301059001515,0.0017650025214321732,0.11770370410375335,0.23077354620627835,0.9984871406959153,1.0,49.875627440709685,0.06292213653847557,0.9166666666666666,0.9722222222222222,36,33,446.0116830586916,7.285790336499773,1575.2981203548661,0,52,0.0,7563,moving_front,7019,greedy_sparse,24bfb8b9aac5b87f9f268595cf4462964bd3a01da9d8089f51ed740d780fee86,7fc013544a2434726446cf0cb1c220e784a923ebb4fc53407d1bf1d9ae765b5f,d2740de589748266a8ada232,15.906462295999972,f000d324411431a807bac72657424c44472cc457a2b2f856442e941850c00046,0.12421468372880276,0.3267776096822995,main_short,52.0,1.7166666666666666
0.3241537443267775,0.5517208774583964,0.3034780005042864,0.3034104188243291,0.18910741301059,0.48814926878466963,0.12708018154311648,0.054398307500503805,0.3915505955757101,1.0,1.0,131.3427808245083,0.24855017650025218,0.6666666666666666,0.8333333333333334,36,24,443.2451710480657,3.457077730761695,2116.1913451954406,0,0,0.0,5828,storm,7018,static_tuned,24bfb8b9aac5b87f9f268595cf4462964bd3a01da9d8089f51ed740d780fee86,20cbee7be12f3041b6f80dfbab6cf06c7cd24e2dceeb098a373acea1952196d8,d391969fb43e21ba4b81d8f8,4.505047443000194,f000d324411431a807bac72657424c44472cc457a2b2f856442e941850c00046,0.0,0.7201210287443268,main_short,0.0,0.0
0.32742372667675235,0.6262370776601108,0.3618018784669692,0.3618210192892716,0.13161875945537066,0.5557236510337872,0.28189611699445283,0.04642402491120316,0.3777624482763262,1.0,1.0,139.9861715204236,0.2630090141200201,0.5555555555555556,0.8055555555555556,36,20,363.9342491774115,1.2116419362194202,2493.7383206513846,0,0,0.0,5048,storm,7014,fixed_ring,24bfb8b9aac5b87f9f268595cf4462964bd3a01da9d8089f51ed740d780fee86,ac5fa5d877e58450b21b5619aadcad71ab1db9e7cd210fd1cd516ef4a934c028,d3a7823537866b00d3f04309,4.230477453000049,f000d324411431a807bac72657424c44472cc457a2b2f856442e941850c00046,0.0,0.7201210287443268,main_short,,
0.3272188603126575,0.4706174357034796,0.2662474785678265,0.26665459398169544,0.08018154311649017,0.23777105395864845,0.022945032778618254,0.04205756856206498,0.2379692237673331,1.0,1.0,144.22079866364092,0.34729576399394857,0.6666666666666666,0.75,36,24,840.5532302779708,13.938089789457285,1733.5356769223813,0,7,0.0,4799,storm,7010,adaptive,24bfb8b9aac5b87f9f268595cf4462964bd3a01da9d8089f51ed740d780fee86,c0265f2f5da1b8f1e6334a7d1da15d24852be86831d4583cf0a020b238d73be2,d43f5cf8872fcfafd68bd132,6.763627149000058,f000d324411431a807bac72657424c44472cc457a2b2f856442e941850c00046,0.0,0.7125567322239031,main_short,,
0.32586359051941494,0.4664019162884518,0.24849502017145741,0.24821165769097173,0.09833585476550681,0.3787191124558749,0.07539082198688854,0.06440122265751347,0.2906003538161662,1.0,1.0,142.6865859808371,0.31053013111447303,0.3888888888888889,0.5833333333333334,36,14,451.68874118415084,9.286428415644743,1774.0025249709583,0,42,0.0,4658,storm,7006,economic,24bfb8b9aac5b87f9f268595cf4462964bd3a01da9d8089f51ed740d780fee86,5772c05e39ffe56db9fe4d550c615751b591862ac0732ff00bde5b9c136479f3,d481ed4869184cc003411027,13.407643538999992,f000d324411431a807bac72657424c44472cc457a2b2f856442e941850c00046,0.0,0.7019667170953101,main_short,42.0,4.183333333333334
0.7837724464769403,0.8202333907453564,0.48219634812625706,0.48215288553675795,0.4009077155824508,0.00529500756429652,0.0,0.11258021774991699,0.20643358358772593,1.0,1.0,36.311846615587804,0.050809275932221114,0.9444444444444444,0.9444444444444444,36,34,517.422943815718,14.351813270567371,1488.45681355526,0,52,0.0,10943,moving_front,7016,deadline_fusion,24bfb8b9aac5b87f9f268595cf4462964bd3a01da9d8089f51ed740d780fee86,5e29696557cda66a921641f993e950ae2ed95f14de01a827d8e1fe0231f9c807,d4ba5eca0a86305b13af6120,44.176939476999905,f000d324411431a807bac72657424c44472cc457a2b2f856442e941850c00046,0.47809808704994455,0.11497730711043873,main_short,52.0,5.183333333333334
0.7533200569610166,0.8224548009136188,0.46627585792308857,0.4675054727300964,0.32829046898638425,0.04286434694906707,0.0,0.08908136793568117,0.3606997710624085,1.0,1.0,34.45422208132303,0.03010991893617574,0.9428571428571428,0.9428571428571428,35,33,502.1095009960003,12.2760606099958,1427.0283066948507,0,41,0.0,9483,moving_front,7001,fungal,24bfb8b9aac5b87f9f268595cf4462964bd3a01da9d8089f51ed740d780fee86,0eaaad553c80db6664d9a551f5b55b53a649071324c5a65ea020b06da777986c,d501e27da42d8d57be183410,15.038209959999904,f000d324411431a807bac72657424c44472cc457a2b2f856442e941850c00046,0.42038474677323756,0.19667170953101362,main_short,41.0,4.1
0.7289484545574823,0.826873227325812,0.4778657080298673,0.47909785051483433,0.18305597579425115,0.05648008068582954,0.0,0.10230401375369146,0.22910201424076768,1.0,1.0,39.29426790127428,0.042773690623289506,0.8888888888888888,0.9166666666666666,36,32,480.2463620377797,12.565030059182332,1408.1520686670408,0,50,0.0,6907,moving_front,7007,economic,24bfb8b9aac5b87f9f268595cf4462964bd3a01da9d8089f51ed740d780fee86,4359898ad5beb32bbf1d8eff13ccc594cdb32a36c3aec06531a94f326fed618b,d65b1f7ab477c8717803efad,14.739310356000033,f000d324411431a807bac72657424c44472cc457a2b2f856442e941850c00046,0.3210617332099621,0.24508320726172467,main_short,50.0,5.0
0.6715219548508375,0.8121889982954745,0.4872372172703031,0.4874836539361605,0.09984871406959153,0.10791729702471003,0.0012607160867372667,0.06044144827731083,0.34514741252267117,1.0,1.0,51.134028511596796,0.07896172965751629,0.9166666666666666,0.9166666666666666,36,33,2378.126623461697,48.054663996351906,744.1542089468356,0,13,0.0,6603,moving_front,7017,adaptive,24bfb8b9aac5b87f9f268595cf4462964bd3a01da9d8089f51ed740d780fee86,897c3ea0ca4def7c92d6c5bc4c681216da15d36377736736da162a96b99c0650,d665c1e63f2cca1abf5e05e4,8.872683457999983,f000d324411431a807bac72657424c44472cc457a2b2f856442e941850c00046,0.09665398358094358,0.23903177004538578,main_short,,
0.5469616742309631,0.8020360564800806,0.443417486132123,0.4438560916859996,0.0,0.12153303076147251,0.0,0.19133097291962525,0.48939739136938015,0.9989914271306103,0.9989914271306103,50.097863086232984,0.03900340393343419,0.9166666666666666,0.9166666666666666,36,33,363.4292087834431,0.8941496102468479,2497.134111166141,0,0,0.0,2636,sensor_fault,7000,fixed_ring,24bfb8b9aac5b87f9f268595cf4462964bd3a01da9d8089f51ed740d780fee86,5f8536aad221b558feae01abd9e48012ffd43f0d986448ef31076303591affbe,d806f609123975883f654452,5.096623864999856,f000d324411431a807bac72657424c44472cc457a2b2f856442e941850c00046,0.28125,0.3630862329803328,main_short,,
0.7902140105314549,0.8521910692521414,0.49420202289019355,0.49604196410091006,0.3918305597579425,0.008825012607160867,0.0,0.12796622646581476,0.38485463590830254,1.0,1.0,29.53720719979842,0.02575236420238202,0.9166666666666666,0.9166666666666666,36,33,443.35867513344203,3.070871500949439,2121.5469787658744,0,0,0.0,10162,moving_front,7014,static_tuned,24bfb8b9aac5b87f9f268595cf4462964bd3a01da9d8089f51ed740d780fee86,358f3d3ac5e4c7943da7c4ded7230c7e4afe2570f3a3d3555871e5543b789f00,d888d0d7d7bb8bf51aee9a8a,5.553627301999995,f000d324411431a807bac72657424c44472cc457a2b2f856442e941850c00046,0.44998539409927446,0.12102874432677761,main_short,0.0,0.0
0.3649536686838123,0.5153964952092789,0.2921079172970247,0.2914771739267763,0.15431164901664146,0.26752395360564796,0.013111447302067574,0.11525378625761487,0.24521870189534353,1.0,1.0,124.1107617876954,0.2644351991931417,0.5555555555555556,0.7222222222222222,36,20,419.92583905342985,5.7329014480344265,1669.2001113390959,0,40,0.0,5660,storm,7003,greedy_sparse,24bfb8b9aac5b87f9f268595cf4462964bd3a01da9d8089f51ed740d780fee86,7bba1255199adfdb1a1ba0c529b8275f13780540abed81a608a55c16f4b1390f,d92a6653b3e1f3733b5537e2,12.970357461000049,f000d324411431a807bac72657424c44472cc457a2b2f856442e941850c00046,0.020833333333333332,0.6928895612708018,main_short,40.0,1.4666666666666666
0.769362832497762,0.8290012723524719,0.5010385027799971,0.49891181931386314,0.24962178517397882,0.017902168431669183,0.0,0.09177431021471001,0.2361053791048696,1.0,1.0,35.21478265599337,0.04136610112178909,0.9444444444444444,0.9444444444444444,36,34,530.7163508691185,13.86525853650192,1443.048301411701,0,47,0.0,8468,moving_front,7011,fungal,24bfb8b9aac5b87f9f268595cf4462964bd3a01da9d8089f51ed740d780fee86,a045df01d14234cb96176801d87713dde0c5b1030233001228c3094e00dd4a73,d96c3fe12c344de21c81c420,17.413993636999976,f000d324411431a807bac72657424c44472cc457a2b2f856442e941850c00046,0.3837217952964553,0.19062027231467474,main_short,47.0,4.7
0.31530509329299033,0.5772740166414524,0.31887449571356524,0.3187445828296008,0.15128593040847202,0.5337871911245589,0.21835602622289457,0.10299895656670958,0.19603469168603455,1.0,1.0,141.68526222894604,0.27118003025718607,0.5833333333333334,0.6666666666666666,36,21,363.9489637897252,1.2371062792932832,2493.7428058153423,0,0,0.0,5260,storm,7016,fixed_ring,24bfb8b9aac5b87f9f268595cf4462964bd3a01da9d8089f51ed740d780fee86,c01d3e850dcea516d0864d501fedc94fd615e60fababbc941400707247a8bedb,dbe9c2b7a96ccfcd9f650a2b,4.858626597000011,f000d324411431a807bac72657424c44472cc457a2b2f856442e941850c00046,0.0,0.7019667170953101,main_short,,
0.3153444906707009,0.550830496722138,0.30312342410489157,0.3029141190749614,0.0832072617246596,0.5047907211296015,0.170196671709531,0.05925535451319974,0.2291820751920252,1.0,1.0,138.80925365607666,0.2666808497226424,0.6111111111111112,0.8055555555555556,36,22,396.99243638521,3.9260855637557195,1956.1850843674379,0,25,0.0,3983,storm,7007,greedy_sparse,24bfb8b9aac5b87f9f268595cf4462964bd3a01da9d8089f51ed740d780fee86,b9aa9c192ff362205c201c037cc4f3c7c2aba8b7e0c4fd0ef068255fea54f756,dd74dfe5ce4b92d25807eebd,10.166934690999938,f000d324411431a807bac72657424c44472cc457a2b2f856442e941850c00046,0.0,0.7261724659606656,main_short,25.0,0.8833333333333333
0.6092174104891578,0.7968277231467473,0.4431811018658598,0.44343756469313067,0.0030257186081694403,0.07261724659606655,0.0,0.16150413880662068,0.39462779953868077,1.0,1.0,44.52935892586989,0.02614409984871407,0.9722222222222222,1.0,36,35,363.4338798460465,0.9143229596451434,2496.6669100035497,0,0,0.0,3183,sensor_fault,7018,fixed_ring,24bfb8b9aac5b87f9f268595cf4462964bd3a01da9d8089f51ed740d780fee86,20cbee7be12f3041b6f80dfbab6cf06c7cd24e2dceeb098a373acea1952196d8,ddd0a1ce0c822c6b8816ab7a,10.648516205000305,f000d324411431a807bac72657424c44472cc457a2b2f856442e941850c00046,0.3802083333333333,0.23903177004538578,main_short,,
0.7374322365103377,0.7567921079172969,0.344553706505295,0.3449730583608804,0.5128593040847201,0.0,0.0,0.17026880029004884,0.43007216188904773,0.980584972264246,1.0,34.87054021684317,0.02553738023197176,0.8611111111111112,0.8888888888888888,36,31,557.6327154038532,6.171113328172277,1946.2954289523504,0,3,0.0,12839,sensor_fault,7003,adaptive,24bfb8b9aac5b87f9f268595cf4462964bd3a01da9d8089f51ed740d780fee86,7bba1255199adfdb1a1ba0c529b8275f13780540abed81a608a55c16f4b1390f,de72510b010f043171798fc8,8.825877498999944,f000d324411431a807bac72657424c44472cc457a2b2f856442e941850c00046,0.5989583333333333,0.018154311649016642,main_short,,
0.6912197781371191,0.8321360788740997,0.5182540040113615,0.5184181680225824,0.1875945537065053,0.15279878971255673,0.015632879475542105,0.11974097532598828,0.2806925037999767,1.0,1.0,43.76713379065815,0.044029597803181865,0.9444444444444444,0.9722222222222222,36,34,459.6526808364781,8.311264684571409,1540.1860177915753,0,57,0.0,6471,moving_front,7000,greedy_sparse,24bfb8b9aac5b87f9f268595cf4462964bd3a01da9d8089f51ed740d780fee86,5bd218142e142fa4278b4a5cda21ab3f6b168aad1e4f87cf0725f2f9c148a9ed,df2518b28486663dc90c46d5,13.897576528000172,f000d324411431a807bac72657424c44472cc457a2b2f856442e941850c00046,0.1682300848313694,0.3207261724659607,main_short,57.0,1.9166666666666667
0.75833648512355,0.8195521306101865,0.409606656580938,0.41037096220949876,0.13313161875945537,0.015128593040847202,0.0,0.1831421843358323,0.4864537308358266,0.9649520927887039,1.0,29.65338187090267,0.014545511850731213,0.9142857142857143,0.9142857142857143,35,32,416.58732340193006,6.433118364894694,1964.629082877239,0,50,0.0,7948,sensor_fault,7001,greedy_sparse,24bfb8b9aac5b87f9f268595cf4462964bd3a01da9d8089f51ed740d780fee86,9b5a428363b62ad024a6d518c6bdc283191d1cf8739502f5298786104f688bf6,e09f4870a80531d27824d9b8,15.929323888999988,f000d324411431a807bac72657424c44472cc457a2b2f856442e941850c00046,0.6354166666666665,0.036308623298033284,main_short,50.0,1.85
0.6572759317168642,0.8107026023159589,0.4690167984230461,0.4693255935389759,0.13918305597579425,0.15784165405950581,0.014876449823499746,0.10881179090165262,0.24713266828164526,1.0,1.0,48.82125842921548,0.049891980938775574,0.9166666666666666,0.9166666666666666,36,33,363.80621915010175,0.9068728442066065,2494.9625650975577,0,0,0.0,5973,moving_front,7003,fixed_ring,24bfb8b9aac5b87f9f268595cf4462964bd3a01da9d8089f51ed740d780fee86,ddbf34503eff23fbcd394039890145ec197c5f33f339d9222c1ea54ac42702a6,e10f37157b1d395fe97c13f5,4.829486819999829,f000d324411431a807bac72657424c44472cc457a2b2f856442e941850c00046,0.09723301649108913,0.34190620272314676,main_short,,
0.7588013741805344,0.7862455874936963,0.3967709909228442,0.3965723116193633,0.3464447806354009,0.0010085728693898133,0.0,0.17443481137108716,0.5663569054492464,0.9745335350479073,0.9679778113968733,35.2160946167423,0.03340109682299546,0.9166666666666666,0.9166666666666666,36,33,443.0010904558044,3.0787030460426132,2122.1390477381015,0,0,0.0,11126,sensor_fault,7012,static_tuned,24bfb8b9aac5b87f9f268595cf4462964bd3a01da9d8089f51ed740d780fee86,6ef10a6f8528f48913779ce02125f8ae67ac504fa24b04f7d539448adf330dc7,e129467adf2670660ce297f3,4.743021537000004,f000d324411431a807bac72657424c44472cc457a2b2f856442e941850c00046,0.671875,0.012102874432677761,main_short,0.0,0.0
0.3833128466969238,0.5499401159858799,0.3127600226928895,0.3126252156142111,0.13767019667170954,0.2859304084720121,0.022945032778618254,0.05040898134849816,0.37821700265286207,1.0,1.0,116.20532337367625,0.2298364220877458,0.6666666666666666,0.75,36,24,419.51037850276794,5.818200814589196,1742.3521417432382,0,37,0.0,5678,storm,7014,greedy_sparse,24bfb8b9aac5b87f9f268595cf4462964bd3a01da9d8089f51ed740d780fee86,ac5fa5d877e58450b21b5619aadcad71ab1db9e7cd210fd1cd516ef4a934c028,e191b7743b101690fd7ae4b8,18.496911340999986,f000d324411431a807bac72657424c44472cc457a2b2f856442e941850c00046,0.041666666666666664,0.6822995461422088,main_short,37.0,1.3
0.7214430224447856,0.8106800930618091,0.47166531376581183,0.4729968860884218,0.2934947049924357,0.054715078164397364,0.0035300050428643463,0.06648299970174439,0.392654502494081,1.0,1.0,41.69289286691538,0.050264289619925503,0.8055555555555556,0.8611111111111112,36,29,443.39463078964,3.092729466812766,2121.1983102654212,0,0,0.0,8484,moving_front,7018,static_tuned,24bfb8b9aac5b87f9f268595cf4462964bd3a01da9d8089f51ed740d780fee86,43e354cb1fa0a5fed03587ccc8ef089b630912d128abf8941ac224ef282c99e3,e1ecd6dd0825f3430830ef63,6.138848644000063,f000d324411431a807bac72657424c44472cc457a2b2f856442e941850c00046,0.23868653740633983,0.2586989409984871,main_short,0.0,0.0
0.7799480078584609,0.8170924552012451,0.47506246239198613,0.47753577883221504,0.4462934947049924,0.007060010085728693,0.0,0.09016186305823194,0.34554758440882544,1.0,1.0,35.35786982102105,0.044946499079338904,0.9444444444444444,0.9444444444444444,36,34,518.7345385223449,14.066117237382977,1500.5880034862328,0,57,0.0,11117,moving_front,7012,economic,24bfb8b9aac5b87f9f268595cf4462964bd3a01da9d8089f51ed740d780fee86,760400fc1b0b776e9c52ee32311a1069b16aa52520e6f2d9a36a2dd8b57f7ebd,e1f081403801806346129938,17.634713622999925,f000d324411431a807bac72657424c44472cc457a2b2f856442e941850c00046,0.44162251386311524,0.1422087745839637,main_short,57.0,5.666666666666667
0.6910189993415761,0.8536751772137169,0.5198271077230832,0.5216701505997294,0.12254160363086233,0.10337871911245587,0.006555723651033787,0.14434705686089924,0.385179248960118,1.0,1.0,38.505326700094955,0.03379776399391865,0.8888888888888888,0.8888888888888888,36,32,363.79660188237926,0.8821122042718241,2496.079948594624,0,0,0.0,5818,moving_front,7014,fixed_ring,24bfb8b9aac5b87f9f268595cf4462964bd3a01da9d8089f51ed740d780fee86,358f3d3ac5e4c7943da7c4ded7230c7e4afe2570f3a3d3555871e5543b789f00,e2443fbe379e12a6080600d4,5.474309418000075,f000d324411431a807bac72657424c44472cc457a2b2f856442e941850c00046,0.17493611487694796,0.27685325264750377,main_short,,
0.7669468820554572,0.8232355022998894,0.49584682377480654,0.49403923800058736,0.2708018154311649,0.015128593040847202,0.0,0.10019852998001458,0.2380278514797661,0.9994957135653051,1.0,37.16399050135675,0.048484179627158334,0.9444444444444444,0.9444444444444444,36,34,517.226347001207,13.872961656387231,1463.6415200787021,0,51,0.0,8784,moving_front,7011,deadline_fusion,24bfb8b9aac5b87f9f268595cf4462964bd3a01da9d8089f51ed740d780fee86,a045df01d14234cb96176801d87713dde0c5b1030233001228c3094e00dd4a73,e25cd2d8ba90ee0d7cc75cd5,45.9157768,f000d324411431a807bac72657424c44472cc457a2b2f856442e941850c00046,0.4098467231726469,0.18305597579425115,main_short,51.0,5.1
0.8143201588502269,0.8530792990418558,0.4493664901664145,0.4493789049356363,0.17095310136157338,0.0,0.0,0.19071043027721254,0.4297371251245058,1.0,1.0,25.32660426122037,0.014356404437720623,0.9444444444444444,0.9444444444444444,36,34,409.7433005185035,5.721090756658412,2020.0000707656166,0,49,0.0,8463,sensor_fault,7014,greedy_sparse,24bfb8b9aac5b87f9f268595cf4462964bd3a01da9d8089f51ed740d780fee86,ac5fa5d877e58450b21b5619aadcad71ab1db9e7cd210fd1cd516ef4a934c028,e27bb24962edc9ab1aceb14e,15.75145643299993,f000d324411431a807bac72657424c44472cc457a2b2f856442e941850c00046,0.6927083333333333,0.006051437216338881,main_short,49.0,1.7833333333333334
0.5650528381542159,0.7990517946171549,0.45591962696087124,0.4571981567693404,0.05446293494704992,0.25289964699949574,0.04815935451336358,0.10047509249232037,0.2415882878273186,1.0,1.0,64.96098377676633,0.07421854500605195,0.8333333333333334,0.9444444444444444,36,30,363.8034340511684,0.9010969428971634,2495.6116949187203,0,0,0.0,4200,moving_front,7010,fixed_ring,24bfb8b9aac5b87f9f268595cf4462964bd3a01da9d8089f51ed740d780fee86,5c27fd92e06c33f2542baf1700cf25e04b52092d15caab1ec4dc802b1a93834e,e27e1a367e01c9d5b6969169,5.270505463999825,f000d324411431a807bac72657424c44472cc457a2b2f856442e941850c00046,0.0,0.4145234493192133,main_short,,
0.7184416660638457,0.8263250955643435,0.500829358643768,0.5025601221265672,0.26626323751891073,0.10060514372163389,0.007564296520423599,0.0838582659433587,0.4012348081871874,1.0,1.0,40.530778390330056,0.04637461338814379,0.8888888888888888,0.8888888888888888,36,32,447.71443192511856,7.42857622872992,1501.2519786946395,0,50,0.0,7695,moving_front,7018,greedy_sparse,24bfb8b9aac5b87f9f268595cf4462964bd3a01da9d8089f51ed740d780fee86,43e354cb1fa0a5fed03587ccc8ef089b630912d128abf8941ac224ef282c99e3,e283ee2672d0304ff8ecec88,15.376996313000063,f000d324411431a807bac72657424c44472cc457a2b2f856442e941850c00046,0.2338850906968309,0.2874432677760968,main_short,50.0,1.6666666666666667
0.33289996217851736,0.4797261094301562,0.2652231467473525,0.26400922479536637,0.09833585476550681,0.24609178013111446,0.026727181038830056,0.07346054985733673,0.23534936767565365,1.0,1.0,143.37986163640946,0.3437736384266263,0.6388888888888888,0.6666666666666666,36,23,986.163254684298,18.48792782296586,1726.6052748034738,0,11,0.0,4979,storm,7019,adaptive,24bfb8b9aac5b87f9f268595cf4462964bd3a01da9d8089f51ed740d780fee86,12c2676d5d2da4bfdacb5c9a6312d12b90a39b080a71ade938e7b16bbaabf086,e2d679d92d9a1dd50625de68,8.09599505999995,f000d324411431a807bac72657424c44472cc457a2b2f856442e941850c00046,0.0,0.7049924357034796,main_short,,
0.7464645630016227,0.8106236248126212,0.46755198786506746,0.46926973520165294,0.31316187594553707,0.022188603126575893,0.0,0.12149969707033079,0.18278070795868992,1.0,1.0,37.70973118312423,0.04406477322265252,0.9166666666666666,0.9444444444444444,36,33,520.0920931635094,13.548775793878281,1529.859275518962,0,49,0.0,9210,moving_front,7013,fungal,24bfb8b9aac5b87f9f268595cf4462964bd3a01da9d8089f51ed740d780fee86,0aace0ec30ee371a7c2663e2411d8b6b713bd3c12b78091846cea85ee9e6f3b4,e318f34c720c500f0e6bef0a,17.22918807500014,f000d324411431a807bac72657424c44472cc457a2b2f856442e941850c00046,0.355581008208524,0.19969742813918306,main_short,49.0,4.866666666666666
0.7659322995461422,0.7958506681795258,0.40300365607665156,0.40265689723871995,0.29954614220877457,0.0012607160867372667,0.0,0.17766152389127499,0.5664814596150562,0.9720121028744326,0.9679778113968733,33.57066313666163,0.029453479576399395,0.9166666666666666,0.9166666666666666,36,33,463.0037050922773,7.992975168209392,2040.1307960397653,0,23,0.0,10552,sensor_fault,7012,fungal,24bfb8b9aac5b87f9f268595cf4462964bd3a01da9d8089f51ed740d780fee86,6ef10a6f8528f48913779ce02125f8ae67ac504fa24b04f7d539448adf330dc7,e35668b64402e0ee9bb4d186,14.831450393000068,f000d324411431a807bac72657424c44472cc457a2b2f856442e941850c00046,0.6822916666666665,0.01361573373676248,main_short,23.0,2.3
0.32193961169944524,0.49892839132627326,0.26263079929399896,0.26209354874110286,0.16792738275340394,0.467725668179526,0.13212304589006557,0.044943401401439244,0.2968113815754282,1.0,1.0,144.630058623298,0.301405698436712,0.3888888888888889,0.6388888888888888,36,14,443.2692543657686,3.4514989462269514,2118.8691896805003,0,0,0.0,5757,storm,7006,static_tuned,24bfb8b9aac5b87f9f268595cf4462964bd3a01da9d8089f51ed740d780fee86,5772c05e39ffe56db9fe4d550c615751b591862ac0732ff00bde5b9c136479f3,e42393cd7c18404f31a39664,4.8234921830000985,f000d324411431a807bac72657424c44472cc457a2b2f856442e941850c00046,0.0,0.697428139183056,main_short,0.0,0.0
0.36848367372667673,0.5348272818961168,0.2961106908724155,0.2959983636329635,0.22087745839636913,0.32627332324760466,0.026222894604135148,0.05125631296916157,0.2507963253780992,1.0,1.0,120.1304841149773,0.24468135400907715,0.5833333333333334,0.8055555555555556,36,21,443.273164457603,3.425955260891223,2119.494497676588,0,0,0.0,6748,storm,7003,static_tuned,24bfb8b9aac5b87f9f268595cf4462964bd3a01da9d8089f51ed740d780fee86,7bba1255199adfdb1a1ba0c529b8275f13780540abed81a608a55c16f4b1390f,e5042383c6434a74bd11e7a4,4.2294136929999695,f000d324411431a807bac72657424c44472cc457a2b2f856442e941850c00046,0.0,0.6838124054462935,main_short,0.0,0.0
0.6742073247604639,0.7545858547655068,0.34768185829551185,0.3459290828659048,0.05446293494704992,0.011094301563287947,0.0,0.19697220563013318,0.49148254429389754,0.905446293494705,1.0,43.529729261220375,0.04043746848209783,0.9722222222222222,0.9722222222222222,36,35,460.74140623588863,9.30565320417731,2021.7349104694217,0,27,0.0,6153,sensor_fault,7006,fungal,24bfb8b9aac5b87f9f268595cf4462964bd3a01da9d8089f51ed740d780fee86,5772c05e39ffe56db9fe4d550c615751b591862ac0732ff00bde5b9c136479f3,e50a8f604f3eb720441c0958,14.92175614100006,f000d324411431a807bac72657424c44472cc457a2b2f856442e941850c00046,0.5260416666666666,0.08623298033282904,main_short,27.0,2.7
0.7833364113214426,0.8227878675247927,0.4833252519141889,0.48462173206033543,0.4296520423600605,0.007312153303076147,0.0,0.09235187758161262,0.34800427054218924,1.0,1.0,34.319316540395796,0.04254283038214755,0.9166666666666666,0.9444444444444444,36,33,531.9584089252858,14.615021298933605,1456.2437308644753,0,53,0.0,11139,moving_front,7012,fungal,24bfb8b9aac5b87f9f268595cf4462964bd3a01da9d8089f51ed740d780fee86,760400fc1b0b776e9c52ee32311a1069b16aa52520e6f2d9a36a2dd8b57f7ebd,e5efe6a11a7fefb6bb30cc38,17.121069858000055,f000d324411431a807bac72657424c44472cc457a2b2f856442e941850c00046,0.4286180160791949,0.1346444780635401,main_short,53.0,5.25
0.32748676248108927,0.4657242813918306,0.2580607034795764,0.25869746601180676,0.10136157337367625,0.3333333333333333,0.028744326777609682,0.0481592811971077,0.2383988324239096,1.0,1.0,140.0011425239536,0.3149189989914271,0.4444444444444444,0.6666666666666666,36,16,448.2378018744905,8.291870725045182,1810.6242818362366,0,29,0.0,4810,storm,7010,fungal,24bfb8b9aac5b87f9f268595cf4462964bd3a01da9d8089f51ed740d780fee86,c0265f2f5da1b8f1e6334a7d1da15d24852be86831d4583cf0a020b238d73be2,e6c7c06c5411a21109006bc8,13.59809161599992,f000d324411431a807bac72657424c44472cc457a2b2f856442e941850c00046,0.0,0.7095310136157338,main_short,29.0,2.7333333333333334
0.3632753403933434,0.48342946293494704,0.27114063287947554,0.27096486389201985,0.16792738275340394,0.18204740292486132,0.02218860312657589,0.08546205575571823,0.19141480290110388,1.0,1.0,138.183386913767,0.33910898890569835,0.5277777777777778,0.5555555555555556,36,19,779.4200653844587,12.446487647446741,1735.7791903531029,0,9,0.0,6574,storm,7009,adaptive,24bfb8b9aac5b87f9f268595cf4462964bd3a01da9d8089f51ed740d780fee86,956a9ceb80df2feb4bb3b76f79213a7f0cb93b60e4835d44d36852e549355e78,e7517d9a9f7e1fa618147dbb,6.507683528000143,f000d324411431a807bac72657424c44472cc457a2b2f856442e941850c00046,0.0,0.6928895612708018,main_short,,
0.738692952597075,0.7942274962178516,0.40649426374180525,0.4065209927719059,0.1043872919818457,0.009581442259203227,0.0,0.16901940355390882,0.3968582522148169,0.9445284921835602,1.0,34.85505704740292,0.02377237771053959,1.0,1.0,36,36,442.97873613240967,3.0992032091681874,2121.666918200198,0,0,0.0,7428,sensor_fault,7018,static_tuned,24bfb8b9aac5b87f9f268595cf4462964bd3a01da9d8089f51ed740d780fee86,20cbee7be12f3041b6f80dfbab6cf06c7cd24e2dceeb098a373acea1952196d8,e7f5bce3e081e15de83f1aaa,12.295535413999914,f000d324411431a807bac72657424c44472cc457a2b2f856442e941850c00046,0.6197916666666666,0.030257186081694403,main_short,0.0,0.0
0.8206715758926025,0.8653990604764668,0.5204954638457006,0.5220259299441943,0.35703479576399394,0.0045385779122541605,0.0,0.13175545752188575,0.3876222805530059,1.0,1.0,27.55739420700528,0.028923990518899094,1.0,1.0,36,36,520.1256604063518,13.948572216125656,1598.738659333467,0,50,0.0,10037,moving_front,7014,fungal,24bfb8b9aac5b87f9f268595cf4462964bd3a01da9d8089f51ed740d780fee86,358f3d3ac5e4c7943da7c4ded7230c7e4afe2570f3a3d3555871e5543b789f00,e831d6792e25544df12e8e3d,15.545561989000134,f000d324411431a807bac72657424c44472cc457a2b2f856442e941850c00046,0.5362573725829383,0.07715582450832073,main_short,50.0,5.0
0.7420144190828658,0.8047447342754727,0.46542238657194207,0.466811865902024,0.31316187594553707,0.016893595562279373,0.0,0.12227077577093928,0.18352858015943838,1.0,1.0,39.093216927616105,0.04757274170756788,0.9444444444444444,0.9722222222222222,36,34,520.4326996514282,13.983223789312957,1503.3599939373207,0,53,0.0,9217,moving_front,7013,deadline_fusion,24bfb8b9aac5b87f9f268595cf4462964bd3a01da9d8089f51ed740d780fee86,0aace0ec30ee371a7c2663e2411d8b6b713bd3c12b78091846cea85ee9e6f3b4,e8ca1e1a725d9f65448bf361,42.549523476999866,f000d324411431a807bac72657424c44472cc457a2b2f856442e941850c00046,0.35278123601223954,0.2178517397881997,main_short,53.0,5.3
0.6776585350479072,0.7708569717599595,0.38931700706001005,0.3893521921669236,0.024205748865355523,0.021936459909228437,0.0,0.16792043331912873,0.41970555543384264,0.9659606656580938,1.0,44.2995146243066,0.043825642965204234,0.9722222222222222,0.9722222222222222,36,35,442.9348622573392,3.0858580173631736,2122.508792301924,0,0,0.0,5390,sensor_fault,7015,static_tuned,24bfb8b9aac5b87f9f268595cf4462964bd3a01da9d8089f51ed740d780fee86,b549dfc41676c63078393edb7074f42e4f0927a271f4a7ecca93c1f6bdaa8078,e95c7f0e0fa3b8c7d27e4e34,10.515669790000175,f000d324411431a807bac72657424c44472cc457a2b2f856442e941850c00046,0.5260416666666666,0.06959152798789713,main_short,0.0,0.0
0.740150655572365,0.7857413010590015,0.40011976802824,0.4004715027056305,0.1875945537065053,0.002773575390821987,0.0,0.1992653592327797,0.484236148956627,0.9735249621785174,1.0,37.03266830559758,0.03362172213817448,0.9722222222222222,0.9722222222222222,36,35,442.9156671031252,3.064938514767003,2121.648817978981,0,0,0.0,8876,sensor_fault,7008,static_tuned,24bfb8b9aac5b87f9f268595cf4462964bd3a01da9d8089f51ed740d780fee86,61fbc2c3c47ea0b2f394bf19d5d944ff33916305affd279efd1232b2237e443b,e9d60e85a22be4060bf9ef76,5.115076140999918,f000d324411431a807bac72657424c44472cc457a2b2f856442e941850c00046,0.6093749999999999,0.03177004538577912,main_short,0.0,0.0
0.6756457412752506,0.785717422930174,0.4705342824259869,0.4706016365291132,0.15431164901664146,0.055471507816439745,0.0005042864346949066,0.11983081884208632,0.24805049220766523,0.9974785678265256,1.0,51.89141479394242,0.0718467754964823,0.8611111111111112,0.9166666666666666,36,31,2168.5739212886087,43.05615254725662,909.2904399343942,0,12,0.0,7185,moving_front,7019,adaptive,24bfb8b9aac5b87f9f268595cf4462964bd3a01da9d8089f51ed740d780fee86,7fc013544a2434726446cf0cb1c220e784a923ebb4fc53407d1bf1d9ae765b5f,e9f49d314522897cb1a5983d,8.38173160600013,f000d324411431a807bac72657424c44472cc457a2b2f856442e941850c00046,0.20907762740030855,0.3010590015128593,main_short,,
0.3429778113968734,0.4821845057992939,0.27326809127584467,0.2737155784410672,0.09228441754916793,0.3454362077660111,0.04815935451336358,0.06477353100110014,0.2734370115468845,1.0,1.0,137.76037726928897,0.30592851739788196,0.4722222222222222,0.6944444444444444,36,17,432.16695256565805,8.408280894221999,1524.241467290625,0,33,0.0,4590,storm,7000,fungal,24bfb8b9aac5b87f9f268595cf4462964bd3a01da9d8089f51ed740d780fee86,5f8536aad221b558feae01abd9e48012ffd43f0d986448ef31076303591affbe,eb0f236dd498e9e9bad164e2,15.01230775299996,f000d324411431a807bac72657424c44472cc457a2b2f856442e941850c00046,0.0,0.7019667170953101,main_short,33.0,3.25
0.7173789712556732,0.796961674230963,0.41557141956631366,0.416863642845543,0.025718608169440244,0.0073121533030761484,0.0,0.18999055331296694,0.48873936925125877,1.0,1.0,39.377127458396366,0.03676563287947554,0.9166666666666666,0.9166666666666666,36,33,442.613258845312,9.450685524392162,2012.4279979386445,0,47,0.0,5287,sensor_fault,7000,economic,24bfb8b9aac5b87f9f268595cf4462964bd3a01da9d8089f51ed740d780fee86,5f8536aad221b558feae01abd9e48012ffd43f0d986448ef31076303591affbe,eb3676b5b9e925b6840f9a77,18.46562297100013,f000d324411431a807bac72657424c44472cc457a2b2f856442e941850c00046,0.5781249999999999,0.04084720121028744,main_short,47.0,4.683333333333334
0.7761002641496499,0.8134523378131265,0.46299877623473595,0.4641911122067622,0.3812405446293495,0.003277861825516894,0.0,0.09305750497232064,0.24797988562436066,1.0,1.0,35.881605404769,0.04259168077487823,0.9722222222222222,0.9722222222222222,36,35,512.6570412367486,12.472597499907277,1452.9079956215246,0,45,0.0,10360,moving_front,7003,deadline_fusion,24bfb8b9aac5b87f9f268595cf4462964bd3a01da9d8089f51ed740d780fee86,ddbf34503eff23fbcd394039890145ec197c5f33f339d9222c1ea54ac42702a6,ebb5abb713a97dbac8a130b7,39.25345438199997,f000d324411431a807bac72657424c44472cc457a2b2f856442e941850c00046,0.4452690802256886,0.12556732223903178,main_short,45.0,4.466666666666667
0.40561964195663136,0.5186743570347957,0.3026821734745335,0.3013773101571872,0.1573373676248109,0.14826021180030258,0.00680786686838124,0.04294316037500129,0.3795801054091128,1.0,1.0,123.09568835098335,0.2854812783661119,0.6944444444444444,0.7222222222222222,36,25,1128.3549060087917,21.30529919002031,1699.7196228256264,0,13,0.0,6779,storm,7014,adaptive,24bfb8b9aac5b87f9f268595cf4462964bd3a01da9d8089f51ed740d780fee86,ac5fa5d877e58450b21b5619aadcad71ab1db9e7cd210fd1cd516ef4a934c028,ec1552c64721f407d018a5a8,9.657782860999987,f000d324411431a807bac72657424c44472cc457a2b2f856442e941850c00046,0.06770833333333333,0.6747352496217852,main_short,,
0.3711469364599092,0.5206363464447806,0.2889561270801815,0.28877639364255975,0.2102874432677761,0.28139183055975797,0.020423600605143716,0.03349689084684744,0.17899711989558775,1.0,1.0,123.64291792738275,0.2728741174987393,0.5555555555555556,0.75,36,20,443.2673638702285,3.4424350008747813,2119.488207159875,0,0,0.0,6996,storm,7002,static_tuned,24bfb8b9aac5b87f9f268595cf4462964bd3a01da9d8089f51ed740d780fee86,fb367cc0d79aa8d9c98eb2a529262d3fdb12211bf1a4b9a1df875515bb387ab8,ec242f16405c2ac797724aa7,5.927455228000099,f000d324411431a807bac72657424c44472cc457a2b2f856442e941850c00046,0.0,0.6928895612708018,main_short,0.0,0.0
0.7557835350479072,0.7950469616742307,0.3923190872415531,0.3923960824215352,0.21482602118003025,0.0007564296520423601,0.0,0.19608934336471964,0.40252610688480656,0.9094805849722641,1.0,33.63759928139183,0.025600416036308624,0.9444444444444444,0.9444444444444444,36,34,443.0743816678055,3.094076358523385,2122.19441507881,0,0,0.0,9219,sensor_fault,7009,static_tuned,24bfb8b9aac5b87f9f268595cf4462964bd3a01da9d8089f51ed740d780fee86,956a9ceb80df2feb4bb3b76f79213a7f0cb93b60e4835d44d36852e549355e78,ed0e4abd0438536d3af3a943,5.326430193000306,f000d324411431a807bac72657424c44472cc457a2b2f856442e941850c00046,0.6354166666666666,0.009077155824508321,main_short,0.0,0.0
0.6222262726100107,0.7682907637059759,0.4226649407493644,0.42264316222209036,0.18456883509833585,0.1464952092788704,0.025970751386787696,0.09700543062725518,0.28736416721987107,1.0,1.0,56.32267412126884,0.07091393947204612,0.9444444444444444,0.9722222222222222,36,34,443.8239589101147,7.438359551696585,1709.7427987179276,0,50,0.0,6495,moving_front,7006,recruitment,24bfb8b9aac5b87f9f268595cf4462964bd3a01da9d8089f51ed740d780fee86,ab258b21f7221620284a3215d026dafd75f9efdf5bedb3e529bdff643d2065af,ed0ea0125be91d41a63c3363,14.521816640999987,f000d324411431a807bac72657424c44472cc457a2b2f856442e941850c00046,0.08969807719244458,0.4069591527987897,main_short,50.0,1.6666666666666667
0.5328101361573374,0.7634423852748361,0.39762985375693394,0.39744680152023887,0.0015128593040847202,0.1021180030257186,0.0005042864346949066,0.18086976151466763,0.2616599683068809,0.9467977811396873,1.0,50.763875756429655,0.03014687342410489,0.9722222222222222,1.0,36,35,363.4337417456983,0.9067544163217311,2497.109581653059,0,0,0.0,3051,sensor_fault,7010,fixed_ring,24bfb8b9aac5b87f9f268595cf4462964bd3a01da9d8089f51ed740d780fee86,c0265f2f5da1b8f1e6334a7d1da15d24852be86831d4583cf0a020b238d73be2,ed1762c6ece3c6597836d3c8,4.763540361000196,f000d324411431a807bac72657424c44472cc457a2b2f856442e941850c00046,0.265625,0.3842662632375189,main_short,,
0.6296479483495167,0.8107130619396249,0.464766269067025,0.46525555089861903,0.10892586989409984,0.14397377710539588,0.009581442259203227,0.1296574904975972,0.3644052057895615,1.0,1.0,47.11865263903816,0.038126642870690064,0.8285714285714286,0.8857142857142857,35,29,363.79948662711126,0.8869146591310997,2495.4670924362335,0,0,0.0,5463,moving_front,7001,fixed_ring,24bfb8b9aac5b87f9f268595cf4462964bd3a01da9d8089f51ed740d780fee86,0eaaad553c80db6664d9a551f5b55b53a649071324c5a65ea020b06da777986c,ed6ad78d4ee8db8224d4c544,4.2653225869999005,f000d324411431a807bac72657424c44472cc457a2b2f856442e941850c00046,0.1071664753475029,0.4009077155824508,main_short,,
0.7308221139457658,0.7833319186086543,0.43587466909504813,0.43595428690793464,0.3918305597579425,0.010337871911245586,0.0,0.09236418657573459,0.1861969511169685,1.0,1.0,41.64004770464698,0.051731328718470665,0.9444444444444444,0.9444444444444444,36,34,443.41449911019197,3.072882191842368,2121.278949906385,0,0,0.0,10743,moving_front,7002,static_tuned,24bfb8b9aac5b87f9f268595cf4462964bd3a01da9d8089f51ed740d780fee86,5b23548e342cd0e105b412e1f6ff973e8f388f6fbedb3fc9e75b3089b159ddd9,eeb6f6309ce51e18bdb5e8e3,5.7211597900000015,f000d324411431a807bac72657424c44472cc457a2b2f856442e941850c00046,0.4252148276486605,0.19818456883509833,main_short,0.0,0.0
0.7624732097831566,0.7957876323751891,0.40717977811396877,0.40649000433800775,0.24659606656580937,0.0017650025214321732,0.0,0.18245811993939864,0.566934913732998,0.9636913767019667,0.9677256681795261,34.11257406707009,0.030887544125063032,0.9166666666666666,0.9166666666666666,36,33,423.1619617489456,6.240674350055011,1850.6932434552791,0,49,0.0,9849,sensor_fault,7012,recruitment,24bfb8b9aac5b87f9f268595cf4462964bd3a01da9d8089f51ed740d780fee86,6ef10a6f8528f48913779ce02125f8ae67ac504fa24b04f7d539448adf330dc7,ef8611439e13e1865b64b8fa,17.765662780000184,f000d324411431a807bac72657424c44472cc457a2b2f856442e941850c00046,0.6666666666666666,0.01059001512859304,main_short,49.0,1.7
0.6927319717599596,0.7679415658093797,0.3694764876449823,0.36972841012210134,0.11800302571860817,0.018910741301059002,0.0,0.2227573804901325,0.4646280607103191,0.8908219868885526,0.9876449823499749,40.44377206253151,0.02907526475037821,0.9444444444444444,0.9722222222222222,36,34,481.50083159540003,11.127991148113129,1790.186876298839,0,38,0.0,7344,sensor_fault,7019,deadline_fusion,24bfb8b9aac5b87f9f268595cf4462964bd3a01da9d8089f51ed740d780fee86,12c2676d5d2da4bfdacb5c9a6312d12b90a39b080a71ade938e7b16bbaabf086,f0de1f8081f7fd031a70473c,47.981568898000205,f000d324411431a807bac72657424c44472cc457a2b2f856442e941850c00046,0.5625,0.07261724659606657,main_short,38.0,3.783333333333333
0.6902825073283851,0.8053164896123455,0.455339072801413,0.45567462849460993,0.1800302571860817,0.0869894099848714,0.0012607160867372667,0.07737338675363215,0.32582915832687154,1.0,1.0,43.491492309961714,0.04689999627480946,0.8888888888888888,0.8888888888888888,36,32,508.0235801920591,12.76009535078648,1486.5503604899104,0,48,0.0,6892,moving_front,7017,deadline_fusion,24bfb8b9aac5b87f9f268595cf4462964bd3a01da9d8089f51ed740d780fee86,897c3ea0ca4def7c92d6c5bc4c681216da15d36377736736da162a96b99c0650,f169e99e846755dc61a76d46,47.332632369000066,f000d324411431a807bac72657424c44472cc457a2b2f856442e941850c00046,0.22878359831248346,0.29652042360060515,main_short,48.0,4.75
0.7269604135148763,0.7678470121028743,0.3754018532526474,0.37445976601731423,0.12556732223903178,0.0002521432173474533,0.0,0.18064356744347146,0.2957211853371022,0.9087241553202219,1.0,37.70120240796772,0.028665532022188606,0.9444444444444444,0.9444444444444444,36,34,443.14070766727815,3.0981691969197183,2121.755581043551,0,0,0.0,8244,sensor_fault,7004,static_tuned,24bfb8b9aac5b87f9f268595cf4462964bd3a01da9d8089f51ed740d780fee86,1ffbd60f44c9f81edacbd6236060262a241240e41dabbe8776c51fac2266503a,f20d747412a136213dd0a92b,6.971768303000317,f000d324411431a807bac72657424c44472cc457a2b2f856442e941850c00046,0.609375,0.015128593040847202,main_short,0.0,0.0
0.3289917423096318,0.47754349470499236,0.27680597579425115,0.2771724197289391,0.07110438729198185,0.2831568330811901,0.06555723651033786,0.07994420573091732,0.3304808917888273,1.0,1.0,146.8645990922844,0.3527877584467978,0.6111111111111112,0.7222222222222222,36,22,878.8140419018907,15.687192018588682,1720.5752285960812,0,9,0.0,4356,storm,7017,adaptive,24bfb8b9aac5b87f9f268595cf4462964bd3a01da9d8089f51ed740d780fee86,fded3c51bb367e0df8af6f8249b634fefe0cc389845c26618e90a9b29d9c3139,f272a50f0812030b79b68ada,6.57005312199999,f000d324411431a807bac72657424c44472cc457a2b2f856442e941850c00046,0.0,0.7231467473524962,main_short,,
0.7603221129601613,0.8194575769036812,0.427209404942007,0.4278897945512536,0.06656580937972768,0.009077155824508321,0.0,0.1993711292620789,0.42401065120357656,0.8908219868885526,1.0,33.75685514372164,0.02768847705496722,0.9166666666666666,0.9444444444444444,36,33,455.8899958794989,11.12794790323027,1832.047758298494,0,55,0.0,6845,sensor_fault,7005,economic,24bfb8b9aac5b87f9f268595cf4462964bd3a01da9d8089f51ed740d780fee86,e5eb0adce92def657b42daaff1168729498af6b7f7eacaec91555308393fbb04,f276a2290911a3d323dc145f,15.099280349999844,f000d324411431a807bac72657424c44472cc457a2b2f856442e941850c00046,0.6145833333333333,0.04084720121028744,main_short,55.0,5.433333333333334
0.645711729846245,0.8109418217135717,0.4848527210274753,0.48615629543429784,0.11649016641452345,0.16011094301563286,0.0032778618255168935,0.11584159307472751,0.19532468572172149,1.0,1.0,49.10889902129579,0.054368054946228234,0.8055555555555556,0.8611111111111112,36,29,363.80181961338405,0.9023011742388092,2496.444277675633,0,0,0.0,5545,moving_front,7009,fixed_ring,24bfb8b9aac5b87f9f268595cf4462964bd3a01da9d8089f51ed740d780fee86,6e2d005a512f8f795588b53a08d35435fd833e215d9a9396f9ada02b8104fa48,f28464a4840c25089dbf7046,4.8761427580000145,f000d324411431a807bac72657424c44472cc457a2b2f856442e941850c00046,0.09182742285803464,0.3767019667170953,main_short,,
0.2790989031770045,0.5581032526475038,0.314989914271306,0.3155037838326512,0.0832072617246596,0.6053958648512354,0.3560262228946041,0.06440705593160165,0.23762141349077318,1.0,1.0,158.16849470499244,0.3378719112455874,0.3333333333333333,0.6666666666666666,36,12,363.9393984686995,1.2280297116589958,2492.6798629850405,0,0,0.0,3798,storm,7010,fixed_ring,24bfb8b9aac5b87f9f268595cf4462964bd3a01da9d8089f51ed740d780fee86,c0265f2f5da1b8f1e6334a7d1da15d24852be86831d4583cf0a020b238d73be2,f3193167ed9fef2602c8775e,4.757097839999915,f000d324411431a807bac72657424c44472cc457a2b2f856442e941850c00046,0.0,0.7428139183055976,main_short,,
0.7517650025214321,0.8072522692889561,0.40786529248613207,0.40832083596302643,0.14977307110438728,0.011598587997982855,0.0,0.21419976924590842,0.4878628309490882,0.8940998487140696,1.0,32.88436081694402,0.026025907715582452,0.9428571428571428,0.9428571428571428,35,33,441.292396585364,10.066845989880168,1941.6419773741727,0,51,0.0,8334,sensor_fault,7001,economic,24bfb8b9aac5b87f9f268595cf4462964bd3a01da9d8089f51ed740d780fee86,9b5a428363b62ad024a6d518c6bdc283191d1cf8739502f5298786104f688bf6,f3f3104bb66c3e7934908699,18.008045638999874,f000d324411431a807bac72657424c44472cc457a2b2f856442e941850c00046,0.6145833333333333,0.03328290468986384,main_short,51.0,5.1
0.48119169188098826,0.7816991301059,0.4198657337367625,0.41928703257553773,0.0015128593040847202,0.16364094805849722,0.0,0.1851473152193607,0.42058724070689274,0.9450327786182551,1.0,56.191691880988394,0.0438965582450832,0.9444444444444444,0.9722222222222222,36,34,363.43358218768356,0.8990930870305694,2497.1785382493804,0,0,0.0,2339,sensor_fault,7015,fixed_ring,24bfb8b9aac5b87f9f268595cf4462964bd3a01da9d8089f51ed740d780fee86,b549dfc41676c63078393edb7074f42e4f0927a271f4a7ecca93c1f6bdaa8078,f415d38f05adb23d8ff7557f,9.145874170000297,f000d324411431a807bac72657424c44472cc457a2b2f856442e941850c00046,0.234375,0.518910741301059,main_short,,
0.7847962700697826,0.8545350705870494,0.5157274373859342,0.5165503609335791,0.3177004538577912,0.045890065557236515,0.004034291477559253,0.13286235314074168,0.3918034220732136,1.0,1.0,31.160487125403733,0.033714022620093126,0.9722222222222222,0.9722222222222222,36,35,452.90236701319566,7.786731621784228,1432.2489487541818,0,53,0.0,9082,moving_front,7014,recruitment,24bfb8b9aac5b87f9f268595cf4462964bd3a01da9d8089f51ed740d780fee86,358f3d3ac5e4c7943da7c4ded7230c7e4afe2570f3a3d3555871e5543b789f00,f45d5e568329413d9d374795,17.28337211400003,f000d324411431a807bac72657424c44472cc457a2b2f856442e941850c00046,0.4311373106662641,0.13767019667170954,main_short,53.0,1.7666666666666666
0.7185451336359051,0.7656249999999999,0.3916414523449319,0.3913237111041485,0.22390317700453857,0.0030257186081694403,0.0,0.20017166078379933,0.35302348690281626,0.9099848714069592,1.0,41.420511850731216,0.04690651790216843,0.9722222222222222,0.9722222222222222,36,35,413.91643995168243,6.239063148122359,1889.3447252044966,0,50,0.0,9439,sensor_fault,7002,greedy_sparse,24bfb8b9aac5b87f9f268595cf4462964bd3a01da9d8089f51ed740d780fee86,fb367cc0d79aa8d9c98eb2a529262d3fdb12211bf1a4b9a1df875515bb387ab8,f4a2303618b86d93f7aa7623,15.433740440999827,f000d324411431a807bac72657424c44472cc457a2b2f856442e941850c00046,0.5989583333333333,0.036308623298033284,main_short,50.0,1.6666666666666667
0.6871956067036494,0.8188398132071488,0.4644707659772173,0.46433751236051196,0.1815431164901664,0.11346444780635401,0.00680786686838124,0.10684703187600367,0.349019403307464,1.0,1.0,41.54926643342084,0.03701146436842055,0.9444444444444444,0.9722222222222222,36,34,363.7968453952211,0.8836192952962778,2495.8782363401533,0,0,0.0,6794,moving_front,7012,fixed_ring,24bfb8b9aac5b87f9f268595cf4462964bd3a01da9d8089f51ed740d780fee86,760400fc1b0b776e9c52ee32311a1069b16aa52520e6f2d9a36a2dd8b57f7ebd,f4ce8b8735d8a1313ee010cc,5.9389248029999635,f000d324411431a807bac72657424c44472cc457a2b2f856442e941850c00046,0.20006519742176634,0.2783661119515885,main_short,,
0.6405777231467472,0.7905871785173979,0.4129948310640443,0.41308640249141454,0.01361573373676248,0.03126575895108421,0.0,0.20890954155925687,0.4028632620461811,0.8908219868885526,1.0,41.426382060010084,0.02445789208270297,0.9166666666666666,0.9166666666666666,36,33,363.42975813978774,0.9001787596435313,2497.194215000505,0,0,0.0,4306,sensor_fault,7009,fixed_ring,24bfb8b9aac5b87f9f268595cf4462964bd3a01da9d8089f51ed740d780fee86,956a9ceb80df2feb4bb3b76f79213a7f0cb93b60e4835d44d36852e549355e78,f654eeef195f5359ce3c7248,5.204034524000235,f000d324411431a807bac72657424c44472cc457a2b2f856442e941850c00046,0.4375,0.15279878971255673,main_short,,
0.6764266354179307,0.7688657368008449,0.4194286158210275,0.4179504453924904,0.1800302571860817,0.04261220373171961,0.0,0.0897901506918056,0.29215746549853133,1.0,1.0,49.190821022031166,0.06708607914221301,0.9444444444444444,0.9444444444444444,36,34,503.6970174106227,12.983167028556851,1537.847528772636,0,53,0.0,7038,moving_front,7006,economic,24bfb8b9aac5b87f9f268595cf4462964bd3a01da9d8089f51ed740d780fee86,ab258b21f7221620284a3215d026dafd75f9efdf5bedb3e529bdff643d2065af,f9232394539849dd648a29e0,15.527605768000058,f000d324411431a807bac72657424c44472cc457a2b2f856442e941850c00046,0.21797791418859822,0.3373676248108926,main_short,53.0,5.216666666666667
0.633549230963187,0.7731420196671709,0.40979576399394857,0.41184105105065927,0.01059001512859304,0.04336863338376197,0.0,0.20551248733371366,0.46753997412759024,0.9359556227937468,0.962178517397882,46.98483988905698,0.04310861069087241,0.9444444444444444,0.9444444444444444,36,34,363.43366689176486,0.9136360514995779,2497.3048137692767,0,0,0.0,4097,sensor_fault,7013,fixed_ring,24bfb8b9aac5b87f9f268595cf4462964bd3a01da9d8089f51ed740d780fee86,7566b3dd58ba1b4b73cead9a88da4a0d93430742ea574afa5e3d674dbfd7a1c5,f9385ff2dcc56ffe87d51f6a,5.500585730000239,f000d324411431a807bac72657424c44472cc457a2b2f856442e941850c00046,0.42708333333333326,0.1664145234493192,main_short,,
0.7782951966717095,0.8129885274836105,0.41349123802319715,0.41342041224535986,0.18305597579425115,0.0,0.0,0.18674850785797883,0.4380656728040855,0.9624306606152294,1.0,28.1590393343419,0.01289870146243066,0.9722222222222222,0.9722222222222222,36,35,434.7589994816726,9.257008457606767,1878.8318825280533,0,51,0.0,8779,sensor_fault,7003,economic,24bfb8b9aac5b87f9f268595cf4462964bd3a01da9d8089f51ed740d780fee86,7bba1255199adfdb1a1ba0c529b8275f13780540abed81a608a55c16f4b1390f,f95a16afe4b1e3da5410e4c5,15.702137356000094,f000d324411431a807bac72657424c44472cc457a2b2f856442e941850c00046,0.6354166666666666,0.006051437216338881,main_short,51.0,5.0
0.36441786434694906,0.5465755799293998,0.2955906454866363,0.29655695101970697,0.1815431164901664,0.34896621280887546,0.030257186081694403,0.06040685428829361,0.3656869286661045,1.0,1.0,119.03610375693393,0.23186144730206756,0.5714285714285714,0.6285714285714286,35,20,443.24455938473824,3.4031025488635667,2119.749510717005,0,0,0.0,6003,storm,7001,static_tuned,24bfb8b9aac5b87f9f268595cf4462964bd3a01da9d8089f51ed740d780fee86,9b5a428363b62ad024a6d518c6bdc283191d1cf8739502f5298786104f688bf6,f9e6cb87f5ca7c7f777c0af7,6.5585425540000415,f000d324411431a807bac72657424c44472cc457a2b2f856442e941850c00046,0.0,0.6883509833585476,main_short,0.0,0.0
0.403405509329299,0.4720199823499748,0.2611809757942511,0.26082383201787457,0.19213313161875945,0.07438224911749873,0.0,0.07821815858795679,0.35031726261578483,1.0,1.0,129.26661781391832,0.3148165658093797,0.7777777777777778,0.7777777777777778,36,28,483.1976594880974,11.484792456264405,1376.0488984226868,0,37,0.0,7813,storm,7012,fungal,24bfb8b9aac5b87f9f268595cf4462964bd3a01da9d8089f51ed740d780fee86,6ef10a6f8528f48913779ce02125f8ae67ac504fa24b04f7d539448adf330dc7,fb078a2ff7e349a150c9c2b9,16.93410505299994,f000d324411431a807bac72657424c44472cc457a2b2f856442e941850c00046,0.07291666666666666,0.6777609682299546,main_short,37.0,3.683333333333333
0.8194468334220391,0.8585099806990812,0.5175836448613065,0.5176685450940828,0.3842662632375189,0.004286434694906706,0.0,0.12755971321673498,0.3910262833729165,1.0,1.0,29.55157766115974,0.037397551791007615,0.9722222222222222,0.9722222222222222,36,35,515.9453979141277,13.670146514260592,1406.9041000801517,0,52,0.0,10339,moving_front,7014,deadline_fusion,24bfb8b9aac5b87f9f268595cf4462964bd3a01da9d8089f51ed740d780fee86,358f3d3ac5e4c7943da7c4ded7230c7e4afe2570f3a3d3555871e5543b789f00,fbe5c71b8a8dfc7afe151c38,47.27691618000017,f000d324411431a807bac72657424c44472cc457a2b2f856442e941850c00046,0.5409299447173498,0.06656580937972768,main_short,52.0,5.2
0.33170228189611695,0.4868964321734745,0.2730238275340393,0.2723233360335523,0.1346444780635401,0.33787191124558746,0.017902168431669186,0.05607443222756329,0.39530693982416876,1.0,1.0,134.58471224155318,0.2932110438729198,0.7222222222222222,0.8333333333333334,36,26,452.57145712888666,8.922218886939305,1748.226250581898,0,31,0.0,5250,storm,7018,fungal,24bfb8b9aac5b87f9f268595cf4462964bd3a01da9d8089f51ed740d780fee86,20cbee7be12f3041b6f80dfbab6cf06c7cd24e2dceeb098a373acea1952196d8,fbf261374eaa0c6846af6577,15.24031758000001,f000d324411431a807bac72657424c44472cc457a2b2f856442e941850c00046,0.0,0.7216338880484114,main_short,31.0,2.966666666666667
0.6967583837619767,0.7892003908219868,0.4025860438729198,0.40287593020468604,0.02723146747352496,0.024205748865355523,0.0,0.17560211436846054,0.39674243808372406,0.962178517397882,1.0,38.611006051437215,0.02669566313666162,0.9444444444444444,0.9444444444444444,36,34,432.3956418914194,9.67456933896395,1986.7921819515166,0,54,0.0,5681,sensor_fault,7007,economic,24bfb8b9aac5b87f9f268595cf4462964bd3a01da9d8089f51ed740d780fee86,b9aa9c192ff362205c201c037cc4f3c7c2aba8b7e0c4fd0ef068255fea54f756,fda1d876365bc0ebc6426a22,11.953457866000008,f000d324411431a807bac72657424c44472cc457a2b2f856442e941850c00046,0.5208333333333333,0.0907715582450832,main_short,54.0,5.383333333333334
0.5348362472627712,0.7830176394539062,0.4337548734560447,0.4329497356958819,0.03479576399394856,0.24684820978315686,0.039586485123550175,0.09413880493017383,0.2899431005534741,1.0,1.0,64.30676499016838,0.06962665930179704,0.8888888888888888,0.9444444444444444,36,32,363.80205640293747,0.8968762013458568,2496.4609191010964,0,0,0.0,3639,moving_front,7006,fixed_ring,24bfb8b9aac5b87f9f268595cf4462964bd3a01da9d8089f51ed740d780fee86,ab258b21f7221620284a3215d026dafd75f9efdf5bedb3e529bdff643d2065af,fe4b27fcba4af4c94bf96a83,5.231276419000096,f000d324411431a807bac72657424c44472cc457a2b2f856442e941850c00046,0.03685472232201805,0.48411497730711045,main_short,,
0.6396676965552963,0.8190650348138644,0.4901164638076915,0.4901481786219581,0.07715582450832073,0.18129097327281896,0.005042864346949067,0.0941647623969676,0.2567837188051883,1.0,1.0,51.747949865713245,0.058486475627986284,0.9166666666666666,0.9166666666666666,36,33,363.80626285239583,0.9096234416238388,2495.870534138916,0,0,0.0,4857,moving_front,7004,fixed_ring,24bfb8b9aac5b87f9f268595cf4462964bd3a01da9d8089f51ed740d780fee86,33909bb95a53710954872d70bc5591af92a450651324e9fef7a21e0a1cd4da1e,fe71afa16c5c0884c382e77a,4.67663695300007,f000d324411431a807bac72657424c44472cc457a2b2f856442e941850c00046,0.08204594710679497,0.3358547655068079,main_short,,
0.7290214549829241,0.8144294726393968,0.49248822179904655,0.4917920898818807,0.1951588502269289,0.030257186081694396,0.0020171457387796266,0.10353639128829457,0.17661899720281818,1.0,1.0,42.676034414513175,0.06022453022857729,0.9444444444444444,0.9444444444444444,36,34,2273.1706212411354,45.528936524049655,1063.4513384150905,0,16,0.0,8307,moving_front,7013,adaptive,24bfb8b9aac5b87f9f268595cf4462964bd3a01da9d8089f51ed740d780fee86,0aace0ec30ee371a7c2663e2411d8b6b713bd3c12b78091846cea85ee9e6f3b4,fe8f3a484fd09f6871004c53,9.166475771000023,f000d324411431a807bac72657424c44472cc457a2b2f856442e941850c00046,0.3539489630658816,0.18456883509833585,main_short,,
0.7357156994668149,0.8002893796851137,0.44925010671155374,0.44974960487520504,0.3540090771558245,0.06631366616238023,0.0027735753908219867,0.08202133645619968,0.25047198473847826,1.0,1.0,41.36044767694731,0.053845227532622955,0.9444444444444444,0.9444444444444444,36,34,455.3719931895771,7.565632209204757,1389.1966215653213,0,53,0.0,9381,moving_front,7003,recruitment,24bfb8b9aac5b87f9f268595cf4462964bd3a01da9d8089f51ed740d780fee86,ddbf34503eff23fbcd394039890145ec197c5f33f339d9222c1ea54ac42702a6,fecad1f5219eb8f231d004f2,14.908329917999936,f000d324411431a807bac72657424c44472cc457a2b2f856442e941850c00046,0.3425207625687831,0.2254160363086233,main_short,53.0,1.7833333333333334
0.35835854765506797,0.5154437720625314,0.28431511598587994,0.2843081128883665,0.12254160363086233,0.3086232980332829,0.01588502269288956,0.08252117439214987,0.1950052641891094,1.0,1.0,127.18135400907715,0.2701163010590015,0.6111111111111112,0.6944444444444444,36,22,419.33760024938056,5.888900604632967,1616.8145533781242,0,42,0.0,5331,storm,7009,recruitment,24bfb8b9aac5b87f9f268595cf4462964bd3a01da9d8089f51ed740d780fee86,956a9ceb80df2feb4bb3b76f79213a7f0cb93b60e4835d44d36852e549355e78,ffc13a5c19a7ef820285bc35,13.91259747700019,f000d324411431a807bac72657424c44472cc457a2b2f856442e941850c00046,0.026041666666666664,0.6944024205748865,main_short,42.0,1.6333333333333333
0.6903838880484114,0.7851109430156328,0.39435987140695905,0.39391921220587744,0.03479576399394856,0.0226928895612708,0.0,0.16493695360553548,0.3618563595838509,0.9715078164397379,1.0,37.996446356530505,0.022141326273323245,0.9722222222222222,0.9722222222222222,36,35,442.918501497535,3.0959928416734974,2121.9512126971326,0,0,0.0,5722,sensor_fault,7017,static_tuned,24bfb8b9aac5b87f9f268595cf4462964bd3a01da9d8089f51ed740d780fee86,fded3c51bb367e0df8af6f8249b634fefe0cc389845c26618e90a9b29d9c3139,ffde7adbac87402b39d4717f,5.925888312000097,f000d324411431a807bac72657424c44472cc457a2b2f856442e941850c00046,0.49999999999999994,0.10136157337367625,main_short,0.0,0.0
