accepted_moves,aoi_cap_fraction,calibration_fraction,capped_aoi_s,collision_steps,command_stale,conditional_expected,delivered,delivered_below_half_fraction,delivered_p10,distance_km,early_local_rate,early_report_rate,early_reports,eligible_targets,energy_wh,exogenous_sha256,extension_sha256,graph_connected,local_fresh,mean_recruited_vessels,min_separation_m,observations,offset_interval90,offset_rmse,policy,range_interval90,range_rmse,raw_scan,run_id,runtime_s,scenario,seed,source_sha256,switches,telemetry_stale
38,0.2721019288956127,0.0,134.14606183812404,0,0.08497226424609178,0.29901203135136634,0.3205685829551185,0.7216338880484114,0.0,8.098683958371266,0.8611111111111112,0.6944444444444444,25,36,435.0058916134459,20cbee7be12f3041b6f80dfbab6cf06c7cd24e2dceeb098a373acea1952196d8,f000d324411431a807bac72657424c44472cc457a2b2f856442e941850c00046,0.11649016641452345,0.5288546394351992,3.783333333333333,1453.7311763898538,4787,1.0,0.3953293490974531,economic,1.0,0.06068757283675536,0.29908913262733233,73aa9337bb3e5e966ff0c308,13.827732590000096,storm,7018,24bfb8b9aac5b87f9f268595cf4462964bd3a01da9d8089f51ed740d780fee86,38,0.4354513363590519
,0.03668683812405446,0.0,40.33657179778113,0,0.0,0.344224393244834,0.7110359934442763,0.030257186081694403,0.59375,4.135058269237229,1.0,1.0,36,36,490.77463328777185,20cbee7be12f3041b6f80dfbab6cf06c7cd24e2dceeb098a373acea1952196d8,f000d324411431a807bac72657424c44472cc457a2b2f856442e941850c00046,0.3146747352496218,0.7504727685325263,,1946.666923106023,10500,1.0,0.39835763991095285,adaptive,0.9447806354009077,0.1619211539035557,0.34453006807866865,65f0a650c164cfc5aef9c608,9.004365964000044,sensor_fault,7018,24bfb8b9aac5b87f9f268595cf4462964bd3a01da9d8089f51ed740d780fee86,1,0.007564296520423601
,0.3539854387291982,0.0,158.16565809379728,0,0.3545133635905194,0.3342652742293189,0.30562121785173973,0.7170953101361573,0.0,1.2389729038032384,0.8333333333333334,0.5,18,36,363.9449911550943,50b7b3fbf7cedf803850a0428d40ee1ccc4080b783db00698cf7730c8a755b36,f000d324411431a807bac72657424c44472cc457a2b2f856442e941850c00046,0.13918305597579425,0.5943645990922845,,2493.715356504436,4742,1.0,0.2390287105700572,fixed_ring,1.0,0.06333913277665777,0.33500378214826015,0288702569c2b634417a6581,5.193215330000157,storm,7011,24bfb8b9aac5b87f9f268595cf4462964bd3a01da9d8089f51ed740d780fee86,0,0.588502269288956
18,0.3138079929399899,0.0,143.3223808623298,0,0.049420070600100854,0.24876275625222358,0.32193961169944524,0.7034795763993948,0.0,6.753212339781727,0.5555555555555556,0.3888888888888889,14,36,423.8194035947155,5772c05e39ffe56db9fe4d550c615751b591862ac0732ff00bde5b9c136479f3,f000d324411431a807bac72657424c44472cc457a2b2f856442e941850c00046,0.11800302571860817,0.4621548789712557,1.7666666666666666,1890.2155762176467,4986,1.0,0.29297422417773533,deadline_fusion,1.0,0.06589598815165076,0.24946419566313663,33ee3207f513b138ad5cf2c1,35.286412960999996,storm,7006,24bfb8b9aac5b87f9f268595cf4462964bd3a01da9d8089f51ed740d780fee86,18,0.3996469994957136
49,0.04530690614293604,0.0,46.24459051985382,0,0.031013615733736764,0.4720498146651224,0.6593294749784986,0.3494704992435703,0.11323709193475093,7.0226028499582345,0.9166666666666666,0.9166666666666666,33,36,439.6501167221029,897c3ea0ca4def7c92d6c5bc4c681216da15d36377736736da162a96b99c0650,f000d324411431a807bac72657424c44472cc457a2b2f856442e941850c00046,0.1951588502269289,0.8155879517841341,1.6333333333333333,1771.5538866519626,6429,1.0,0.33000366057600866,greedy_sparse,1.0,0.09230723839922858,0.4728684071693482,62cb1643ac318d713c72f911,16.242785285999844,moving_front,7017,24bfb8b9aac5b87f9f268595cf4462964bd3a01da9d8089f51ed740d780fee86,49,0.16565809379727683
0,0.27454456631366614,0.0,135.29792297024707,0,0.10968229954614221,0.2789390962211985,0.33598083711548155,0.6944024205748865,0.0,3.4267962764435076,0.8055555555555556,0.6388888888888888,23,36,443.2817950345568,12c2676d5d2da4bfdacb5c9a6312d12b90a39b080a71ade938e7b16bbaabf086,f000d324411431a807bac72657424c44472cc457a2b2f856442e941850c00046,0.17246596066565809,0.5273654185577408,0.0,2119.4217048980354,5524,1.0,0.23840128149261855,static_tuned,1.0,0.07115564344202026,0.2793668053454362,61aab532046e013538bd0786,5.363954694999848,storm,7019,24bfb8b9aac5b87f9f268595cf4462964bd3a01da9d8089f51ed740d780fee86,0,0.43267776096822996
,0.026191376701966716,0.0,32.99128530005043,0,0.0,0.3670252247528145,0.7569260590015128,0.028744326777609682,0.6354166666666666,4.1470017377250885,0.9444444444444444,0.9166666666666666,33,36,490.8407013244851,e5eb0adce92def657b42daaff1168729498af6b7f7eacaec91555308393fbb04,f000d324411431a807bac72657424c44472cc457a2b2f856442e941850c00046,0.2481089258698941,0.7936286560766515,,1947.1941379305144,10044,1.0,0.42282250180398173,adaptive,0.9109934442763489,0.20350474414075348,0.3670023323247604,9391d56603c164edc921ffdb,8.664283863000037,sensor_fault,7005,24bfb8b9aac5b87f9f268595cf4462964bd3a01da9d8089f51ed740d780fee86,1,0.0020171457387796266
,0.3514088502269289,0.0,148.85499401159856,0,0.06933938477054967,0.2811871090196443,0.3173852748361068,0.7201210287443268,0.0,16.78195281924557,0.6666666666666666,0.6111111111111112,22,36,913.0719992261695,b549dfc41676c63078393edb7074f42e4f0927a271f4a7ecca93c1f6bdaa8078,f000d324411431a807bac72657424c44472cc457a2b2f856442e941850c00046,0.05446293494704992,0.48659701210287437,,1731.8026383870524,4056,1.0,0.31618358774711436,adaptive,1.0,0.0883619874304628,0.28138395108421577,6816758cc53a25a18bc24d70,12.254679501999817,storm,7015,24bfb8b9aac5b87f9f268595cf4462964bd3a01da9d8089f51ed740d780fee86,11,0.291981845688351
51,0.057783071289699145,0.0,43.21811582619265,0,0.0,0.4565613616871255,0.7221637618563949,0.23903177004538578,0.3882179554134493,7.452301480953228,0.9444444444444444,0.8888888888888888,32,36,446.6312257210726,5b23548e342cd0e105b412e1f6ff973e8f388f6fbedb3fc9e75b3089b159ddd9,f000d324411431a807bac72657424c44472cc457a2b2f856442e941850c00046,0.35703479576399394,0.7929154888282147,1.7,1453.148358608764,9514,1.0,0.18735068429333296,recruitment,1.0,0.09024969718256412,0.45638209552172915,3a86d2f2519146a09069ab24,14.102821459000097,moving_front,7002,24bfb8b9aac5b87f9f268595cf4462964bd3a01da9d8089f51ed740d780fee86,51,0.0416036308623298
34,0.02838187090267272,0.0,39.09531801563288,0,0.0,0.3836160091679962,0.6972626701966715,0.07261724659606657,0.5520833333333333,9.767334913284406,1.0,1.0,36,36,462.2248695478046,c0265f2f5da1b8f1e6334a7d1da15d24852be86831d4583cf0a020b238d73be2,f000d324411431a807bac72657424c44472cc457a2b2f856442e941850c00046,0.0529500756429652,0.7833932173474533,3.4,1808.6585405875144,6402,1.0,0.26293583846712126,deadline_fusion,0.9664649520927886,0.17024454182184004,0.38484934442763485,c3be73c8daacd80bf1802c91,36.78605934300003,sensor_fault,7010,24bfb8b9aac5b87f9f268595cf4462964bd3a01da9d8089f51ed740d780fee86,34,0.019919314170448815
53,0.04946544945496756,0.0,40.26209682856464,0,0.004034291477559253,0.4832920267424506,0.7358469382056593,0.25416036308623297,0.33844137888856596,8.103467017896323,0.9722222222222222,0.9722222222222222,35,36,453.0729353209736,a045df01d14234cb96176801d87713dde0c5b1030233001228c3094e00dd4a73,f000d324411431a807bac72657424c44472cc457a2b2f856442e941850c00046,0.2783661119515885,0.8129868854476591,1.7666666666666666,1550.1390559269246,8245,1.0,0.23880290522736577,greedy_sparse,1.0,0.09408287160718988,0.4856211256043053,49c774f103d9f674de76c7f0,17.790462625999908,moving_front,7011,24bfb8b9aac5b87f9f268595cf4462964bd3a01da9d8089f51ed740d780fee86,53,0.06379223398890568
,0.03416540595057992,0.0,41.52243286686838,0,0.0,0.41623147431421215,0.6894304715078163,0.06959152798789713,0.5416666666666665,0.906298851515332,0.9444444444444444,0.9166666666666666,33,36,363.4354048300562,c01d3e850dcea516d0864d501fedc94fd615e60fababbc941400707247a8bedb,f000d324411431a807bac72657424c44472cc457a2b2f856442e941850c00046,0.03177004538577912,0.783015002521432,,2496.9812993656305,5663,1.0,0.4018049395477669,fixed_ring,1.0,0.16580198709536792,0.4161623802319717,6b1cfd495a5ae2f85a6ec266,6.400880583999879,sensor_fault,7016,24bfb8b9aac5b87f9f268595cf4462964bd3a01da9d8089f51ed740d780fee86,0,0.009833585476550681
,0.05327845744823996,0.0,40.48714374360543,0,0.0,0.4875486176114947,0.746064545555768,0.19969742813918306,0.3725776587327042,45.82352955542174,0.9444444444444444,0.9166666666666666,33,36,2312.5938172806186,ddbf34503eff23fbcd394039890145ec197c5f33f339d9222c1ea54ac42702a6,f000d324411431a807bac72657424c44472cc457a2b2f856442e941850c00046,0.26021180030257185,0.8124938347955366,,690.3876938215724,9308,1.0,0.22842273816144001,adaptive,1.0,0.09338288214114966,0.4877063814168134,77bfa53624c567ddde6c29d5,7.6719095189998825,moving_front,7003,24bfb8b9aac5b87f9f268595cf4462964bd3a01da9d8089f51ed740d780fee86,12,0.016389309127584465
0,0.025600416036308624,0.0,33.63759928139183,0,0.0,0.3923960824215352,0.7557835350479072,0.009077155824508321,0.6354166666666666,3.094076358523385,0.9444444444444444,0.9444444444444444,34,36,443.0743816678055,956a9ceb80df2feb4bb3b76f79213a7f0cb93b60e4835d44d36852e549355e78,f000d324411431a807bac72657424c44472cc457a2b2f856442e941850c00046,0.21482602118003025,0.7950469616742307,0.0,2122.19441507881,9219,1.0,0.40252610688480656,static_tuned,0.9094805849722641,0.19608934336471964,0.3923190872415531,ed0e4abd0438536d3af3a943,5.326430193000306,sensor_fault,7009,24bfb8b9aac5b87f9f268595cf4462964bd3a01da9d8089f51ed740d780fee86,0,0.0007564296520423601
39,0.0259212467515889,0.0,31.760090496973177,0,0.0010085728693898133,0.5107699845153788,0.7640324673211174,0.18910741301059,0.3288592681144532,10.824577455654815,1.0,0.9722222222222222,35,36,490.6488055617095,3112fe2c83524b2f2e2f68f6ce520bfc1f93a616346ad692daac26f7b11e5a4b,f000d324411431a807bac72657424c44472cc457a2b2f856442e941850c00046,0.23751891074130105,0.8604769286520276,3.816666666666667,1593.1704022314743,8017,1.0,0.3060490398666873,fungal,1.0,0.08235995985647725,0.5123614694062403,a6d021573485b7ab82c947ae,17.889221819000113,moving_front,7005,24bfb8b9aac5b87f9f268595cf4462964bd3a01da9d8089f51ed740d780fee86,39,0.051689359556227936
0,0.02575236420238202,0.0,29.53720719979842,0,0.0,0.49604196410091006,0.7902140105314549,0.12102874432677761,0.44998539409927446,3.070871500949439,0.9166666666666666,0.9166666666666666,33,36,443.35867513344203,358f3d3ac5e4c7943da7c4ded7230c7e4afe2570f3a3d3555871e5543b789f00,f000d324411431a807bac72657424c44472cc457a2b2f856442e941850c00046,0.3918305597579425,0.8521910692521414,0.0,2121.5469787658744,10162,1.0,0.38485463590830254,static_tuned,1.0,0.12796622646581476,0.49420202289019355,d888d0d7d7bb8bf51aee9a8a,5.553627301999995,moving_front,7014,24bfb8b9aac5b87f9f268595cf4462964bd3a01da9d8089f51ed740d780fee86,0,0.008825012607160867
50,0.05647909659391067,0.0,40.58022129663297,0,0.0,0.45811196640470503,0.7498688599941941,0.16338880484114976,0.42445047224570503,12.126463696678144,0.9722222222222222,0.9722222222222222,35,36,488.68424612447313,5b23548e342cd0e105b412e1f6ff973e8f388f6fbedb3fc9e75b3089b159ddd9,f000d324411431a807bac72657424c44472cc457a2b2f856442e941850c00046,0.39636913767019666,0.8016761592395779,5.0,1430.760562705362,10593,1.0,0.18999258025822274,economic,1.0,0.09784857144700998,0.4585021720002338,ca0b21e98f40ee30f36c7e75,14.443250790000093,moving_front,7002,24bfb8b9aac5b87f9f268595cf4462964bd3a01da9d8089f51ed740d780fee86,50,0.009077155824508321
50,0.04637461338814379,0.0,40.530778390330056,0,0.007564296520423599,0.5025601221265672,0.7184416660638457,0.2874432677760968,0.2338850906968309,7.42857622872992,0.8888888888888888,0.8888888888888888,32,36,447.71443192511856,43e354cb1fa0a5fed03587ccc8ef089b630912d128abf8941ac224ef282c99e3,f000d324411431a807bac72657424c44472cc457a2b2f856442e941850c00046,0.26626323751891073,0.8263250955643435,1.6666666666666667,1501.2519786946395,7695,1.0,0.4012348081871874,greedy_sparse,1.0,0.0838582659433587,0.500829358643768,e283ee2672d0304ff8ecec88,15.376996313000063,moving_front,7018,24bfb8b9aac5b87f9f268595cf4462964bd3a01da9d8089f51ed740d780fee86,50,0.10060514372163389
50,0.057735067651547664,0.0,46.67247787555074,0,0.0,0.45717524763579515,0.6938933032578565,0.3040847201210287,0.21313684864169896,11.271383816760482,0.9722222222222222,0.9444444444444444,34,36,483.3730085157854,7fc013544a2434726446cf0cb1c220e784a923ebb4fc53407d1bf1d9ae765b5f,f000d324411431a807bac72657424c44472cc457a2b2f856442e941850c00046,0.24357034795763993,0.791711874707458,4.966666666666667,1326.9309929350022,7834,1.0,0.2347306498221535,economic,0.9987392839132628,0.11410669661367558,0.45764471117273375,42f76781e36c0852245c3d1c,15.701764840999886,moving_front,7019,24bfb8b9aac5b87f9f268595cf4462964bd3a01da9d8089f51ed740d780fee86,50,0.06051437216338879
28,0.3032731341401916,0.0,142.27614409984872,0,0.13363590519415028,0.2871736551833696,0.31304368381240544,0.7186081694402421,0.0,4.676001625285042,0.75,0.4444444444444444,16,36,408.43495549902224,c0265f2f5da1b8f1e6334a7d1da15d24852be86831d4583cf0a020b238d73be2,f000d324411431a807bac72657424c44472cc457a2b2f856442e941850c00046,0.09228441754916793,0.517602748361069,1.0333333333333334,1815.3088741099987,4260,1.0,0.23813810917594658,recruitment,1.0,0.045535085463109415,0.286946860816944,54922865349ab96a875bfeeb,12.17827599799989,storm,7010,24bfb8b9aac5b87f9f268595cf4462964bd3a01da9d8089f51ed740d780fee86,28,0.46142208774583965
,0.386685262228946,0.0,165.97914302824003,0,0.3905698436712052,0.3270059091185073,0.28022566817952593,0.745839636913767,0.0,1.1990629052569752,0.8333333333333334,0.5,18,36,363.92743828223115,b9aa9c192ff362205c201c037cc4f3c7c2aba8b7e0c4fd0ef068255fea54f756,f000d324411431a807bac72657424c44472cc457a2b2f856442e941850c00046,0.07564296520423601,0.5835775970751387,,2492.2834733208897,3667,1.0,0.227410166125794,fixed_ring,1.0,0.045101474318638375,0.3270139939485627,598bbc69fb9f14733505106c,4.733492356000056,storm,7007,24bfb8b9aac5b87f9f268595cf4462964bd3a01da9d8089f51ed740d780fee86,0,0.6298537569339385
31,0.30598367372667673,0.0,146.3225699697428,0,0.15708522440746342,0.2683963518474939,0.31420196671709527,0.7065052950075643,0.0,4.4258364874790574,0.6388888888888888,0.4166666666666667,15,36,398.8517506026748,5772c05e39ffe56db9fe4d550c615751b591862ac0732ff00bde5b9c136479f3,f000d324411431a807bac72657424c44472cc457a2b2f856442e941850c00046,0.07866868381240545,0.501315872415532,1.0666666666666667,1958.6997706140296,4207,1.0,0.2901649708613824,recruitment,1.0,0.06134676224758332,0.26869011598587994,4d3d8f0282a33bb1e60a193e,11.664383800999985,storm,7006,24bfb8b9aac5b87f9f268595cf4462964bd3a01da9d8089f51ed740d780fee86,31,0.4740292486132124
29,0.0317542864346949,0.0,35.81131019919314,0,0.0,0.39171536119803374,0.7485580559757942,0.018154311649016642,0.6562499999999999,8.841355097580111,1.0,1.0,36,36,460.14240313379605,c01d3e850dcea516d0864d501fedc94fd615e60fababbc941400707247a8bedb,f000d324411431a807bac72657424c44472cc457a2b2f856442e941850c00046,0.2556732223903177,0.783590204236006,2.8666666666666667,1890.0563114040708,10124,1.0,0.40276745123869034,deadline_fusion,1.0,0.15789831254465855,0.39175964447806344,94bbf5eb50d51e537cdf8d93,91.06890929700012,sensor_fault,7016,24bfb8b9aac5b87f9f268595cf4462964bd3a01da9d8089f51ed740d780fee86,29,0.00151285930408472
0,0.039893784669692386,0.0,39.897566817952594,0,0.0,0.40634519072173975,0.718537254160363,0.037821482602118005,0.5729166666666665,3.0836409296709753,0.9166666666666666,0.9166666666666666,33,36,443.03511425431554,5f8536aad221b558feae01abd9e48012ffd43f0d986448ef31076303591affbe,f000d324411431a807bac72657424c44472cc457a2b2f856442e941850c00046,0.03479576399394856,0.788995524457892,0.0,2122.134130543181,5832,1.0,0.48819069669069404,static_tuned,1.0,0.18859873338556563,0.4050995965708522,6b2fd0ccf055e84396d0d9b2,5.565485169999874,sensor_fault,7000,24bfb8b9aac5b87f9f268595cf4462964bd3a01da9d8089f51ed740d780fee86,0,0.005547150781643974
,0.049891980938775574,0.0,48.82125842921548,0,0.014876449823499746,0.4693255935389759,0.6572759317168642,0.34190620272314676,0.09723301649108913,0.9068728442066065,0.9166666666666666,0.9166666666666666,33,36,363.80621915010175,ddbf34503eff23fbcd394039890145ec197c5f33f339d9222c1ea54ac42702a6,f000d324411431a807bac72657424c44472cc457a2b2f856442e941850c00046,0.13918305597579425,0.8107026023159589,,2494.9625650975577,5973,1.0,0.24713266828164526,fixed_ring,1.0,0.10881179090165262,0.4690167984230461,e10f37157b1d395fe97c13f5,4.829486819999829,moving_front,7003,24bfb8b9aac5b87f9f268595cf4462964bd3a01da9d8089f51ed740d780fee86,0,0.15784165405950581
46,0.03004257016748518,0.0,35.462583665926466,0,0.0,0.46504196201162085,0.7461182819602262,0.2118003025718608,0.40466946882656474,11.697608784702837,0.9142857142857143,0.9142857142857143,32,35,489.1771611106923,0eaaad553c80db6664d9a551f5b55b53a649071324c5a65ea020b06da777986c,f000d324411431a807bac72657424c44472cc457a2b2f856442e941850c00046,0.3540090771558245,0.8192754109666037,4.6,1418.9814936055832,9599,1.0,0.36064044650748056,economic,1.0,0.09021154175487273,0.46415130441048835,5523245df73481c68ca62e74,15.351156077000041,moving_front,7001,24bfb8b9aac5b87f9f268595cf4462964bd3a01da9d8089f51ed740d780fee86,46,0.04059505799293999
53,0.04419445420421871,0.0,34.97749211277959,0,0.0,0.47936637475563737,0.7821623876847393,0.12859304084720122,0.45903405126667884,14.153113606080375,0.9444444444444444,0.9444444444444444,34,36,518.4732338330057,760400fc1b0b776e9c52ee32311a1069b16aa52520e6f2d9a36a2dd8b57f7ebd,f000d324411431a807bac72657424c44472cc457a2b2f856442e941850c00046,0.44175491679273826,0.8190289800117193,5.266666666666667,1487.9592520710848,11197,1.0,0.34741766160685394,deadline_fusion,1.0,0.09303063686086173,0.4782430607168989,84c05fe664fe11fdf9b9b668,44.425986820999924,moving_front,7012,24bfb8b9aac5b87f9f268595cf4462964bd3a01da9d8089f51ed740d780fee86,53,0.007312153303076147
37,0.2421678013111447,0.0,121.67876166162377,0,0.038073625819465454,0.29609018751576816,0.3565935451336359,0.7065052950075643,0.020833333333333332,5.628222021867691,0.6571428571428571,0.5428571428571428,19,35,415.38935677813765,9b5a428363b62ad024a6d518c6bdc283191d1cf8739502f5298786104f688bf6,f000d324411431a807bac72657424c44472cc457a2b2f856442e941850c00046,0.1043872919818457,0.5345199823499748,1.4166666666666667,1578.8250099717,4907,1.0,0.36999553336846636,greedy_sparse,1.0,0.0970737718508625,0.2947948184568835,13b8f5e6f6a65c2193868b6a,15.956004860999997,storm,7001,24bfb8b9aac5b87f9f268595cf4462964bd3a01da9d8089f51ed740d780fee86,37,0.29853756933938475
54,0.04987340218939922,0.0,44.25036953533882,0,0.0002521432173474533,0.470235101653319,0.6941061752396895,0.2632375189107413,0.15956835623060595,14.1854887561431,0.9722222222222222,0.9166666666666666,33,36,515.4252190028709,5c27fd92e06c33f2542baf1700cf25e04b52092d15caab1ec4dc802b1a93834e,f000d324411431a807bac72657424c44472cc457a2b2f856442e941850c00046,0.2042360060514372,0.8121638802629724,5.383333333333334,1644.8672704572343,7136,1.0,0.2454809273414372,fungal,1.0,0.11198253031640507,0.46806827325592926,367d4c2a6eac67b5a8b1d255,13.907625800000005,moving_front,7010,24bfb8b9aac5b87f9f268595cf4462964bd3a01da9d8089f51ed740d780fee86,54,0.07564296520423601
27,0.285851613716591,0.0,129.71232034795764,0,0.021936459909228437,0.2659284540655981,0.3598241301059001,0.6853252647503782,0.03125,7.118633716397037,0.6666666666666666,0.5,18,36,439.3473047206238,7566b3dd58ba1b4b73cead9a88da4a0d93430742ea574afa5e3d674dbfd7a1c5,f000d324411431a807bac72657424c44472cc457a2b2f856442e941850c00046,0.14523449319213314,0.4916556354009076,2.5,1816.5344105064594,5480,1.0,0.1896836405405092,fungal,1.0,0.05294635826900866,0.2658613842662632,2a6f8505a717d2db49b57af0,13.949201939999966,storm,7013,24bfb8b9aac5b87f9f268595cf4462964bd3a01da9d8089f51ed740d780fee86,27,0.2660110943015633
55,0.04658648102166563,0.0,43.39322516649897,0,0.0037821482602118004,0.4599455494920363,0.6851684811910855,0.3101361573373676,0.18491854488237106,13.004013514290557,0.9444444444444444,0.9166666666666666,33,36,514.1290242252377,897c3ea0ca4def7c92d6c5bc4c681216da15d36377736736da162a96b99c0650,f000d324411431a807bac72657424c44472cc457a2b2f856442e941850c00046,0.1815431164901664,0.8117196003185175,5.483333333333333,1539.2120961908474,6763,1.0,0.32843212322761817,economic,1.0,0.08455345420105213,0.4613837305157446,d23150f07ed89bc7ead63173,16.254594716000156,moving_front,7017,24bfb8b9aac5b87f9f268595cf4462964bd3a01da9d8089f51ed740d780fee86,55,0.09732728189611699
0,0.020447239031770044,0.0,32.37660741301059,0,0.0,0.41142572809770683,0.7534039334341907,0.03177004538577912,0.6354166666666665,3.0981199460100624,1.0,1.0,36,36,442.96781353480463,50b7b3fbf7cedf803850a0428d40ee1ccc4080b783db00698cf7730c8a755b36,f000d324411431a807bac72657424c44472cc457a2b2f856442e941850c00046,0.18456883509833585,0.80023953605648,0.0,2121.5683668200363,8721,1.0,0.33524280740449297,static_tuned,0.9735249621785174,0.1637098318726342,0.4114031770045386,80a1da9ecf04b6d558b679aa,4.273357652999948,sensor_fault,7011,24bfb8b9aac5b87f9f268595cf4462964bd3a01da9d8089f51ed740d780fee86,0,0.00529500756429652
0,0.043825642965204234,0.0,44.2995146243066,0,0.0,0.3893521921669236,0.6776585350479072,0.06959152798789713,0.5260416666666666,3.0858580173631736,0.9722222222222222,0.9722222222222222,35,36,442.9348622573392,b549dfc41676c63078393edb7074f42e4f0927a271f4a7ecca93c1f6bdaa8078,f000d324411431a807bac72657424c44472cc457a2b2f856442e941850c00046,0.024205748865355523,0.7708569717599595,0.0,2122.508792301924,5390,1.0,0.41970555543384264,static_tuned,0.9659606656580938,0.16792043331912873,0.38931700706001005,e95c7f0e0fa3b8c7d27e4e34,10.515669790000175,sensor_fault,7015,24bfb8b9aac5b87f9f268595cf4462964bd3a01da9d8089f51ed740d780fee86,0,0.021936459909228437
,0.02920133635905194,0.0,50.42773732980333,0,0.0017650025214321732,0.42074437234709433,0.5319749117498739,0.37065052950075644,0.24479166666666666,0.8908971395910427,0.9444444444444444,0.9166666666666666,33,36,363.42780737067676,b9aa9c192ff362205c201c037cc4f3c7c2aba8b7e0c4fd0ef068255fea54f756,f000d324411431a807bac72657424c44472cc457a2b2f856442e941850c00046,0.0015128593040847202,0.7831568330811901,,2496.656888371053,2786,1.0,0.39456959413567577,fixed_ring,0.9478063540090772,0.17976278409746105,0.4200706001008572,ce04b05efaa9f2b3302ac6ce,4.72609099400006,sensor_fault,7007,24bfb8b9aac5b87f9f268595cf4462964bd3a01da9d8089f51ed740d780fee86,0,0.14019162884518405
50,0.027586043872919817,0.0,39.944331505295004,0,0.0,0.37314172011525026,0.6831347705496721,0.08925869894099848,0.515625,6.743100979617004,0.9722222222222222,0.9444444444444444,34,36,431.960608717846,12c2676d5d2da4bfdacb5c9a6312d12b90a39b080a71ade938e7b16bbaabf086,f000d324411431a807bac72657424c44472cc457a2b2f856442e941850c00046,0.07261724659606657,0.7699429525970751,1.7833333333333334,1857.330453451418,6425,1.0,0.45623892754955525,greedy_sparse,1.0,0.20919078440080416,0.37265979576399394,8d802e43f8da7f884afe72dc,27.59954393199996,sensor_fault,7019,24bfb8b9aac5b87f9f268595cf4462964bd3a01da9d8089f51ed740d780fee86,50,0.021432173474533533
48,0.046126986577908695,0.0,41.50885965928374,0,0.007564296520423599,0.5064235702797278,0.713242336269613,0.2874432677760968,0.21457966423757144,7.212936616560758,0.9166666666666666,0.8611111111111112,31,36,446.30371272930637,43e354cb1fa0a5fed03587ccc8ef089b630912d128abf8941ac224ef282c99e3,f000d324411431a807bac72657424c44472cc457a2b2f856442e941850c00046,0.26021180030257185,0.8234824846146155,1.6,1635.3365893939456,7561,1.0,0.40043302385588686,recruitment,1.0,0.08319146931385951,0.5049287045209989,96dc510e2bd951320398720f,16.17329219499993,moving_front,7018,24bfb8b9aac5b87f9f268595cf4462964bd3a01da9d8089f51ed740d780fee86,48,0.10943015632879474
51,0.026025907715582452,0.0,32.88436081694402,0,0.0,0.40832083596302643,0.7517650025214321,0.03328290468986384,0.6145833333333333,10.066845989880168,0.9428571428571428,0.9428571428571428,33,35,441.292396585364,9b5a428363b62ad024a6d518c6bdc283191d1cf8739502f5298786104f688bf6,f000d324411431a807bac72657424c44472cc457a2b2f856442e941850c00046,0.14977307110438728,0.8072522692889561,5.1,1941.6419773741727,8334,1.0,0.4878628309490882,economic,0.8940998487140696,0.21419976924590842,0.40786529248613207,f3f3104bb66c3e7934908699,18.008045638999874,sensor_fault,7001,24bfb8b9aac5b87f9f268595cf4462964bd3a01da9d8089f51ed740d780fee86,51,0.011598587997982855
52,0.012945978315683308,0.0,29.710783850226928,0,0.0,0.4085765797056826,0.7532069465456379,0.03479576399394856,0.6197916666666665,6.342761519322327,0.9714285714285714,0.9714285714285714,34,35,421.33490814374994,9b5a428363b62ad024a6d518c6bdc283191d1cf8739502f5298786104f688bf6,f000d324411431a807bac72657424c44472cc457a2b2f856442e941850c00046,0.13010590015128592,0.8183623298033282,1.7833333333333334,1938.0054479846046,7729,1.0,0.4878193059118362,recruitment,0.961674230963187,0.19907430231115647,0.40819623045890063,5c2b3d07f2ffc31311677433,16.00495409999985,sensor_fault,7001,24bfb8b9aac5b87f9f268595cf4462964bd3a01da9d8089f51ed740d780fee86,52,0.015380736258194654
0,0.06205876021282163,0.0,48.603508035159344,0,0.0,0.4371365197873029,0.6717597062636634,0.31316187594553707,0.14728194097454622,3.080287148293253,0.9722222222222222,0.9166666666666666,33,36,443.15322226143275,7fc013544a2434726446cf0cb1c220e784a923ebb4fc53407d1bf1d9ae765b5f,f000d324411431a807bac72657424c44472cc457a2b2f856442e941850c00046,0.25416036308623297,0.78254801828395,0.0,2121.0197775500005,7807,1.0,0.2340700030784523,static_tuned,1.0,0.1255688532681294,0.43876769548834244,3ed799778a677b7fda688c82,5.402703749000011,moving_front,7019,24bfb8b9aac5b87f9f268595cf4462964bd3a01da9d8089f51ed740d780fee86,0,0.0642965204236006
,0.05610644199308782,0.0,59.15272793568424,0,0.04236006051437216,0.47543926440964646,0.5622071157270266,0.4493192133131619,0.034910673463746274,0.8889506655699645,0.9444444444444444,0.8611111111111112,31,36,363.7970244869147,4359898ad5beb32bbf1d8eff13ccc594cdb32a36c3aec06531a94f326fed618b,f000d324411431a807bac72657424c44472cc457a2b2f856442e941850c00046,0.030257186081694403,0.8154285947587818,,2496.4792000655725,3809,1.0,0.23394477585614468,fixed_ring,1.0,0.09945112059736963,0.47398851386541674,0cb763b6df5799f84277919b,4.581318985999815,moving_front,7007,24bfb8b9aac5b87f9f268595cf4462964bd3a01da9d8089f51ed740d780fee86,0,0.2551689359556228
21,0.019596255673222387,0.0,32.385787002017146,0,0.0,0.39709036219659166,0.7557362581946545,0.015128593040847202,0.6197916666666666,7.737273912616195,0.9444444444444444,0.9444444444444444,34,36,440.78951664014323,956a9ceb80df2feb4bb3b76f79213a7f0cb93b60e4835d44d36852e549355e78,f000d324411431a807bac72657424c44472cc457a2b2f856442e941850c00046,0.18456883509833585,0.7963391956631366,2.1,2038.2495646064056,8776,1.0,0.4010937505826306,fungal,0.90494200706001,0.19128455566707067,0.3977007690368129,5b329c6f1d4b5b18bc4b369b,16.983776275999844,sensor_fault,7009,24bfb8b9aac5b87f9f268595cf4462964bd3a01da9d8089f51ed740d780fee86,21,0.0007564296520423601
,0.0486793998991427,0.0,41.42259991174988,0,0.0,0.3456235967072489,0.727519856278366,0.01059001512859304,0.6354166666666666,4.114624996832332,0.9166666666666666,0.9166666666666666,33,36,490.7640389552916,6ef10a6f8528f48913779ce02125f8ae67ac504fa24b04f7d539448adf330dc7,f000d324411431a807bac72657424c44472cc457a2b2f856442e941850c00046,0.6293494704992436,0.7463596822995461,,1947.1390517706666,14210,0.9694906707009581,0.5652809515159838,adaptive,0.9856278366111951,0.16559603291613648,0.34564895360564796,ce33455f7bdc4878c64c1b64,8.446336847000111,sensor_fault,7012,24bfb8b9aac5b87f9f268595cf4462964bd3a01da9d8089f51ed740d780fee86,1,0.0002521432173474533
54,0.030729954614220876,0.0,34.045086359051936,0,0.0,0.40526547238078386,0.7647897755925365,0.01059001512859304,0.671875,10.211332541783761,0.9166666666666666,0.9166666666666666,33,36,451.8975748243468,6ef10a6f8528f48913779ce02125f8ae67ac504fa24b04f7d539448adf330dc7,f000d324411431a807bac72657424c44472cc457a2b2f856442e941850c00046,0.2783661119515885,0.7957639939485628,5.35,1886.465993481291,10170,0.967221381744831,0.5667468401065956,economic,0.9662128088754414,0.18073986524642321,0.40607665153807354,5c3faf43eb7e1a3a65dadda5,14.203883174999646,sensor_fault,7012,24bfb8b9aac5b87f9f268595cf4462964bd3a01da9d8089f51ed740d780fee86,54,0.0022692889561270802
47,0.055195762038535226,0.0,40.39444392748443,0,0.0,0.4559264683150661,0.7512160550189462,0.15279878971255673,0.44370714171616815,13.4229410544272,0.9722222222222222,0.9444444444444444,34,36,517.8717674188714,5b23548e342cd0e105b412e1f6ff973e8f388f6fbedb3fc9e75b3089b159ddd9,f000d324411431a807bac72657424c44472cc457a2b2f856442e941850c00046,0.4130105900151286,0.796960901873372,4.7,1457.5969743639714,10792,1.0,0.18723624289824747,deadline_fusion,1.0,0.09111342573987086,0.45573960363165966,3f2ab21f904b4f7a969b49d4,38.719616047000045,moving_front,7002,24bfb8b9aac5b87f9f268595cf4462964bd3a01da9d8089f51ed740d780fee86,47,0.007060010085728694
57,0.046031829427962134,0.0,36.633238734329346,0,0.0,0.47539439257091987,0.7613023319247367,0.17095310136157338,0.421129322729707,8.620621438384763,0.9722222222222222,0.9722222222222222,35,36,466.0092086144436,5e29696557cda66a921641f993e950ae2ed95f14de01a827d8e1fe0231f9c807,f000d324411431a807bac72657424c44472cc457a2b2f856442e941850c00046,0.3857791225416036,0.8205413130946728,1.9,1516.564588346626,10066,1.0,0.20262502473661032,greedy_sparse,1.0,0.10730352369474871,0.4766801337019242,336172fb265311410d5d1997,16.486637494999968,moving_front,7016,24bfb8b9aac5b87f9f268595cf4462964bd3a01da9d8089f51ed740d780fee86,57,0.03580433686333837
53,0.03125787947554211,0.0,37.783070158850215,0,0.0,0.3817545821333793,0.717371091780131,0.049924357034795766,0.578125,10.248488864389751,0.9722222222222222,0.9722222222222222,35,36,451.97671859626735,7566b3dd58ba1b4b73cead9a88da4a0d93430742ea574afa5e3d674dbfd7a1c5,f000d324411431a807bac72657424c44472cc457a2b2f856442e941850c00046,0.15431164901664146,0.7753088754412504,5.2,1822.7274058079777,8354,0.9636913767019667,0.46368599393240995,economic,0.9475542107917296,0.17844282418596666,0.37955433686333834,0755d266361544410aa1a1e7,17.202657516999807,sensor_fault,7013,24bfb8b9aac5b87f9f268595cf4462964bd3a01da9d8089f51ed740d780fee86,53,0.010842158345940493
49,0.03267618507312153,0.0,39.127229891578416,0,0.0,0.382594221237385,0.7163625189107413,0.025718608169440244,0.6041666666666666,6.6578910171944825,0.9444444444444444,0.9444444444444444,34,36,435.37335911107317,1ffbd60f44c9f81edacbd6236060262a241240e41dabbe8776c51fac2266503a,f000d324411431a807bac72657424c44472cc457a2b2f856442e941850c00046,0.09379727685325265,0.770084783156833,1.7166666666666666,1957.621097926577,7305,1.0,0.2964747257177968,recruitment,0.9094805849722641,0.18049762665703836,0.38249338124054455,472c708a5db6ac77d8871d6e,17.178922735000015,sensor_fault,7004,24bfb8b9aac5b87f9f268595cf4462964bd3a01da9d8089f51ed740d780fee86,49,0.0007564296520423601
52,0.03429147755925365,0.0,36.611234556227934,0,0.0,0.39993487836194824,0.743215771558245,0.024205748865355523,0.6302083333333333,6.123015340825772,1.0,0.9722222222222222,35,36,417.973877766413,c01d3e850dcea516d0864d501fedc94fd615e60fababbc941400707247a8bedb,f000d324411431a807bac72657424c44472cc457a2b2f856442e941850c00046,0.2178517397881997,0.7853000504286434,1.7666666666666666,1947.9772984306094,9458,1.0,0.4029018147821448,recruitment,1.0,0.16053602269365563,0.4002615985879979,c50f2bfc74282a60414b85bf,17.27246184500018,sensor_fault,7016,24bfb8b9aac5b87f9f268595cf4462964bd3a01da9d8089f51ed740d780fee86,52,0.004790721129601614
24,0.29542517650025213,0.0,148.17590141200202,0,0.20827029752899645,0.30966966763445836,0.29956190115985876,0.7322239031770046,0.0,4.029913105560526,0.7222222222222222,0.5555555555555556,20,36,399.7104540997068,fded3c51bb367e0df8af6f8249b634fefe0cc389845c26618e90a9b29d9c3139,f000d324411431a807bac72657424c44472cc457a2b2f856442e941850c00046,0.07866868381240545,0.549585539586485,0.8166666666666667,2028.665731768703,3695,1.0,0.32820871875259366,greedy_sparse,1.0,0.08038844345304606,0.30945852244074634,61064a5b3f3ccbfabe333aa1,11.037741753000091,storm,7017,24bfb8b9aac5b87f9f268595cf4462964bd3a01da9d8089f51ed740d780fee86,24,0.5340393343419062
45,0.03725416036308623,0.0,43.243625504286435,0,0.0,0.4014004998508694,0.66092252899647,0.09379727685325265,0.5104166666666666,5.49819230963409,0.9722222222222222,0.9722222222222222,35,36,414.007903354396,b549dfc41676c63078393edb7074f42e4f0927a271f4a7ecca93c1f6bdaa8078,f000d324411431a807bac72657424c44472cc457a2b2f856442e941850c00046,0.015128593040847202,0.779500756429652,1.5,1969.4469479251798,4630,1.0,0.42001681535983376,recruitment,0.9578920827029752,0.17582378352602668,0.4019320474029248,40ea5f056a579fe6844e4f36,18.127707487999942,sensor_fault,7015,24bfb8b9aac5b87f9f268595cf4462964bd3a01da9d8089f51ed740d780fee86,45,0.033787191124558746
25,0.03537096570852244,0.0,42.13238306858296,0,0.0,0.39543753464338244,0.678958648512355,0.06959152798789713,0.5260416666666666,7.739697631098042,0.9722222222222222,0.9722222222222222,35,36,438.28286846232487,b549dfc41676c63078393edb7074f42e4f0927a271f4a7ecca93c1f6bdaa8078,f000d324411431a807bac72657424c44472cc457a2b2f856442e941850c00046,0.019667170953101363,0.7771053958648512,2.433333333333333,1952.216149182383,5110,1.0,0.4190976324079063,deadline_fusion,0.9657085224407462,0.1678671538046486,0.39556543116490167,8309cae2bd29663228e31cb6,52.05444432200011,sensor_fault,7015,24bfb8b9aac5b87f9f268595cf4462964bd3a01da9d8089f51ed740d780fee86,25,0.022945032778618254
30,0.292714636913767,0.0,142.166540595058,0,0.1714573877962683,0.2962937437146092,0.30596003530005045,0.7276853252647504,0.0,5.0934994974442365,0.75,0.4722222222222222,17,36,417.79372755485406,b549dfc41676c63078393edb7074f42e4f0927a271f4a7ecca93c1f6bdaa8078,f000d324411431a807bac72657424c44472cc457a2b2f856442e941850c00046,0.057488653555219364,0.5362455874936964,1.1666666666666667,2053.365644829599,3610,1.0,0.31556684542812463,recruitment,1.0,0.09249001242575804,0.2972138174483106,9d968f32cc55ef8797c82a7c,13.776642764999906,storm,7015,24bfb8b9aac5b87f9f268595cf4462964bd3a01da9d8089f51ed740d780fee86,30,0.5032778618255168
,0.3918935955622793,0.0,167.22067259203226,0,0.4266263237518911,0.3116163501046011,0.2742215078164397,0.7503782148260212,0.0,1.2010815796660606,0.8055555555555556,0.5277777777777778,19,36,363.9197247181296,12c2676d5d2da4bfdacb5c9a6312d12b90a39b080a71ade938e7b16bbaabf086,f000d324411431a807bac72657424c44472cc457a2b2f856442e941850c00046,0.09833585476550681,0.5748786560766515,,2492.0211418802955,3799,1.0,0.23704587414261585,fixed_ring,1.0,0.08219323155461461,0.3113574760463943,017ce971d3ef90998e877677,4.700161639999806,storm,7019,24bfb8b9aac5b87f9f268595cf4462964bd3a01da9d8089f51ed740d780fee86,0,0.6182551689359556
,0.05716551447893451,0.0,46.97683524334536,0,0.0020171457387796266,0.4801616075348623,0.6714182309385469,0.28895612708018154,0.21879339355378757,0.8887982861549829,0.8888888888888888,0.8888888888888888,32,36,363.8036381093032,5b23548e342cd0e105b412e1f6ff973e8f388f6fbedb3fc9e75b3089b159ddd9,f000d324411431a807bac72657424c44472cc457a2b2f856442e941850c00046,0.1649016641452345,0.8052821450007734,,2496.2782508227406,6411,1.0,0.1878900152883105,fixed_ring,1.0,0.10433541887425161,0.4812524977895065,798fb367ff00a38ccf29da50,4.81956447399989,moving_front,7002,24bfb8b9aac5b87f9f268595cf4462964bd3a01da9d8089f51ed740d780fee86,0,0.0832072617246596
38,0.31649489409984866,0.0,139.04000409732728,0,0.03681290973272818,0.2670677724900753,0.3371627584467978,0.7065052950075643,0.0,10.056772939117787,0.6944444444444444,0.6388888888888888,23,36,485.4032671166151,b9aa9c192ff362205c201c037cc4f3c7c2aba8b7e0c4fd0ef068255fea54f756,f000d324411431a807bac72657424c44472cc457a2b2f856442e941850c00046,0.1059001512859304,0.4777877584467978,3.75,1606.0734182174785,4799,1.0,0.22918220196174474,deadline_fusion,1.0,0.05566843852363716,0.26598745587493694,0715d0becb97a663dc49a837,33.37563682000007,storm,7007,24bfb8b9aac5b87f9f268595cf4462964bd3a01da9d8089f51ed740d780fee86,38,0.3182047402924861
,0.328345625315179,0.0,140.6175932929904,0,0.0458900655572365,0.28536337564654296,0.3477133761976802,0.6913767019667171,0.0,21.019033206906,0.5555555555555556,0.3888888888888889,14,36,1107.5201964774578,5f8536aad221b558feae01abd9e48012ffd43f0d986448ef31076303591affbe,f000d324411431a807bac72657424c44472cc457a2b2f856442e941850c00046,0.0529500756429652,0.4920653681290973,,1701.570308833267,4466,1.0,0.2789354405812889,adaptive,1.0,0.059958982201967784,0.2850715456379223,4f7fc8abe628446de10f1ca9,6.937428051000097,storm,7000,24bfb8b9aac5b87f9f268595cf4462964bd3a01da9d8089f51ed740d780fee86,13,0.26424609178013103
59,0.03864062473264422,0.0,35.65890750709955,0,0.0025214321734745334,0.4682188661408351,0.7625643417889466,0.17095310136157338,0.3915223652158376,9.134137579222449,0.9722222222222222,0.9444444444444444,34,36,471.37130456382886,760400fc1b0b776e9c52ee32311a1069b16aa52520e6f2d9a36a2dd8b57f7ebd,f000d324411431a807bac72657424c44472cc457a2b2f856442e941850c00046,0.39939485627836613,0.8146616800703448,1.95,1425.5587586000202,10340,1.0,0.3473505283221142,recruitment,1.0,0.0830924120631905,0.46703985674589965,d1733f91c2af016b5091b48d,17.26562967699988,moving_front,7012,24bfb8b9aac5b87f9f268595cf4462964bd3a01da9d8089f51ed740d780fee86,59,0.0453857791225416
35,0.30213061018658594,0.0,141.90439044377206,0,0.08799798285426123,0.273983711932829,0.3164082198688855,0.7246596066565809,0.0,8.690373300397226,0.7777777777777778,0.6111111111111112,22,36,457.79927110699697,fded3c51bb367e0df8af6f8249b634fefe0cc389845c26618e90a9b29d9c3139,f000d324411431a807bac72657424c44472cc457a2b2f856442e941850c00046,0.09984871406959153,0.48704614220877457,3.25,1427.6482692162706,4365,1.0,0.3273626874134264,fungal,1.0,0.07142776706080346,0.27418998991427135,1a438f5005b6e2ba4cb8fb53,13.67500217099996,storm,7017,24bfb8b9aac5b87f9f268595cf4462964bd3a01da9d8089f51ed740d780fee86,35,0.38830055471507813
52,0.037397551791007615,0.0,29.55157766115974,0,0.0,0.5176685450940828,0.8194468334220391,0.06656580937972768,0.5409299447173498,13.670146514260592,0.9722222222222222,0.9722222222222222,35,36,515.9453979141277,358f3d3ac5e4c7943da7c4ded7230c7e4afe2570f3a3d3555871e5543b789f00,f000d324411431a807bac72657424c44472cc457a2b2f856442e941850c00046,0.3842662632375189,0.8585099806990812,5.2,1406.9041000801517,10339,1.0,0.3910262833729165,deadline_fusion,1.0,0.12755971321673498,0.5175836448613065,fbe5c71b8a8dfc7afe151c38,47.27691618000017,moving_front,7014,24bfb8b9aac5b87f9f268595cf4462964bd3a01da9d8089f51ed740d780fee86,52,0.004286434694906706
0,0.286505610186586,0.0,143.5702297655068,0,0.18986384266263237,0.29056589858863746,0.3133588628340897,0.7186081694402421,0.0,3.4538943454851205,0.7777777777777778,0.5833333333333334,21,36,443.2513680682463,fded3c51bb367e0df8af6f8249b634fefe0cc389845c26618e90a9b29d9c3139,f000d324411431a807bac72657424c44472cc457a2b2f856442e941850c00046,0.1573373676248109,0.5348666792738276,0.0,2119.040170562017,5152,1.0,0.3249981303075406,static_tuned,1.0,0.060232591988051226,0.29068173222390314,b75b602b185090796572dc8b,4.394575523000185,storm,7017,24bfb8b9aac5b87f9f268595cf4462964bd3a01da9d8089f51ed740d780fee86,0,0.5103378719112456
,0.27085697175995965,0.0,142.56685734997478,0,0.2531517902168432,0.3292298112210299,0.3079062657589511,0.7216338880484114,0.0,1.1741879262808332,0.6857142857142857,0.4857142857142857,17,35,363.91257797032455,9b5a428363b62ad024a6d518c6bdc283191d1cf8739502f5298786104f688bf6,f000d324411431a807bac72657424c44472cc457a2b2f856442e941850c00046,0.09984871406959153,0.5880688981341401,,2492.7318248521487,4204,1.0,0.3697536882610944,fixed_ring,1.0,0.09418580162245273,0.32872384014120015,3047bacb872a5d10baf9199e,6.137477543999921,storm,7001,24bfb8b9aac5b87f9f268595cf4462964bd3a01da9d8089f51ed740d780fee86,0,0.5582450832072617
,0.04957766011094301,0.0,44.883423159354514,0,0.0,0.31933771979310616,0.6954582702975289,0.02118003025718608,0.5885416666666666,6.063048207329976,0.9444444444444444,0.9444444444444444,34,36,554.0372523648591,1ffbd60f44c9f81edacbd6236060262a241240e41dabbe8776c51fac2266503a,f000d324411431a807bac72657424c44472cc457a2b2f856442e941850c00046,0.34795763993948564,0.7200816313666161,,1933.3792373780673,11339,1.0,0.29068168243271875,adaptive,0.926626323751891,0.16388434617305003,0.3199697428139183,8e27a1b97156b8244fc89ba7,10.698895605999951,sensor_fault,7004,24bfb8b9aac5b87f9f268595cf4462964bd3a01da9d8089f51ed740d780fee86,3,0.0
,0.06022453022857729,0.0,42.676034414513175,0,0.0020171457387796266,0.4917920898818807,0.7290214549829241,0.18456883509833585,0.3539489630658816,45.528936524049655,0.9444444444444444,0.9444444444444444,34,36,2273.1706212411354,0aace0ec30ee371a7c2663e2411d8b6b713bd3c12b78091846cea85ee9e6f3b4,f000d324411431a807bac72657424c44472cc457a2b2f856442e941850c00046,0.1951588502269289,0.8144294726393968,,1063.4513384150905,8307,1.0,0.17661899720281818,adaptive,1.0,0.10353639128829457,0.49248822179904655,fe8f3a484fd09f6871004c53,9.166475771000023,moving_front,7013,24bfb8b9aac5b87f9f268595cf4462964bd3a01da9d8089f51ed740d780fee86,16,0.030257186081694396
,0.03900340393343419,0.0,50.097863086232984,0,0.0,0.4438560916859996,0.5469616742309631,0.3630862329803328,0.28125,0.8941496102468479,0.9166666666666666,0.9166666666666666,33,36,363.4292087834431,5f8536aad221b558feae01abd9e48012ffd43f0d986448ef31076303591affbe,f000d324411431a807bac72657424c44472cc457a2b2f856442e941850c00046,0.0,0.8020360564800806,,2497.134111166141,2636,0.9989914271306103,0.48939739136938015,fixed_ring,0.9989914271306103,0.19133097291962525,0.443417486132123,d806f609123975883f654452,5.096623864999856,sensor_fault,7000,24bfb8b9aac5b87f9f268595cf4462964bd3a01da9d8089f51ed740d780fee86,0,0.12153303076147251
0,0.03362172213817448,0.0,37.03266830559758,0,0.0,0.4004715027056305,0.740150655572365,0.03177004538577912,0.6093749999999999,3.064938514767003,0.9722222222222222,0.9722222222222222,35,36,442.9156671031252,61fbc2c3c47ea0b2f394bf19d5d944ff33916305affd279efd1232b2237e443b,f000d324411431a807bac72657424c44472cc457a2b2f856442e941850c00046,0.1875945537065053,0.7857413010590015,0.0,2121.648817978981,8876,1.0,0.484236148956627,static_tuned,0.9735249621785174,0.1992653592327797,0.40011976802824,e9d60e85a22be4060bf9ef76,5.115076140999918,sensor_fault,7008,24bfb8b9aac5b87f9f268595cf4462964bd3a01da9d8089f51ed740d780fee86,0,0.002773575390821987
42,0.2541997604639435,0.0,118.32643879223397,0,0.008320726172465959,0.292316919000299,0.3995288073625819,0.6686838124054463,0.05729166666666666,11.08392608078641,0.75,0.6111111111111112,22,36,473.76138788089105,ac5fa5d877e58450b21b5619aadcad71ab1db9e7cd210fd1cd516ef4a934c028,f000d324411431a807bac72657424c44472cc457a2b2f856442e941850c00046,0.14674735249621784,0.5173663640948057,4.2,1086.8234616211835,6465,1.0,0.37805765795874635,economic,1.0,0.04436240799395521,0.29259644478063535,802bdd79e56d0ea87fb27959,17.178321857000128,storm,7014,24bfb8b9aac5b87f9f268595cf4462964bd3a01da9d8089f51ed740d780fee86,42,0.17322239031770045
36,0.032053706505295,0.0,38.447703920827024,0,0.0,0.37651895999285423,0.7148654185577408,0.060514372163388806,0.5729166666666665,11.136347466648251,0.9444444444444444,0.9444444444444444,34,36,486.4113088716386,7566b3dd58ba1b4b73cead9a88da4a0d93430742ea574afa5e3d674dbfd7a1c5,f000d324411431a807bac72657424c44472cc457a2b2f856442e941850c00046,0.18456883509833585,0.770730900151286,3.533333333333333,1881.8814990880924,8687,0.9646999495713566,0.4627830726515826,deadline_fusion,0.9520927887039837,0.17446284033292606,0.37447995461422084,548b83be0bc9578f849345ea,53.36377906300004,sensor_fault,7013,24bfb8b9aac5b87f9f268595cf4462964bd3a01da9d8089f51ed740d780fee86,36,0.011850731215330309
24,0.03820757690368129,0.0,42.90878719112456,0,0.0,0.3924246071513859,0.67684694906707,0.07866868381240545,0.515625,7.496559455115443,0.9722222222222222,0.9722222222222222,35,36,441.26650759692484,b549dfc41676c63078393edb7074f42e4f0927a271f4a7ecca93c1f6bdaa8078,f000d324411431a807bac72657424c44472cc457a2b2f856442e941850c00046,0.0226928895612708,0.7749149016641452,2.3666666666666667,2038.8656392973865,5222,1.0,0.4198467017800621,fungal,0.9641956631366615,0.16803533800233844,0.39227968986384265,ca2df56af9a73c961baa4b02,37.27511785700017,sensor_fault,7015,24bfb8b9aac5b87f9f268595cf4462964bd3a01da9d8089f51ed740d780fee86,24,0.02118003025718608
45,0.28756933938477053,0.0,124.65460318961166,0,0.0032778618255168935,0.2674970528866775,0.39870146243066057,0.6762481089258698,0.057291666666666664,10.988785540516842,0.7222222222222222,0.7222222222222222,26,36,460.49136941691745,6ef10a6f8528f48913779ce02125f8ae67ac504fa24b04f7d539448adf330dc7,f000d324411431a807bac72657424c44472cc457a2b2f856442e941850c00046,0.17397881996974282,0.48833049672213813,4.483333333333333,1197.3697460275762,7421,1.0,0.34777447869134126,economic,1.0,0.07741148482256487,0.2676421457387796,ac26a15a9d6cf85bd34fd502,16.70640271299999,storm,7012,24bfb8b9aac5b87f9f268595cf4462964bd3a01da9d8089f51ed740d780fee86,45,0.12002017145738779
,0.02129034291477559,0.0,40.19726267019667,0,0.0,0.4393904554682021,0.6562893973777105,0.13161875945537066,0.45833333333333326,0.90584085885223,1.0,0.9722222222222222,35,36,363.43347228938705,50b7b3fbf7cedf803850a0428d40ee1ccc4080b783db00698cf7730c8a755b36,f000d324411431a807bac72657424c44472cc457a2b2f856442e941850c00046,0.007564296520423601,0.8072522692889561,,2496.5683637640127,4042,1.0,0.3330605555655575,fixed_ring,0.9508320726172466,0.20223028403357352,0.4398953605648008,404095a6ba1288679e205330,4.742090121000274,sensor_fault,7011,24bfb8b9aac5b87f9f268595cf4462964bd3a01da9d8089f51ed740d780fee86,0,0.049924357034795766
48,0.28089542360060515,0.0,128.60190525718608,0,0.01916288451840645,0.27800592828733106,0.36009203227433173,0.6883509833585476,0.020833333333333332,6.716626041441788,0.6666666666666666,0.5555555555555556,20,36,428.34063391228295,956a9ceb80df2feb4bb3b76f79213a7f0cb93b60e4835d44d36852e549355e78,f000d324411431a807bac72657424c44472cc457a2b2f856442e941850c00046,0.12405446293494705,0.5022535300050428,1.8166666666666667,1513.5537083200338,5564,1.0,0.18914339552432505,greedy_sparse,1.0,0.08271620625967249,0.2775939233484619,239590aa71e1e5af2ea58715,14.052801216999796,storm,7009,24bfb8b9aac5b87f9f268595cf4462964bd3a01da9d8089f51ed740d780fee86,48,0.26197680282400404
29,0.2532699823499748,0.0,123.33861258194653,0,0.021432173474533533,0.28730804751256056,0.3639450958144226,0.6838124054462935,0.020833333333333332,8.854137146719227,0.6944444444444444,0.4722222222222222,17,36,468.1406015251968,e5eb0adce92def657b42daaff1168729498af6b7f7eacaec91555308393fbb04,f000d324411431a807bac72657424c44472cc457a2b2f856442e941850c00046,0.1059001512859304,0.5110706631366616,2.8333333333333335,1760.3498979753392,4947,1.0,0.31307621687768344,fungal,1.0,0.04715744217987915,0.2882390948058497,39caa7a725d7f37dbe10575d,14.808783491999975,storm,7005,24bfb8b9aac5b87f9f268595cf4462964bd3a01da9d8089f51ed740d780fee86,29,0.2997982854261221
32,0.02788546394351992,0.0,40.88490450075643,0,0.0,0.3536110551976868,0.6797859934442763,0.08925869894099848,0.5156249999999999,8.306507547282948,0.9166666666666666,0.9166666666666666,33,36,440.9222989404972,5772c05e39ffe56db9fe4d550c615751b591862ac0732ff00bde5b9c136479f3,f000d324411431a807bac72657424c44472cc457a2b2f856442e941850c00046,0.046898638426626324,0.7617167801311145,3.1166666666666667,1890.3598104178084,5960,1.0,0.4921713183308331,deadline_fusion,0.9102370146243065,0.18412586387155494,0.35563224911749874,335ffcd22109dd712cdbcdb5,35.894852947000345,sensor_fault,7006,24bfb8b9aac5b87f9f268595cf4462964bd3a01da9d8089f51ed740d780fee86,32,0.012355017650025214
54,0.0522114870859275,0.0,42.471339791930966,0,0.0037821482602118004,0.466420229073556,0.7072905997443123,0.27685325264750377,0.2426421667069939,7.89604539060064,0.9722222222222222,0.9166666666666666,33,36,450.2481699878559,0aace0ec30ee371a7c2663e2411d8b6b713bd3c12b78091846cea85ee9e6f3b4,f000d324411431a807bac72657424c44472cc457a2b2f856442e941850c00046,0.3040847201210287,0.8079043802860326,1.8,1522.699661245383,8526,1.0,0.1846100986260727,recruitment,1.0,0.1083162591059496,0.4648851501631128,7af51843fafc1a37f04030a3,15.416004138999824,moving_front,7013,24bfb8b9aac5b87f9f268595cf4462964bd3a01da9d8089f51ed740d780fee86,54,0.08169440242057488
55,0.026679904185577405,0.0,32.656210602622295,0,0.0,0.40496973920188983,0.765625,0.01059001512859304,0.6666666666666666,6.986541793283959,0.9166666666666666,0.9166666666666666,33,36,431.3961822379847,6ef10a6f8528f48913779ce02125f8ae67ac504fa24b04f7d539448adf330dc7,f000d324411431a807bac72657424c44472cc457a2b2f856442e941850c00046,0.27685325264750377,0.7989394225920322,2.0166666666666666,1978.4360299885068,10009,0.9679778113968733,0.5664928548768482,greedy_sparse,0.9679778113968733,0.17744890207488906,0.4049656454866363,82be81f2b4c36d6da32a3b23,17.633372866000173,sensor_fault,7012,24bfb8b9aac5b87f9f268595cf4462964bd3a01da9d8089f51ed740d780fee86,55,0.0017650025214321732
35,0.27925649268784664,0.0,130.65695127332324,0,0.05068078668683813,0.28086869897117084,0.3483200958144225,0.6913767019667171,0.005208333333333333,6.436428919664497,0.7222222222222222,0.5,18,36,432.6682124742261,7566b3dd58ba1b4b73cead9a88da4a0d93430742ea574afa5e3d674dbfd7a1c5,f000d324411431a807bac72657424c44472cc457a2b2f856442e941850c00046,0.1346444780635401,0.512118633383762,1.2333333333333334,1405.7361055798726,5263,1.0,0.18982158053014275,greedy_sparse,1.0,0.048092523222355674,0.2814942637418053,611d5ea404673dcab7f18cd5,11.222380479999856,storm,7013,24bfb8b9aac5b87f9f268595cf4462964bd3a01da9d8089f51ed740d780fee86,35,0.29677256681795255
52,0.04014788588339911,0.0,37.22593147054779,0,0.0,0.5013582880641183,0.7396580114989981,0.2526475037821483,0.3059014159292294,12.653271304015982,0.9722222222222222,0.9722222222222222,35,36,494.8056365197046,43e354cb1fa0a5fed03587ccc8ef089b630912d128abf8941ac224ef282c99e3,f000d324411431a807bac72657424c44472cc457a2b2f856442e941850c00046,0.2859304084720121,0.8289197834092469,5.183333333333334,1413.77366703775,8303,1.0,0.40252248988263134,economic,1.0,0.09354986659462979,0.5008004539983668,94e94c3e4d0a6f53f5cb9e8a,17.48130888600008,moving_front,7018,24bfb8b9aac5b87f9f268595cf4462964bd3a01da9d8089f51ed740d780fee86,52,0.05572365103378719
50,0.048670128739909425,0.0,35.73266709869163,0,0.0,0.4808215910423246,0.7831112060090795,0.13010590015128592,0.465813608773883,14.345976554390495,1.0,0.9722222222222222,35,36,524.1221322375502,5e29696557cda66a921641f993e950ae2ed95f14de01a827d8e1fe0231f9c807,f000d324411431a807bac72657424c44472cc457a2b2f856442e941850c00046,0.405446293494705,0.8209445084321616,5.0,1562.7886364579203,11042,1.0,0.20349764158930064,fungal,1.0,0.10426313664843564,0.4804963727154616,687b2f467a64ad55bcae12c1,18.69990070699987,moving_front,7016,24bfb8b9aac5b87f9f268595cf4462964bd3a01da9d8089f51ed740d780fee86,50,0.006555723651033787
,0.05973489647002639,0.0,64.24205560606575,0,0.06858295511850732,0.46952123035691173,0.5289138874985307,0.47049924357034795,0.02891772085655978,0.8999896822559953,0.9444444444444444,0.7777777777777778,28,36,363.8037208535817,897c3ea0ca4def7c92d6c5bc4c681216da15d36377736736da162a96b99c0650,f000d324411431a807bac72657424c44472cc457a2b2f856442e941850c00046,0.030257186081694403,0.8067514726619159,,2495.0845927483397,3479,1.0,0.33180795833970184,fixed_ring,1.0,0.1042999401043828,0.470812460977877,ce23cf99755ace9becdb5111,4.761446306999915,moving_front,7017,24bfb8b9aac5b87f9f268595cf4462964bd3a01da9d8089f51ed740d780fee86,0,0.299798285426122
52,0.06513957021211024,0.0,50.870521998798914,0,0.0005042864346949066,0.44845744375753993,0.6662242317009688,0.34493192133131617,0.13623248354130543,7.111988542564672,0.9722222222222222,0.9166666666666666,33,36,449.447739317954,7fc013544a2434726446cf0cb1c220e784a923ebb4fc53407d1bf1d9ae765b5f,f000d324411431a807bac72657424c44472cc457a2b2f856442e941850c00046,0.23903177004538578,0.7856955511752103,1.7333333333333334,1425.422216968368,7419,1.0,0.2337717961477685,recruitment,0.9984871406959153,0.1180548134618943,0.4496549801987209,2710c6fbaf9a2c5536881a47,16.901174746999914,moving_front,7019,24bfb8b9aac5b87f9f268595cf4462964bd3a01da9d8089f51ed740d780fee86,52,0.11296016137165908
33,0.01902893343419062,0.0,31.37969616742309,0,0.0,0.4206014945165202,0.7595105269793242,0.030257186081694403,0.6458333333333333,9.609781204899358,1.0,1.0,36,36,459.64537629228573,50b7b3fbf7cedf803850a0428d40ee1ccc4080b783db00698cf7730c8a755b36,f000d324411431a807bac72657424c44472cc457a2b2f856442e941850c00046,0.15431164901664146,0.8092536560766513,3.3,1977.0086064403308,8101,1.0,0.3353502496380124,deadline_fusion,0.9684820978315685,0.19444372007345678,0.4211343292990418,c4766dca521aa99ed2412881,37.97120199700021,sensor_fault,7011,24bfb8b9aac5b87f9f268595cf4462964bd3a01da9d8089f51ed740d780fee86,33,0.006303580433686333
44,0.05551862070674403,0.0,45.335895402651865,0,0.0,0.4567323426986297,0.6984379970772979,0.30257186081694404,0.20647959721155767,12.636600482345981,0.9722222222222222,0.9722222222222222,35,36,524.3925188117306,7fc013544a2434726446cf0cb1c220e784a923ebb4fc53407d1bf1d9ae765b5f,f000d324411431a807bac72657424c44472cc457a2b2f856442e941850c00046,0.28895612708018154,0.7939685682222187,4.366666666666666,1431.281689925226,8309,1.0,0.2271632684622144,deadline_fusion,0.9987392839132628,0.12050180675900785,0.45586997206329105,4a07f337addc78a24f90c798,46.16893465400017,moving_front,7019,24bfb8b9aac5b87f9f268595cf4462964bd3a01da9d8089f51ed740d780fee86,44,0.05345436207766011
,0.336083270297529,0.0,138.39290216843168,0,0.019415027735753907,0.27236291384316436,0.36693929652042356,0.6928895612708018,0.046875,21.492969577024887,0.6944444444444444,0.6111111111111112,22,36,1125.7272781984418,1ffbd60f44c9f81edacbd6236060262a241240e41dabbe8776c51fac2266503a,f000d324411431a807bac72657424c44472cc457a2b2f856442e941850c00046,0.11649016641452345,0.48551752395360553,,1694.1921480063302,5864,1.0,0.247800910628417,adaptive,1.0,0.06523761704388756,0.2731183812405446,18df4ce854ade3593ed54a5c,7.131096351999986,storm,7004,24bfb8b9aac5b87f9f268595cf4462964bd3a01da9d8089f51ed740d780fee86,15,0.1707009581442259
0,0.03412600857286938,0.0,36.56029374684821,0,0.0,0.3838301130763016,0.7446104387291981,0.018154311649016642,0.6510416666666665,3.098069912763946,1.0,1.0,36,36,442.9751779435456,c01d3e850dcea516d0864d501fedc94fd615e60fababbc941400707247a8bedb,f000d324411431a807bac72657424c44472cc457a2b2f856442e941850c00046,0.29652042360060515,0.7770817574382248,0.0,2122.0428360017563,10861,1.0,0.4062527385536514,static_tuned,0.9493192133131618,0.1722893785519672,0.38404563792233987,cc56130bd1cbc0a0fba82841,14.508274946000256,sensor_fault,7016,24bfb8b9aac5b87f9f268595cf4462964bd3a01da9d8089f51ed740d780fee86,0,0.00151285930408472
50,0.042773690623289506,0.0,39.29426790127428,0,0.0,0.47909785051483433,0.7289484545574823,0.24508320726172467,0.3210617332099621,12.565030059182332,0.9166666666666666,0.8888888888888888,32,36,480.2463620377797,4359898ad5beb32bbf1d8eff13ccc594cdb32a36c3aec06531a94f326fed618b,f000d324411431a807bac72657424c44472cc457a2b2f856442e941850c00046,0.18305597579425115,0.826873227325812,5.0,1408.1520686670408,6907,1.0,0.22910201424076768,economic,1.0,0.10230401375369146,0.4778657080298673,d65b1f7ab477c8717803efad,14.739310356000033,moving_front,7007,24bfb8b9aac5b87f9f268595cf4462964bd3a01da9d8089f51ed740d780fee86,50,0.05648008068582954
0,0.24094648260211793,0.0,122.5074461043873,0,0.03681290973272819,0.2902143464856925,0.3588155572365103,0.6853252647503782,0.0,3.401164364738779,0.6388888888888888,0.4444444444444444,16,36,443.238100129471,61fbc2c3c47ea0b2f394bf19d5d944ff33916305affd279efd1232b2237e443b,f000d324411431a807bac72657424c44472cc457a2b2f856442e941850c00046,0.2118003025718608,0.5369862581946545,0.0,2118.0851999015854,6501,1.0,0.3233141256810404,static_tuned,1.0,0.04758540065789694,0.2897125567322239,16c6d8647bb1679ae8241ce6,4.032907088999991,storm,7008,24bfb8b9aac5b87f9f268595cf4462964bd3a01da9d8089f51ed740d780fee86,0,0.37241553202218863
25,0.03539460413514876,0.0,37.945978315683305,0,0.0,0.41163688742225274,0.7346901790216843,0.04236006051437216,0.6145833333333333,7.216973882493736,0.9722222222222222,0.9722222222222222,35,36,442.0777786017556,20cbee7be12f3041b6f80dfbab6cf06c7cd24e2dceeb098a373acea1952196d8,f000d324411431a807bac72657424c44472cc457a2b2f856442e941850c00046,0.08925869894099848,0.7940068709026726,2.4,1954.412260594046,6930,1.0,0.39783623890621184,deadline_fusion,0.9334341906202723,0.17662826145494792,0.4127978441754917,0777d6347ac8acb506466b41,48.372214413000165,sensor_fault,7018,24bfb8b9aac5b87f9f268595cf4462964bd3a01da9d8089f51ed740d780fee86,25,0.010337871911245588
,0.36038357286938977,0.0,148.29744232223902,0,0.06782652546646495,0.25937190736036897,0.339952092788704,0.6913767019667171,0.0,15.363695056049908,0.5277777777777778,0.3888888888888889,14,36,876.0420746907932,5772c05e39ffe56db9fe4d550c615751b591862ac0732ff00bde5b9c136479f3,f000d324411431a807bac72657424c44472cc457a2b2f856442e941850c00046,0.07715582450832073,0.46321860816944016,,1724.5218971259449,4922,1.0,0.29028620678325373,adaptive,1.0,0.06068528943317748,0.25999117498739277,3bec44dd303ee179aa0ae051,7.48166066400006,storm,7006,24bfb8b9aac5b87f9f268595cf4462964bd3a01da9d8089f51ed740d780fee86,7,0.23499747856782655
51,0.03140758951084215,0.0,40.87186396873424,0,0.0,0.3505815639484455,0.6843245713565305,0.0907715582450832,0.515625,9.518352153075423,0.9722222222222222,0.9722222222222222,35,36,437.4813601963226,5772c05e39ffe56db9fe4d550c615751b591862ac0732ff00bde5b9c136479f3,f000d324411431a807bac72657424c44472cc457a2b2f856442e941850c00046,0.048411497730711045,0.7663183938477054,5.05,1929.494947353852,5997,1.0,0.496312924994921,economic,0.9004034291477558,0.18213622875928845,0.35192101613716587,2dfc571f815f3ad6d09dcd16,14.578138984999896,sensor_fault,7006,24bfb8b9aac5b87f9f268595cf4462964bd3a01da9d8089f51ed740d780fee86,51,0.012607160867372666
43,0.051825024066761545,0.0,38.082626827160176,0,0.0,0.48521613262630114,0.7627505627061216,0.21936459909228442,0.39783611070627234,12.266810033982079,0.9444444444444444,0.8888888888888888,32,36,507.3517249879857,33909bb95a53710954872d70bc5591af92a450651324e9fef7a21e0a1cd4da1e,f000d324411431a807bac72657424c44472cc457a2b2f856442e941850c00046,0.2708018154311649,0.8188973165954507,4.283333333333333,1483.0435589601782,8755,1.0,0.2593300701374846,fungal,1.0,0.09409619073208515,0.4851541189150098,5e33f957b788f08534439e4c,15.365245832000028,moving_front,7004,24bfb8b9aac5b87f9f268595cf4462964bd3a01da9d8089f51ed740d780fee86,43,0.021684316691880985
0,0.04559984955969281,0.0,38.447822503332276,0,0.0,0.44318798642477686,0.749683000031051,0.19213313161875945,0.40744496896417903,3.0810238028077244,0.9166666666666666,0.9166666666666666,33,36,443.47757535967327,ddbf34503eff23fbcd394039890145ec197c5f33f339d9222c1ea54ac42702a6,f000d324411431a807bac72657424c44472cc457a2b2f856442e941850c00046,0.4009077155824508,0.8017003451507361,0.0,2119.962361933627,10265,1.0,0.2465304665122494,static_tuned,1.0,0.0864767526630311,0.4437172713779089,ab43e7efd9aa89c3c7195ba7,4.700838465000061,moving_front,7003,24bfb8b9aac5b87f9f268595cf4462964bd3a01da9d8089f51ed740d780fee86,0,0.009077155824508321
0,0.021101235501765,0.0,26.840487897125566,0,0.0,0.4422412254641075,0.8106562027231468,0.006051437216338881,0.6979166666666665,3.084939077305775,0.9444444444444444,0.9444444444444444,34,36,442.9508306995296,ac5fa5d877e58450b21b5619aadcad71ab1db9e7cd210fd1cd516ef4a934c028,f000d324411431a807bac72657424c44472cc457a2b2f856442e941850c00046,0.22390317700453857,0.8429068961169943,0.0,2122.2520083251125,9574,1.0,0.42924492059632285,static_tuned,1.0,0.1967481883863161,0.4414948940998487,6716b68b9e9c78d749d3e995,7.794841548000022,sensor_fault,7014,24bfb8b9aac5b87f9f268595cf4462964bd3a01da9d8089f51ed740d780fee86,0,0.0007564296520423601
54,0.046332297897282715,0.0,37.983074959078564,0,0.0,0.4839194295765031,0.7508836834055601,0.2254160363086233,0.3889408326248263,13.85036663831913,0.9444444444444444,0.9444444444444444,34,36,518.2422334533543,6e2d005a512f8f795588b53a08d35435fd833e215d9a9396f9ada02b8104fa48,f000d324411431a807bac72657424c44472cc457a2b2f856442e941850c00046,0.3267776096822995,0.8083990272087728,5.383333333333334,1474.26040460713,9571,1.0,0.19181725600390537,economic,1.0,0.08333014363506118,0.48232760422760906,2609296534372f7927834e2e,14.87492577099988,moving_front,7009,24bfb8b9aac5b87f9f268595cf4462964bd3a01da9d8089f51ed740d780fee86,54,0.019162884518406455
,0.02553738023197176,0.0,34.87054021684317,0,0.0,0.3449730583608804,0.7374322365103377,0.018154311649016642,0.5989583333333333,6.171113328172277,0.8888888888888888,0.8611111111111112,31,36,557.6327154038532,7bba1255199adfdb1a1ba0c529b8275f13780540abed81a608a55c16f4b1390f,f000d324411431a807bac72657424c44472cc457a2b2f856442e941850c00046,0.5128593040847201,0.7567921079172969,,1946.2954289523504,12839,1.0,0.43007216188904773,adaptive,0.980584972264246,0.17026880029004884,0.344553706505295,de72510b010f043171798fc8,8.825877498999944,sensor_fault,7003,24bfb8b9aac5b87f9f268595cf4462964bd3a01da9d8089f51ed740d780fee86,3,0.0
0,0.23186144730206756,0.0,119.03610375693393,0,0.030257186081694403,0.29655695101970697,0.36441786434694906,0.6883509833585476,0.0,3.4031025488635667,0.6285714285714286,0.5714285714285714,20,35,443.24455938473824,9b5a428363b62ad024a6d518c6bdc283191d1cf8739502f5298786104f688bf6,f000d324411431a807bac72657424c44472cc457a2b2f856442e941850c00046,0.1815431164901664,0.5465755799293998,0.0,2119.749510717005,6003,1.0,0.3656869286661045,static_tuned,1.0,0.06040685428829361,0.2955906454866363,f9e6cb87f5ca7c7f777c0af7,6.5585425540000415,storm,7001,24bfb8b9aac5b87f9f268595cf4462964bd3a01da9d8089f51ed740d780fee86,0,0.34896621280887546
,0.03379776399391865,0.0,38.505326700094955,0,0.006555723651033787,0.5216701505997294,0.6910189993415761,0.27685325264750377,0.17493611487694796,0.8821122042718241,0.8888888888888888,0.8888888888888888,32,36,363.79660188237926,358f3d3ac5e4c7943da7c4ded7230c7e4afe2570f3a3d3555871e5543b789f00,f000d324411431a807bac72657424c44472cc457a2b2f856442e941850c00046,0.12254160363086233,0.8536751772137169,,2496.079948594624,5818,1.0,0.385179248960118,fixed_ring,1.0,0.14434705686089924,0.5198271077230832,e2443fbe379e12a6080600d4,5.474309418000075,moving_front,7014,24bfb8b9aac5b87f9f268595cf4462964bd3a01da9d8089f51ed740d780fee86,0,0.10337871911245587
41,0.27355963187090265,0.0,123.82442164649518,0,0.005547150781643973,0.28121971105103444,0.3792864346949067,0.6853252647503782,0.041666666666666664,9.272685491594336,0.8055555555555556,0.6944444444444444,25,36,441.44371406066165,7bba1255199adfdb1a1ba0c529b8275f13780540abed81a608a55c16f4b1390f,f000d324411431a807bac72657424c44472cc457a2b2f856442e941850c00046,0.16036308623298035,0.4993854009077156,4.083333333333333,1580.143653894515,6086,1.0,0.2447900243661427,economic,1.0,0.10899775593415716,0.2819276348966212,46dc1f9cdef69a9324741fd7,13.317017351000004,storm,7003,24bfb8b9aac5b87f9f268595cf4462964bd3a01da9d8089f51ed740d780fee86,41,0.18835098335854766
,0.05043652294503277,0.0,44.981483232476045,0,0.0,0.3355012745817426,0.7029595310136156,0.018154311649016642,0.6041666666666666,8.381698039918636,0.8888888888888888,0.8888888888888888,32,36,660.9065698480058,c01d3e850dcea516d0864d501fedc94fd615e60fababbc941400707247a8bedb,f000d324411431a807bac72657424c44472cc457a2b2f856442e941850c00046,0.49319213313161875,0.7310104639435198,,1943.31920509512,12425,1.0,0.4072753197319551,adaptive,0.9576399394856279,0.1756883179678506,0.3347043620776601,8c2bb0f4c9c863b5ea18450c,10.429824564999763,sensor_fault,7016,24bfb8b9aac5b87f9f268595cf4462964bd3a01da9d8089f51ed740d780fee86,3,0.0012607160867372667
0,0.051731328718470665,0.0,41.64004770464698,0,0.0,0.43595428690793464,0.7308221139457658,0.19818456883509833,0.4252148276486605,3.072882191842368,0.9444444444444444,0.9444444444444444,34,36,443.41449911019197,5b23548e342cd0e105b412e1f6ff973e8f388f6fbedb3fc9e75b3089b159ddd9,f000d324411431a807bac72657424c44472cc457a2b2f856442e941850c00046,0.3918305597579425,0.7833319186086543,0.0,2121.278949906385,10743,1.0,0.1861969511169685,static_tuned,1.0,0.09236418657573459,0.43587466909504813,eeb6f6309ce51e18bdb5e8e3,5.7211597900000015,moving_front,7002,24bfb8b9aac5b87f9f268595cf4462964bd3a01da9d8089f51ed740d780fee86,0,0.010337871911245586
49,0.037900277357539085,0.0,38.977795637922334,0,0.0,0.39150008648110696,0.7229103630862328,0.037821482602118005,0.59375,6.072045130822666,0.9722222222222222,0.9722222222222222,35,36,421.6784254405401,fb367cc0d79aa8d9c98eb2a529262d3fdb12211bf1a4b9a1df875515bb387ab8,f000d324411431a807bac72657424c44472cc457a2b2f856442e941850c00046,0.22844175491679275,0.7690368129097326,1.6666666666666667,1898.0697822076215,9400,1.0,0.3492914582625368,recruitment,1.0,0.1647716921093188,0.3922087745839637,81736f6af7022d122ebea732,15.616407604000415,sensor_fault,7002,24bfb8b9aac5b87f9f268595cf4462964bd3a01da9d8089f51ed740d780fee86,49,0.00226928895612708
57,0.06360714823923845,0.0,45.623804033258494,0,0.0037821482602118004,0.47522184843009874,0.7149348533212178,0.2859304084720121,0.2676127486678629,8.69026116002015,0.8888888888888888,0.8888888888888888,32,36,459.6647466422033,a9dc4e7a83ea86ea436568b7b9e6ff3f12c69e20d2897f78617ebd8a5771ceb1,f000d324411431a807bac72657424c44472cc457a2b2f856442e941850c00046,0.3434190620272315,0.8022020728793737,1.9,1449.870679788115,8930,1.0,0.32491550969493926,greedy_sparse,1.0,0.10577907054121984,0.47678581337803383,bf4ee9b3f15b81cd4d91e1c1,14.047805494000158,moving_front,7008,24bfb8b9aac5b87f9f268595cf4462964bd3a01da9d8089f51ed740d780fee86,57,0.07841654059505798
42,0.26748455622793743,0.0,123.3220262859304,0,0.016389309127584465,0.28300538449717655,0.37126512859304084,0.6883509833585476,0.041666666666666664,5.4306291510688816,0.75,0.6388888888888888,23,36,414.80546026240467,c01d3e850dcea516d0864d501fedc94fd615e60fababbc941400707247a8bedb,f000d324411431a807bac72657424c44472cc457a2b2f856442e941850c00046,0.1588502269288956,0.5157353126575894,1.6,1553.4228492595491,6255,1.0,0.19717505737181437,recruitment,1.0,0.09804781248726,0.28275497982854253,632d27a38dc8627f4ab2dcd7,13.701065208000045,storm,7016,24bfb8b9aac5b87f9f268595cf4462964bd3a01da9d8089f51ed740d780fee86,42,0.23071104387291982
48,0.04689999627480946,0.0,43.491492309961714,0,0.0012607160867372667,0.45567462849460993,0.6902825073283851,0.29652042360060515,0.22878359831248346,12.76009535078648,0.8888888888888888,0.8888888888888888,32,36,508.0235801920591,897c3ea0ca4def7c92d6c5bc4c681216da15d36377736736da162a96b99c0650,f000d324411431a807bac72657424c44472cc457a2b2f856442e941850c00046,0.1800302571860817,0.8053164896123455,4.75,1486.5503604899104,6892,1.0,0.32582915832687154,deadline_fusion,1.0,0.07737338675363215,0.455339072801413,f169e99e846755dc61a76d46,47.332632369000066,moving_front,7017,24bfb8b9aac5b87f9f268595cf4462964bd3a01da9d8089f51ed740d780fee86,48,0.0869894099848714
,0.06440386142355609,0.0,41.779456807638596,0,0.0,0.5094725131120945,0.7585611383486119,0.16187594553706505,0.40379630505940106,47.99413481441564,0.9444444444444444,0.9166666666666666,33,36,2379.3136666634905,33909bb95a53710954872d70bc5591af92a450651324e9fef7a21e0a1cd4da1e,f000d324411431a807bac72657424c44472cc457a2b2f856442e941850c00046,0.20574886535552195,0.8230475351520341,,1103.8728066719675,8489,1.0,0.2731675185766329,adaptive,1.0,0.07264949500390744,0.5116701214014694,ccab8d11f9cf6875f65db2ba,8.759411308000153,moving_front,7004,24bfb8b9aac5b87f9f268595cf4462964bd3a01da9d8089f51ed740d780fee86,17,0.027735753908219866
47,0.04136610112178909,0.0,35.21478265599337,0,0.0,0.49891181931386314,0.769362832497762,0.19062027231467474,0.3837217952964553,13.86525853650192,0.9444444444444444,0.9444444444444444,34,36,530.7163508691185,a045df01d14234cb96176801d87713dde0c5b1030233001228c3094e00dd4a73,f000d324411431a807bac72657424c44472cc457a2b2f856442e941850c00046,0.24962178517397882,0.8290012723524719,4.7,1443.048301411701,8468,1.0,0.2361053791048696,fungal,1.0,0.09177431021471001,0.5010385027799971,d96c3fe12c344de21c81c420,17.413993636999976,moving_front,7011,24bfb8b9aac5b87f9f268595cf4462964bd3a01da9d8089f51ed740d780fee86,47,0.017902168431669183
55,0.03433087493696419,0.0,37.44236163640948,0,0.0,0.4049936099511946,0.7391184442763489,0.039334341906202726,0.59375,10.515235924029842,1.0,1.0,36,36,445.5805576570684,61fbc2c3c47ea0b2f394bf19d5d944ff33916305affd279efd1232b2237e443b,f000d324411431a807bac72657424c44472cc457a2b2f856442e941850c00046,0.1437216338880484,0.7879869515885023,5.416666666666667,1817.8181557745947,8174,1.0,0.48582565684491985,economic,0.9652042360060514,0.2162992428652994,0.4052965834594049,37c761988e7cb93da66da139,14.282284389999859,sensor_fault,7008,24bfb8b9aac5b87f9f268595cf4462964bd3a01da9d8089f51ed740d780fee86,55,0.0037821482602118004
47,0.028444906707009585,0.0,34.174349155320215,0,0.0007564296520423601,0.427156585957321,0.7513631492687846,0.05143721633888049,0.5989583333333333,6.223676269368716,0.9722222222222222,0.9722222222222222,35,36,430.2525746209744,e5eb0adce92def657b42daaff1168729498af6b7f7eacaec91555308393fbb04,f000d324411431a807bac72657424c44472cc457a2b2f856442e941850c00046,0.057488653555219364,0.8218056606152292,1.5666666666666667,1916.2135214413354,6397,1.0,0.4212836907650406,recruitment,0.8908219868885526,0.22708332545415336,0.42631902420574885,4b75a74c6107a7279163190f,15.12483090700016,sensor_fault,7005,24bfb8b9aac5b87f9f268595cf4462964bd3a01da9d8089f51ed740d780fee86,47,0.013867876954109933
23,0.029453479576399395,0.0,33.57066313666163,0,0.0,0.40265689723871995,0.7659322995461422,0.01361573373676248,0.6822916666666665,7.992975168209392,0.9166666666666666,0.9166666666666666,33,36,463.0037050922773,6ef10a6f8528f48913779ce02125f8ae67ac504fa24b04f7d539448adf330dc7,f000d324411431a807bac72657424c44472cc457a2b2f856442e941850c00046,0.29954614220877457,0.7958506681795258,2.3,2040.1307960397653,10552,0.9679778113968733,0.5664814596150562,fungal,0.9720121028744326,0.17766152389127499,0.40300365607665156,e35668b64402e0ee9bb4d186,14.831450393000068,sensor_fault,7012,24bfb8b9aac5b87f9f268595cf4462964bd3a01da9d8089f51ed740d780fee86,23,0.0012607160867372667
40,0.3243901285930408,0.0,133.79262796268281,0,0.0,0.2658883844806887,0.3721870272314674,0.697428139183056,0.05208333333333333,11.022611780546493,0.6111111111111112,0.5555555555555556,20,36,477.68004190293163,1ffbd60f44c9f81edacbd6236060262a241240e41dabbe8776c51fac2266503a,f000d324411431a807bac72657424c44472cc457a2b2f856442e941850c00046,0.1361573373676248,0.47354072112960155,4.0,1243.0614623836225,6204,1.0,0.2478391745134992,deadline_fusion,1.0,0.06306772346576536,0.26561712052445785,97751107f5142de8a6e4c35e,37.89115843299999,storm,7004,24bfb8b9aac5b87f9f268595cf4462964bd3a01da9d8089f51ed740d780fee86,40,0.11699445284921833
55,0.014703101361573373,0.0,29.060057362581944,0,0.0,0.4130820138413444,0.7729765506807865,0.018154311649016642,0.625,6.910826878915392,0.9444444444444444,0.9166666666666666,33,36,432.00663107626036,7bba1255199adfdb1a1ba0c529b8275f13780540abed81a608a55c16f4b1390f,f000d324411431a807bac72657424c44472cc457a2b2f856442e941850c00046,0.16944024205748864,0.8080008194654561,1.9166666666666667,1868.0599146072307,8387,1.0,0.43779841461615737,greedy_sparse,0.9601613716591023,0.18969538148919135,0.41312090267271806,663cd0c01e9ffea6fe261515,16.733259048000036,sensor_fault,7003,24bfb8b9aac5b87f9f268595cf4462964bd3a01da9d8089f51ed740d780fee86,55,0.0005042864346949066
52,0.03960330541812798,0.0,39.66005499103857,0,0.00529500756429652,0.46346386282981794,0.7237100524594164,0.25113464447806355,0.32765288934350795,7.484959661374749,0.8857142857142857,0.8571428571428571,30,35,447.48307634622,0eaaad553c80db6664d9a551f5b55b53a649071324c5a65ea020b06da777986c,f000d324411431a807bac72657424c44472cc457a2b2f856442e941850c00046,0.3373676248108926,0.8155441043623186,1.7666666666666666,1463.363497381957,9121,1.0,0.3627966950590196,recruitment,1.0,0.08781182162414354,0.46329672918096154,c3f1032a95c3f765a29520a1,14.451141695999922,moving_front,7001,24bfb8b9aac5b87f9f268595cf4462964bd3a01da9d8089f51ed740d780fee86,52,0.07791225416036308
,0.2945426752395361,0.0,145.6115654942007,0,0.26651538073625824,0.32873119946443,0.309726424609178,0.7186081694402421,0.0,1.2224211615399494,0.75,0.5555555555555556,20,36,363.934879469387,1ffbd60f44c9f81edacbd6236060262a241240e41dabbe8776c51fac2266503a,f000d324411431a807bac72657424c44472cc457a2b2f856442e941850c00046,0.10892586989409984,0.5922765380736258,,2493.779844598312,4407,1.0,0.2500141655740664,fixed_ring,1.0,0.06900305901370649,0.32982696671709527,7f848706c8ff7deaab616393,3.9265890629999376,storm,7004,24bfb8b9aac5b87f9f268595cf4462964bd3a01da9d8089f51ed740d780fee86,0,0.5630358043368633
44,0.2922339889056984,0.0,128.61234556227936,0,0.019919314170448815,0.2826999635437946,0.3601865859808371,0.6913767019667171,0.005208333333333333,6.214098113333756,0.6666666666666666,0.5,18,36,429.4075434678041,fb367cc0d79aa8d9c98eb2a529262d3fdb12211bf1a4b9a1df875515bb387ab8,f000d324411431a807bac72657424c44472cc457a2b2f856442e941850c00046,0.17549167927382753,0.504097327281896,1.6833333333333333,1515.6214383808822,6215,1.0,0.1802921016699658,greedy_sparse,1.0,0.06316331213158634,0.2834641326273323,a170611fa3b9f10aa4669184,14.193975745999978,storm,7002,24bfb8b9aac5b87f9f268595cf4462964bd3a01da9d8089f51ed740d780fee86,44,0.26147251638930913
0,0.056160270155116834,0.0,42.61573435013789,0,0.0,0.45429338644479367,0.7234143541164577,0.2617246596066566,0.28633649532274585,3.0903779856998193,0.9166666666666666,0.9166666666666666,33,36,443.5618611118248,33909bb95a53710954872d70bc5591af92a450651324e9fef7a21e0a1cd4da1e,f000d324411431a807bac72657424c44472cc457a2b2f856442e941850c00046,0.3101361573373676,0.7986504608118374,0.0,2120.901167918599,9204,1.0,0.25910987308878475,static_tuned,1.0,0.09074420028012989,0.4538487034752665,383b1df219699f44bd4486f9,4.98454423599992,moving_front,7004,24bfb8b9aac5b87f9f268595cf4462964bd3a01da9d8089f51ed740d780fee86,0,0.03378719112455874
38,0.3221681164901664,0.0,134.09295417297025,0,0.0012607160867372667,0.26070946459138905,0.3779390443772062,0.6883509833585476,0.05208333333333333,11.087064114089518,0.6944444444444444,0.5833333333333334,21,36,484.5591539154029,fb367cc0d79aa8d9c98eb2a529262d3fdb12211bf1a4b9a1df875515bb387ab8,f000d324411431a807bac72657424c44472cc457a2b2f856442e941850c00046,0.1800302571860817,0.4605868633383761,3.8,1097.1341711909881,7290,1.0,0.17904474245383337,deadline_fusion,1.0,0.06269496378567198,0.2612755295007564,19a80c22d601b6ab233e5497,41.26575410300006,storm,7002,24bfb8b9aac5b87f9f268595cf4462964bd3a01da9d8089f51ed740d780fee86,38,0.10665658093797277
,0.2643327660110943,0.0,133.08946356530507,0,0.18784669692385272,0.3244325121613678,0.3376434064548663,0.6944024205748865,0.0,1.201103302623291,0.7222222222222222,0.6111111111111112,22,36,363.92636785493363,6ef10a6f8528f48913779ce02125f8ae67ac504fa24b04f7d539448adf330dc7,f000d324411431a807bac72657424c44472cc457a2b2f856442e941850c00046,0.14826021180030258,0.582505988401412,,2495.449205873286,5533,1.0,0.34665141612126027,fixed_ring,1.0,0.0743822319459679,0.323822806354009,6daa41844c39831a9250ac58,4.691566304999924,storm,7012,24bfb8b9aac5b87f9f268595cf4462964bd3a01da9d8089f51ed740d780fee86,0,0.4828542612203731
53,0.06708607914221301,0.0,49.190821022031166,0,0.0,0.4179504453924904,0.6764266354179307,0.3373676248108926,0.21797791418859822,12.983167028556851,0.9444444444444444,0.9444444444444444,34,36,503.6970174106227,ab258b21f7221620284a3215d026dafd75f9efdf5bedb3e529bdff643d2065af,f000d324411431a807bac72657424c44472cc457a2b2f856442e941850c00046,0.1800302571860817,0.7688657368008449,5.216666666666667,1537.847528772636,7038,1.0,0.29215746549853133,economic,1.0,0.0897901506918056,0.4194286158210275,f9232394539849dd648a29e0,15.527605768000058,moving_front,7006,24bfb8b9aac5b87f9f268595cf4462964bd3a01da9d8089f51ed740d780fee86,53,0.04261220373171961
,0.27118003025718607,0.0,141.68526222894604,0,0.21835602622289457,0.3187445828296008,0.31530509329299033,0.7019667170953101,0.0,1.2371062792932832,0.6666666666666666,0.5833333333333334,21,36,363.9489637897252,c01d3e850dcea516d0864d501fedc94fd615e60fababbc941400707247a8bedb,f000d324411431a807bac72657424c44472cc457a2b2f856442e941850c00046,0.15128593040847202,0.5772740166414524,,2493.7428058153423,5260,1.0,0.19603469168603455,fixed_ring,1.0,0.10299895656670958,0.31887449571356524,dbe9c2b7a96ccfcd9f650a2b,4.858626597000011,storm,7016,24bfb8b9aac5b87f9f268595cf4462964bd3a01da9d8089f51ed740d780fee86,0,0.5337871911245589
51,0.05012493588113885,0.0,48.050525221882815,0,0.0027735753908219862,0.47509496681996716,0.6683213532186439,0.32829046898638425,0.07520186782914375,12.178510003628954,0.9166666666666666,0.8611111111111112,31,36,484.08454370035133,277879760b7636cf423ed8f2b038495b33a699b960bf9fcac3c05a45a91ae287,f000d324411431a807bac72657424c44472cc457a2b2f856442e941850c00046,0.15279878971255673,0.8069068471757679,5.016666666666667,1660.9837953345675,6458,1.0,0.3270673524832514,economic,1.0,0.10362145922287774,0.47513117365160185,d1048a0aac92b6ca0f291d1a,18.2835495679999,moving_front,7015,24bfb8b9aac5b87f9f268595cf4462964bd3a01da9d8089f51ed740d780fee86,51,0.11447302067574383
52,0.03555219364599092,0.0,39.18159827281896,0,0.0,0.38444950888430524,0.7146526727181038,0.0529500756429652,0.5729166666666666,6.2038538648024755,0.9444444444444444,0.9444444444444444,34,36,423.5948570001126,7566b3dd58ba1b4b73cead9a88da4a0d93430742ea574afa5e3d674dbfd7a1c5,f000d324411431a807bac72657424c44472cc457a2b2f856442e941850c00046,0.14826021180030258,0.7741190746343922,1.8166666666666667,1829.2140146351264,7958,0.9641956631366615,0.46478430547431054,recruitment,0.9462934947049925,0.18528680301894448,0.3826036938981341,3b1f5f9e92df6c74ff6ac95d,17.591369706000023,sensor_fault,7013,24bfb8b9aac5b87f9f268595cf4462964bd3a01da9d8089f51ed740d780fee86,52,0.010842158345940493
0,0.2880736258194655,0.0,142.28315683308116,0,0.16187594553706505,0.2841826656740653,0.311846003530005,0.7155824508320726,0.0,3.441292878505411,0.8055555555555556,0.5277777777777778,19,36,443.2595904069939,b549dfc41676c63078393edb7074f42e4f0927a271f4a7ecca93c1f6bdaa8078,f000d324411431a807bac72657424c44472cc457a2b2f856442e941850c00046,0.15128593040847202,0.5263647251638931,0.0,2119.387392477526,5007,1.0,0.31909708086138044,static_tuned,1.0,0.06165334075562661,0.28483516137165915,8eff20349108cbfefb4350f1,6.1530420230001255,storm,7015,24bfb8b9aac5b87f9f268595cf4462964bd3a01da9d8089f51ed740d780fee86,0,0.4977307110438729
,0.06962665930179704,0.0,64.30676499016838,0,0.039586485123550175,0.4329497356958819,0.5348362472627712,0.48411497730711045,0.03685472232201805,0.8968762013458568,0.9444444444444444,0.8888888888888888,32,36,363.80205640293747,ab258b21f7221620284a3215d026dafd75f9efdf5bedb3e529bdff643d2065af,f000d324411431a807bac72657424c44472cc457a2b2f856442e941850c00046,0.03479576399394856,0.7830176394539062,,2496.4609191010964,3639,1.0,0.2899431005534741,fixed_ring,1.0,0.09413880493017383,0.4337548734560447,fe4b27fcba4af4c94bf96a83,5.231276419000096,moving_front,7006,24bfb8b9aac5b87f9f268595cf4462964bd3a01da9d8089f51ed740d780fee86,0,0.24684820978315686
46,0.2939911119515885,0.0,128.75181227937466,0,0.004790721129601614,0.27075596571415766,0.36760905194150273,0.6928895612708018,0.03645833333333333,11.648745872686954,0.6388888888888888,0.5555555555555556,20,36,476.73896540700025,1ffbd60f44c9f81edacbd6236060262a241240e41dabbe8776c51fac2266503a,f000d324411431a807bac72657424c44472cc457a2b2f856442e941850c00046,0.14674735249621784,0.48892933686333834,4.583333333333333,1406.4516643304223,5883,1.0,0.24614949816627876,economic,1.0,0.0625622124772426,0.27110123550176496,51d401e31b49b3643650c5bc,14.66908464300002,storm,7004,24bfb8b9aac5b87f9f268595cf4462964bd3a01da9d8089f51ed740d780fee86,46,0.17397881996974282
47,0.03532777411368444,0.0,36.6995777726148,0,0.0020171457387796266,0.511498880740962,0.7383796199999139,0.2329803328290469,0.30107277110449115,13.51214322465484,0.9166666666666666,0.9166666666666666,33,36,513.9154880066329,5bd218142e142fa4278b4a5cda21ab3f6b168aad1e4f87cf0725f2f9c148a9ed,f000d324411431a807bac72657424c44472cc457a2b2f856442e941850c00046,0.19969742813918306,0.834338787173813,4.683333333333334,1459.8086946203339,7242,1.0,0.2860078344873948,deadline_fusion,1.0,0.11722859257778176,0.5108977013263843,1ee56d4c2d1ca2a67a3dbfef,38.12802241999998,moving_front,7000,24bfb8b9aac5b87f9f268595cf4462964bd3a01da9d8089f51ed740d780fee86,47,0.05597579425113466
52,0.02738117750882501,0.0,37.31156234241049,0,0.0,0.38287790407629607,0.7220830181543116,0.0226928895612708,0.6093749999999999,6.827565981289697,0.9166666666666666,0.9166666666666666,33,36,430.8833544043361,1ffbd60f44c9f81edacbd6236060262a241240e41dabbe8776c51fac2266503a,f000d324411431a807bac72657424c44472cc457a2b2f856442e941850c00046,0.07715582450832073,0.7758919566313665,1.85,1883.7150642299837,7160,1.0,0.2939735572664355,greedy_sparse,1.0,0.14820099945451337,0.3832970877458396,6a500ba61ba6b4012a12adfe,18.25562373599996,sensor_fault,7004,24bfb8b9aac5b87f9f268595cf4462964bd3a01da9d8089f51ed740d780fee86,52,0.0007564296520423601
51,0.01289870146243066,0.0,28.1590393343419,0,0.0,0.41342041224535986,0.7782951966717095,0.006051437216338881,0.6354166666666666,9.257008457606767,0.9722222222222222,0.9722222222222222,35,36,434.7589994816726,7bba1255199adfdb1a1ba0c529b8275f13780540abed81a608a55c16f4b1390f,f000d324411431a807bac72657424c44472cc457a2b2f856442e941850c00046,0.18305597579425115,0.8129885274836105,5.0,1878.8318825280533,8779,1.0,0.4380656728040855,economic,0.9624306606152294,0.18674850785797883,0.41349123802319715,f95a16afe4b1e3da5410e4c5,15.702137356000094,sensor_fault,7003,24bfb8b9aac5b87f9f268595cf4462964bd3a01da9d8089f51ed740d780fee86,51,0.0
,0.03014687342410489,0.0,50.763875756429655,0,0.0005042864346949066,0.39744680152023887,0.5328101361573374,0.3842662632375189,0.265625,0.9067544163217311,1.0,0.9722222222222222,35,36,363.4337417456983,c0265f2f5da1b8f1e6334a7d1da15d24852be86831d4583cf0a020b238d73be2,f000d324411431a807bac72657424c44472cc457a2b2f856442e941850c00046,0.0015128593040847202,0.7634423852748361,,2497.109581653059,3051,1.0,0.2616599683068809,fixed_ring,0.9467977811396873,0.18086976151466763,0.39762985375693394,ed1762c6ece3c6597836d3c8,4.763540361000196,sensor_fault,7010,24bfb8b9aac5b87f9f268595cf4462964bd3a01da9d8089f51ed740d780fee86,0,0.1021180030257186
53,0.03785300050428643,0.0,40.42289145234493,0,0.0,0.42025135585515055,0.7062295133635904,0.06354009077155824,0.5520833333333333,6.0616826498220675,0.9166666666666666,0.9166666666666666,33,36,419.14580264278607,5f8536aad221b558feae01abd9e48012ffd43f0d986448ef31076303591affbe,f000d324411431a807bac72657424c44472cc457a2b2f856442e941850c00046,0.0226928895612708,0.7958743066061522,1.9,2019.6419750431874,4944,1.0,0.48913471360026817,recruitment,1.0,0.19231476992574667,0.4189989914271305,3a795114cc95ed6455f0fa6b,17.03421729699994,sensor_fault,7000,24bfb8b9aac5b87f9f268595cf4462964bd3a01da9d8089f51ed740d780fee86,53,0.013363590519415028
26,0.29646526727181033,0.0,130.29922308371155,0,0.006555723651033787,0.2728022680094718,0.3701620020171457,0.6822995461422088,0.020833333333333332,8.251240151936923,0.7777777777777778,0.5277777777777778,19,36,450.49839406655394,50b7b3fbf7cedf803850a0428d40ee1ccc4080b783db00698cf7730c8a755b36,f000d324411431a807bac72657424c44472cc457a2b2f856442e941850c00046,0.1875945537065053,0.4838785930408471,2.566666666666667,1685.8904937002055,6402,1.0,0.23905594790962975,fungal,1.0,0.06327257573010091,0.2727007690368129,53a0a247e4eb4be3b1c6ebac,16.11111085000016,storm,7011,24bfb8b9aac5b87f9f268595cf4462964bd3a01da9d8089f51ed740d780fee86,26,0.23323247604639433
45,0.29425901412002015,0.0,131.24602086485123,0,0.02118003025718608,0.2703756624876552,0.3684127584467978,0.6883509833585476,0.03645833333333333,9.897389683665846,0.6666666666666666,0.5277777777777778,19,36,452.3233863196326,956a9ceb80df2feb4bb3b76f79213a7f0cb93b60e4835d44d36852e549355e78,f000d324411431a807bac72657424c44472cc457a2b2f856442e941850c00046,0.1361573373676248,0.491017397881997,4.483333333333333,1394.4815438278806,5879,1.0,0.18948414215012246,economic,1.0,0.08437132624417035,0.2700375063035804,76eb96123943e45b9666cf6a,13.824113945000136,storm,7009,24bfb8b9aac5b87f9f268595cf4462964bd3a01da9d8089f51ed740d780fee86,45,0.22617246596066565
,0.03143122793746848,0.0,37.306125504286435,0,0.0,0.3497130553015295,0.7298994578920827,0.02723146747352496,0.6302083333333333,12.178602596169231,1.0,1.0,36,36,808.2998423004565,50b7b3fbf7cedf803850a0428d40ee1ccc4080b783db00698cf7730c8a755b36,f000d324411431a807bac72657424c44472cc457a2b2f856442e941850c00046,0.4145234493192133,0.7594238527483609,,1857.3334958743262,11774,1.0,0.33595226988088556,adaptive,0.9848714069591528,0.14173543147054776,0.3506287821482602,2098380ba81abea8f66775e7,7.872248894999757,sensor_fault,7011,24bfb8b9aac5b87f9f268595cf4462964bd3a01da9d8089f51ed740d780fee86,7,0.0012607160867372667
51,0.03462241553202219,0.0,37.460326840645486,0,0.0,0.3942278077344013,0.7430345436207766,0.0226928895612708,0.640625,9.782505683234808,1.0,0.9722222222222222,35,36,441.69593333470834,c01d3e850dcea516d0864d501fedc94fd615e60fababbc941400707247a8bedb,f000d324411431a807bac72657424c44472cc457a2b2f856442e941850c00046,0.22995461422087746,0.7798395738779625,5.05,1863.139733866215,9859,1.0,0.4034016862420329,economic,1.0,0.16259170724031471,0.39426531770045387,9ef05e7bee92d0f056c18759,16.45203873399987,sensor_fault,7016,24bfb8b9aac5b87f9f268595cf4462964bd3a01da9d8089f51ed740d780fee86,51,0.0020171457387796266
45,0.05726519933409544,0.0,54.43178011121189,0,0.022692889561270798,0.48541312995328906,0.6296642845530545,0.3630862329803328,0.04271191472423335,6.692819624518319,0.9444444444444444,0.9166666666666666,33,36,433.18129414676804,277879760b7636cf423ed8f2b038495b33a699b960bf9fcac3c05a45a91ae287,f000d324411431a807bac72657424c44472cc457a2b2f856442e941850c00046,0.16944024205748864,0.8121163735132869,1.4833333333333334,1831.3441946993848,6207,1.0,0.32500997474756377,recruitment,1.0,0.10182336934726277,0.4861423255964307,3b6ee77be20ac725c03699ae,16.85886071899995,moving_front,7015,24bfb8b9aac5b87f9f268595cf4462964bd3a01da9d8089f51ed740d780fee86,45,0.19314170448814927
50,0.05354864879079578,0.0,39.01250932416341,0,0.0,0.4814537835305809,0.7592409526074192,0.20121028744326777,0.39765679152850014,14.321031671763093,0.9444444444444444,0.8888888888888888,32,36,524.8344818349565,33909bb95a53710954872d70bc5591af92a450651324e9fef7a21e0a1cd4da1e,f000d324411431a807bac72657424c44472cc457a2b2f856442e941850c00046,0.29954614220877457,0.8128794432895535,4.983333333333333,1488.1947774561618,9177,1.0,0.2565900898267941,deadline_fusion,1.0,0.08130463672033342,0.47990491783575334,d1efff27c4112534c3014131,42.466764323999996,moving_front,7004,24bfb8b9aac5b87f9f268595cf4462964bd3a01da9d8089f51ed740d780fee86,50,0.016137165910237013
,0.06221995018797874,0.0,51.124467260742136,0,0.010085728693898134,0.4749010813665169,0.635112729274952,0.3918305597579425,0.11013218450972923,0.8756326741333056,0.8888888888888888,0.8611111111111112,31,36,363.79231606069055,a9dc4e7a83ea86ea436568b7b9e6ff3f12c69e20d2897f78617ebd8a5771ceb1,f000d324411431a807bac72657424c44472cc457a2b2f856442e941850c00046,0.11346444780635401,0.8107260735906126,,2495.288196942441,5317,1.0,0.3334380750917514,fixed_ring,1.0,0.11721723374801632,0.47479770026644336,79ec88790ccd515cec8cabb5,4.5803277980000985,moving_front,7008,24bfb8b9aac5b87f9f268595cf4462964bd3a01da9d8089f51ed740d780fee86,0,0.16439737771053958
0,0.03449676588087637,0.0,36.79648363564084,0,0.0,0.45302321726225103,0.736346013775791,0.2314674735249622,0.32573994053425936,3.065776104146487,0.9142857142857143,0.8857142857142857,31,35,443.3157472664839,0eaaad553c80db6664d9a551f5b55b53a649071324c5a65ea020b06da777986c,f000d324411431a807bac72657424c44472cc457a2b2f856442e941850c00046,0.3494704992435703,0.815428184375737,0.0,2121.3910495235264,9588,1.0,0.3619365198550046,static_tuned,1.0,0.1009283920020929,0.45235925189858,d0a1e4b1936e4c7de42725e6,4.989749432000053,moving_front,7001,24bfb8b9aac5b87f9f268595cf4462964bd3a01da9d8089f51ed740d780fee86,0,0.03555219364599092
43,0.29370745083207256,0.0,128.46003530005044,0,0.00226928895612708,0.26998960382079173,0.37710381996974274,0.6959152798789713,0.057291666666666664,11.521179094713846,0.5714285714285714,0.5714285714285714,20,35,478.65457472440033,9b5a428363b62ad024a6d518c6bdc283191d1cf8739502f5298786104f688bf6,f000d324411431a807bac72657424c44472cc457a2b2f856442e941850c00046,0.12405446293494705,0.48156990670700944,4.266666666666667,1262.3848030011002,6040,1.0,0.36714525052242236,deadline_fusion,1.0,0.09742989914189946,0.26947806354009074,079d6c509ef0d9948cdc0f56,47.673433294999995,storm,7001,24bfb8b9aac5b87f9f268595cf4462964bd3a01da9d8089f51ed740d780fee86,43,0.13035804336863338
46,0.02919561124226655,0.0,35.98853990395198,0,0.0025214321734745334,0.5118355799428203,0.7278587686727015,0.25113464447806355,0.2104833360493848,6.392275649945253,1.0,0.9444444444444444,34,36,433.11689673101046,3112fe2c83524b2f2e2f68f6ce520bfc1f93a616346ad692daac26f7b11e5a4b,f000d324411431a807bac72657424c44472cc457a2b2f856442e941850c00046,0.22995461422087746,0.8504385361989124,1.5833333333333333,1767.5654921183625,7275,1.0,0.30439291991564293,recruitment,1.0,0.0852479227527056,0.5126765800401746,5eb58b92e88249f9515f2586,15.042701535000106,moving_front,7005,24bfb8b9aac5b87f9f268595cf4462964bd3a01da9d8089f51ed740d780fee86,46,0.1043872919818457
45,0.04259168077487823,0.0,35.881605404769,0,0.0,0.4641911122067622,0.7761002641496499,0.12556732223903178,0.4452690802256886,12.472597499907277,0.9722222222222222,0.9722222222222222,35,36,512.6570412367486,ddbf34503eff23fbcd394039890145ec197c5f33f339d9222c1ea54ac42702a6,f000d324411431a807bac72657424c44472cc457a2b2f856442e941850c00046,0.3812405446293495,0.8134523378131265,4.466666666666667,1452.9079956215246,10360,1.0,0.24797988562436066,deadline_fusion,1.0,0.09305750497232064,0.46299877623473595,ebb5abb713a97dbac8a130b7,39.25345438199997,moving_front,7003,24bfb8b9aac5b87f9f268595cf4462964bd3a01da9d8089f51ed740d780fee86,45,0.003277861825516894
50,0.03310351532308926,0.0,30.183985661954736,0,0.0,0.5164364591585308,0.7918894379828447,0.13313161875945537,0.46556155426423906,8.402155850489757,0.9722222222222222,0.9722222222222222,35,36,464.6726276180917,358f3d3ac5e4c7943da7c4ded7230c7e4afe2570f3a3d3555871e5543b789f00,f000d324411431a807bac72657424c44472cc457a2b2f856442e941850c00046,0.35703479576399394,0.8560466138310691,1.6666666666666667,1538.9938730685237,9491,1.0,0.38983318786977067,greedy_sparse,1.0,0.13270065403964987,0.5156167874327791,14b2a50e78f809fae04827b4,17.33779139399985,moving_front,7014,24bfb8b9aac5b87f9f268595cf4462964bd3a01da9d8089f51ed740d780fee86,50,0.029500756429652043
,0.350392397881997,0.0,160.5008982602118,0,0.3898134140191629,0.34393115185413753,0.2995855395864851,0.7110438729198184,0.0,1.2408558044840912,0.6388888888888888,0.3333333333333333,12,36,363.94629865337043,e5eb0adce92def657b42daaff1168729498af6b7f7eacaec91555308393fbb04,f000d324411431a807bac72657424c44472cc457a2b2f856442e941850c00046,0.08623298033282904,0.5985643595562279,,2492.606972329873,3835,1.0,0.3135942367564779,fixed_ring,1.0,0.05522051469361795,0.34462462178517395,5fd5cfe1fbeee5e875fc27c1,4.32790693000004,storm,7005,24bfb8b9aac5b87f9f268595cf4462964bd3a01da9d8089f51ed740d780fee86,0,0.5998487140695915
,0.046536182551689356,0.0,41.95489788199697,0,0.0,0.34652073425649077,0.7168431669188099,0.028744326777609682,0.5989583333333333,4.101651652610617,0.9722222222222222,0.9722222222222222,35,36,490.69874890602756,61fbc2c3c47ea0b2f394bf19d5d944ff33916305affd279efd1232b2237e443b,f000d324411431a807bac72657424c44472cc457a2b2f856442e941850c00046,0.44478063540090773,0.7468560892586987,,1946.648966336253,11934,1.0,0.48120856250333444,adaptive,0.9848714069591528,0.16523389893248958,0.3461453605648008,5794e8155865986b69f627c5,7.553718464000212,sensor_fault,7008,24bfb8b9aac5b87f9f268595cf4462964bd3a01da9d8089f51ed740d780fee86,1,0.0
,0.04476467224723747,0.0,37.40613395060927,0,0.0007564296520423601,0.515126469245878,0.7485126307262395,0.18456883509833585,0.3500078461658105,43.96683682320134,0.9444444444444444,0.9444444444444444,34,36,2194.2536722105256,3112fe2c83524b2f2e2f68f6ce520bfc1f93a616346ad692daac26f7b11e5a4b,f000d324411431a807bac72657424c44472cc457a2b2f856442e941850c00046,0.1588502269288956,0.8452968309005257,,1027.4799719543084,7859,1.0,0.3092891891637231,adaptive,1.0,0.08114813149844496,0.5145904435013184,4d7b97426eba2b6d6ed4b3fd,9.059291780999956,moving_front,7005,24bfb8b9aac5b87f9f268595cf4462964bd3a01da9d8089f51ed740d780fee86,14,0.04639435199193142
26,0.037955433686333834,0.0,39.74454740292485,0,0.0,0.37481285559143235,0.7137544125063036,0.04387291981845688,0.578125,8.972539224923027,0.9444444444444444,0.9444444444444444,34,36,464.1026181006507,7566b3dd58ba1b4b73cead9a88da4a0d93430742ea574afa5e3d674dbfd7a1c5,f000d324411431a807bac72657424c44472cc457a2b2f856442e941850c00046,0.1815431164901664,0.7662553580433685,2.6,1969.2090000423739,8826,0.9644478063540091,0.462914593889015,fungal,0.9520927887039837,0.17560529120055632,0.37234461674230956,c282c4178df7ac775c573c22,15.64147812300007,sensor_fault,7013,24bfb8b9aac5b87f9f268595cf4462964bd3a01da9d8089f51ed740d780fee86,26,0.01059001512859304
57,0.0453458303170461,0.0,39.99372148310996,0,0.0037821482602118004,0.4691940795442421,0.7173218848321046,0.2526475037821483,0.25500610493317105,8.36582634837863,0.9722222222222222,0.8888888888888888,32,36,456.87199770964156,0aace0ec30ee371a7c2663e2411d8b6b713bd3c12b78091846cea85ee9e6f3b4,f000d324411431a807bac72657424c44472cc457a2b2f856442e941850c00046,0.3313161875945537,0.813838898957296,1.9,1482.8407264702491,8968,1.0,0.184896278972812,greedy_sparse,1.0,0.11216360888037245,0.4689191138160275,66fcd8d86965f2fda352b5bc,16.296545502000072,moving_front,7013,24bfb8b9aac5b87f9f268595cf4462964bd3a01da9d8089f51ed740d780fee86,57,0.07261724659606657
,0.048765977964364916,0.0,45.25448019000591,0,0.0025214321734745334,0.47839421573673324,0.6721691652490691,0.31164901664145234,0.17422149758404787,0.9035963314133314,0.9722222222222222,0.9722222222222222,35,36,363.80484287237005,5e29696557cda66a921641f993e950ae2ed95f14de01a827d8e1fe0231f9c807,f000d324411431a807bac72657424c44472cc457a2b2f856442e941850c00046,0.15582450832072617,0.8184958204003578,,2495.9662260406017,6634,1.0,0.19895322065863588,fixed_ring,1.0,0.11440248616923754,0.47709221633866883,5964f8cea402956179f969d2,5.838287310999931,moving_front,7016,24bfb8b9aac5b87f9f268595cf4462964bd3a01da9d8089f51ed740d780fee86,0,0.10337871911245587
42,0.2647031013615733,0.0,126.10359934442762,0,0.019415027735753907,0.2807371973932654,0.35485218103883,0.7049924357034796,0.020833333333333332,5.682122590029665,0.5555555555555556,0.4166666666666667,15,36,416.91589032189984,61fbc2c3c47ea0b2f394bf19d5d944ff33916305affd279efd1232b2237e443b,f000d324411431a807bac72657424c44472cc457a2b2f856442e941850c00046,0.13161875945537066,0.5111179399899143,1.6166666666666667,1776.7317462208193,5364,1.0,0.3235095378554973,greedy_sparse,1.0,0.08911341575973328,0.27987109178013103,712c295c3a8f86ee1e1b76be,13.86528285999998,storm,7008,24bfb8b9aac5b87f9f268595cf4462964bd3a01da9d8089f51ed740d780fee86,42,0.27584467977811394
50,0.03210886283408976,0.0,38.33049672213817,0,0.0,0.37860939916730857,0.7169140821986888,0.048411497730711045,0.5729166666666665,6.601838749821317,0.9444444444444444,0.9444444444444444,34,36,425.14834689542596,7566b3dd58ba1b4b73cead9a88da4a0d93430742ea574afa5e3d674dbfd7a1c5,f000d324411431a807bac72657424c44472cc457a2b2f856442e941850c00046,0.15279878971255673,0.773370524457892,1.7,1834.6783039764262,8091,0.9649520927887039,0.46439726716093277,greedy_sparse,0.9480584972264245,0.1824531227601903,0.3765916540595058,c33833d27f1b60376a19beeb,16.730061795999973,sensor_fault,7013,24bfb8b9aac5b87f9f268595cf4462964bd3a01da9d8089f51ed740d780fee86,50,0.009833585476550681
27,0.021574004034291473,0.0,32.01060577407967,0,0.0,0.4037362746740391,0.7538215456379223,0.02723146747352496,0.6197916666666666,9.219504016507548,0.9142857142857143,0.9142857142857143,32,35,469.7819613743825,9b5a428363b62ad024a6d518c6bdc283191d1cf8739502f5298786104f688bf6,f000d324411431a807bac72657424c44472cc457a2b2f856442e941850c00046,0.14977307110438728,0.8080559757942511,2.7,1947.717205613786,8344,1.0,0.4872482670386388,fungal,0.9006555723651033,0.2112937418820624,0.40347642460917793,37e25f0125437c33637e70c0,18.06916494999996,sensor_fault,7001,24bfb8b9aac5b87f9f268595cf4462964bd3a01da9d8089f51ed740d780fee86,27,0.008068582955118506
46,0.04256619186719628,0.0,37.4933069008682,0,0.0,0.5009250738240459,0.7404418981428775,0.2586989409984871,0.3037835807067105,13.07369690548076,0.9722222222222222,0.9166666666666666,33,36,510.22615354132853,43e354cb1fa0a5fed03587ccc8ef089b630912d128abf8941ac224ef282c99e3,f000d324411431a807bac72657424c44472cc457a2b2f856442e941850c00046,0.29046898638426627,0.8316926418816611,4.583333333333333,1482.4241989539564,8245,1.0,0.40747715173715243,deadline_fusion,1.0,0.09782179481279632,0.4995276903062951,8a741c6b381cb2e160da2c23,44.45641335200003,moving_front,7018,24bfb8b9aac5b87f9f268595cf4462964bd3a01da9d8089f51ed740d780fee86,46,0.04488149268784669
0,0.03340109682299546,0.0,35.2160946167423,0,0.0,0.3965723116193633,0.7588013741805344,0.012102874432677761,0.671875,3.0787030460426132,0.9166666666666666,0.9166666666666666,33,36,443.0010904558044,6ef10a6f8528f48913779ce02125f8ae67ac504fa24b04f7d539448adf330dc7,f000d324411431a807bac72657424c44472cc457a2b2f856442e941850c00046,0.3464447806354009,0.7862455874936963,0.0,2122.1390477381015,11126,0.9679778113968733,0.5663569054492464,static_tuned,0.9745335350479073,0.17443481137108716,0.3967709909228442,e129467adf2670660ce297f3,4.743021537000004,sensor_fault,7012,24bfb8b9aac5b87f9f268595cf4462964bd3a01da9d8089f51ed740d780fee86,0,0.0010085728693898133
28,0.3233579172970247,0.0,143.5941045763994,0,0.037065052950075644,0.23961331458941182,0.3232476046394352,0.708018154311649,0.0,8.007500319970255,0.5555555555555556,0.3888888888888889,14,36,435.02465926501145,5772c05e39ffe56db9fe4d550c615751b591862ac0732ff00bde5b9c136479f3,f000d324411431a807bac72657424c44472cc457a2b2f856442e941850c00046,0.12708018154311648,0.44642744578920823,2.7,1790.1102178316137,5247,1.0,0.293661699698773,fungal,1.0,0.05792148200544543,0.24009549924357035,41488640f5642d2a9045dfab,14.387813658000027,storm,7006,24bfb8b9aac5b87f9f268595cf4462964bd3a01da9d8089f51ed740d780fee86,28,0.3356026222894604
0,0.026215015128593037,0.0,39.30290279878971,0,0.0,0.37354343296917303,0.6941030005042863,0.07866868381240545,0.5416666666666666,3.0861934402837754,0.9444444444444444,0.9444444444444444,34,36,442.84679646067036,12c2676d5d2da4bfdacb5c9a6312d12b90a39b080a71ade938e7b16bbaabf086,f000d324411431a807bac72657424c44472cc457a2b2f856442e941850c00046,0.10136157337367625,0.7721098083711547,0.0,2121.9345666046793,7116,1.0,0.4585415314331755,static_tuned,1.0,0.17673295720065504,0.3737156454866364,c7b2f05a98f80d4c7e6faa18,5.0264261099996475,sensor_fault,7019,24bfb8b9aac5b87f9f268595cf4462964bd3a01da9d8089f51ed740d780fee86,0,0.016389309127584465
52,0.027822428139183057,0.0,40.103378719112456,0,0.0,0.3896059899303647,0.6838833207261724,0.08623298033282904,0.5208333333333333,6.729870223321502,1.0,1.0,36,36,423.2871747329253,c0265f2f5da1b8f1e6334a7d1da15d24852be86831d4583cf0a020b238d73be2,f000d324411431a807bac72657424c44472cc457a2b2f856442e941850c00046,0.039334341906202726,0.7835823247604637,1.8333333333333333,1861.8258669292597,5926,1.0,0.26324986985906107,greedy_sparse,0.9578920827029752,0.17856317319683968,0.3905698436712052,843eff78feef9c66c466bdfc,14.058302441999786,sensor_fault,7010,24bfb8b9aac5b87f9f268595cf4462964bd3a01da9d8089f51ed740d780fee86,52,0.0264750378214826
46,0.04141452344931921,0.0,44.22753561522945,0,0.0,0.3997505064721111,0.6621674861321231,0.08018154311649017,0.5208333333333333,5.588615328599848,0.9722222222222222,0.9722222222222222,35,36,409.83566771400615,b549dfc41676c63078393edb7074f42e4f0927a271f4a7ecca93c1f6bdaa8078,f000d324411431a807bac72657424c44472cc457a2b2f856442e941850c00046,0.01664145234493192,0.7780982097831568,1.75,1966.260118398144,4624,1.0,0.4203354760825528,greedy_sparse,0.9553706505295008,0.17828887153870204,0.4004901033787191,31da60c7a99246cd82e9eca1,39.44931038799996,sensor_fault,7015,24bfb8b9aac5b87f9f268595cf4462964bd3a01da9d8089f51ed740d780fee86,46,0.03504790721129601
47,0.02016357791225416,0.0,32.62181669188099,0,0.0,0.3964256947546643,0.753656076651538,0.018154311649016642,0.6302083333333333,9.871016662047786,0.9722222222222222,0.9722222222222222,35,36,441.1364195161085,956a9ceb80df2feb4bb3b76f79213a7f0cb93b60e4835d44d36852e549355e78,f000d324411431a807bac72657424c44472cc457a2b2f856442e941850c00046,0.17246596066565809,0.7973714069591528,4.683333333333334,1927.3484284047292,8619,1.0,0.4012793653123968,economic,0.9001512859304085,0.19374170623416642,0.3971649646999496,37a84ba924ac7d294920c44a,17.516135208999913,sensor_fault,7009,24bfb8b9aac5b87f9f268595cf4462964bd3a01da9d8089f51ed740d780fee86,47,0.0007564296520423601
0,0.03804210791729702,0.0,39.739031770045386,0,0.0,0.37428529296880964,0.7175601991931416,0.0453857791225416,0.5781249999999999,3.096299660090227,0.9166666666666666,0.9166666666666666,33,36,442.8888970655993,7566b3dd58ba1b4b73cead9a88da4a0d93430742ea574afa5e3d674dbfd7a1c5,f000d324411431a807bac72657424c44472cc457a2b2f856442e941850c00046,0.19364599092284418,0.768185829551185,0.0,2122.382291778068,9048,0.9639435199193143,0.4631974532038192,static_tuned,0.9513363590519414,0.17558374600061444,0.37242341149773067,538d32e642dcdd9e077f5cc4,5.885649402999661,sensor_fault,7013,24bfb8b9aac5b87f9f268595cf4462964bd3a01da9d8089f51ed740d780fee86,0,0.009833585476550681
49,0.030901859708912707,0.0,35.19318976281354,0,0.00453857791225416,0.5072029947012806,0.7423684510710986,0.2178517397881997,0.22625035882763087,7.635765016369694,1.0,0.9722222222222222,35,36,453.6905502562362,3112fe2c83524b2f2e2f68f6ce520bfc1f93a616346ad692daac26f7b11e5a4b,f000d324411431a807bac72657424c44472cc457a2b2f856442e941850c00046,0.2526475037821483,0.8515086905822803,1.6333333333333333,1603.0549399791137,7814,1.0,0.30398536229393164,greedy_sparse,1.0,0.0864763433774152,0.5079156122693979,2744952e397227620e2ef849,15.170248049000065,moving_front,7005,24bfb8b9aac5b87f9f268595cf4462964bd3a01da9d8089f51ed740d780fee86,49,0.09304084720121028
53,0.04757274170756788,0.0,39.093216927616105,0,0.0,0.466811865902024,0.7420144190828658,0.2178517397881997,0.35278123601223954,13.983223789312957,0.9722222222222222,0.9444444444444444,34,36,520.4326996514282,0aace0ec30ee371a7c2663e2411d8b6b713bd3c12b78091846cea85ee9e6f3b4,f000d324411431a807bac72657424c44472cc457a2b2f856442e941850c00046,0.31316187594553707,0.8047447342754727,5.3,1503.3599939373207,9217,1.0,0.18352858015943838,deadline_fusion,1.0,0.12227077577093928,0.46542238657194207,e8ca1e1a725d9f65448bf361,42.549523476999866,moving_front,7013,24bfb8b9aac5b87f9f268595cf4462964bd3a01da9d8089f51ed740d780fee86,53,0.016893595562279373
50,0.04690651790216843,0.0,41.420511850731216,0,0.0,0.3913237111041485,0.7185451336359051,0.036308623298033284,0.5989583333333333,6.239063148122359,0.9722222222222222,0.9722222222222222,35,36,413.91643995168243,fb367cc0d79aa8d9c98eb2a529262d3fdb12211bf1a4b9a1df875515bb387ab8,f000d324411431a807bac72657424c44472cc457a2b2f856442e941850c00046,0.22390317700453857,0.7656249999999999,1.6666666666666667,1889.3447252044966,9439,1.0,0.35302348690281626,greedy_sparse,0.9099848714069592,0.20017166078379933,0.3916414523449319,f4a2303618b86d93f7aa7623,15.433740440999827,sensor_fault,7002,24bfb8b9aac5b87f9f268595cf4462964bd3a01da9d8089f51ed740d780fee86,50,0.0030257186081694403
,0.3436396873424105,0.0,137.7586437846697,0,0.0045385779122541605,0.2695467248077209,0.37325075642965205,0.697428139183056,0.005208333333333333,17.497318899793086,0.6944444444444444,0.6666666666666666,24,36,961.582680898753,fb367cc0d79aa8d9c98eb2a529262d3fdb12211bf1a4b9a1df875515bb387ab8,f000d324411431a807bac72657424c44472cc457a2b2f856442e941850c00046,0.18456883509833585,0.4694749117498739,,1710.2280933791965,7190,1.0,0.17923223581745723,adaptive,1.0,0.06083897811982187,0.2701163010590015,b278c427b01350a3e94f2f4c,8.696042562000002,storm,7002,24bfb8b9aac5b87f9f268595cf4462964bd3a01da9d8089f51ed740d780fee86,9,0.13035804336863338
30,0.0324476802824004,0.0,37.205307614725164,0,0.0,0.4054111407902302,0.7359508951084215,0.04236006051437216,0.5885416666666665,8.542131853697034,0.9722222222222222,0.9722222222222222,35,36,453.99033004697304,61fbc2c3c47ea0b2f394bf19d5d944ff33916305affd279efd1232b2237e443b,f000d324411431a807bac72657424c44472cc457a2b2f856442e941850c00046,0.13918305597579425,0.7887118633383762,2.8333333333333335,1869.2747875195632,8098,1.0,0.48617831453782934,deadline_fusion,0.9662128088754414,0.2177564363529523,0.40571419566313666,72bf96b9bc51d348a0457c22,43.204989405000106,sensor_fault,7008,24bfb8b9aac5b87f9f268595cf4462964bd3a01da9d8089f51ed740d780fee86,30,0.0055471507816439725
51,0.04643594759458384,0.0,36.27268097165597,0,0.0,0.463219811193809,0.7754455229839667,0.13767019667170954,0.4728345836148706,12.826504483684792,0.9722222222222222,0.9722222222222222,35,36,512.2101643592065,ddbf34503eff23fbcd394039890145ec197c5f33f339d9222c1ea54ac42702a6,f000d324411431a807bac72657424c44472cc457a2b2f856442e941850c00046,0.3661119515885023,0.8149639125958581,5.066666666666666,1444.7932716791338,10108,1.0,0.24621831564867094,economic,1.0,0.0953054201918384,0.46192284388284194,3448735ac971731494349107,13.691387792000114,moving_front,7003,24bfb8b9aac5b87f9f268595cf4462964bd3a01da9d8089f51ed740d780fee86,51,0.007060010085728693
43,0.29932551689359554,0.0,130.0078794755421,0,0.026727181038830056,0.28254682411195853,0.3624164775592536,0.697428139183056,0.026041666666666664,5.816372691738534,0.75,0.6111111111111112,22,36,413.8203547061381,fb367cc0d79aa8d9c98eb2a529262d3fdb12211bf1a4b9a1df875515bb387ab8,f000d324411431a807bac72657424c44472cc457a2b2f856442e941850c00046,0.17549167927382753,0.4995823877962682,1.45,1569.0022351423345,6273,1.0,0.18037285749567972,recruitment,1.0,0.06396918184038333,0.2825973903177005,5c3fbabdb10b8b8974e59b18,14.313885557999924,storm,7002,24bfb8b9aac5b87f9f268595cf4462964bd3a01da9d8089f51ed740d780fee86,43,0.24079677256681795
0,0.024516876183746067,0.0,33.27295406639414,0,0.0002521432173474533,0.4909930261267615,0.7459094531073072,0.21331316187594554,0.2676096594295567,3.1032704289694513,0.9722222222222222,0.9444444444444444,34,36,443.4675881537844,3112fe2c83524b2f2e2f68f6ce520bfc1f93a616346ad692daac26f7b11e5a4b,f000d324411431a807bac72657424c44472cc457a2b2f856442e941850c00046,0.24962178517397882,0.8507884604895657,0.0,2121.917457763797,8224,1.0,0.305509642225547,static_tuned,1.0,0.07553193624315734,0.4905549842395987,29d16a15b973435af41d5048,5.292817387000014,moving_front,7005,24bfb8b9aac5b87f9f268595cf4462964bd3a01da9d8089f51ed740d780fee86,0,0.04462934947049924
54,0.06927412668311476,0.0,54.6621037831008,0,0.025970751386787696,0.4227041208833096,0.6347359315688946,0.3888048411497731,0.11680645384970363,8.125334132189797,0.9444444444444444,0.9166666666666666,33,36,452.0801237453545,ab258b21f7221620284a3215d026dafd75f9efdf5bedb3e529bdff643d2065af,f000d324411431a807bac72657424c44472cc457a2b2f856442e941850c00046,0.1875945537065053,0.7704422782728721,1.8,1597.3638229357011,6552,1.0,0.2886700476813282,greedy_sparse,1.0,0.09792356653723222,0.42361631836528774,3442936e17b4ddca168e2fbf,14.105412543000057,moving_front,7006,24bfb8b9aac5b87f9f268595cf4462964bd3a01da9d8089f51ed740d780fee86,54,0.14195663136661624
,0.05334139477763012,0.0,40.412085583584755,0,0.0,0.506825738429271,0.7428429837845255,0.17397881996974282,0.38632518504234736,45.857731512620276,0.8888888888888888,0.8888888888888888,32,36,2301.535650024172,6e2d005a512f8f795588b53a08d35435fd833e215d9a9396f9ada02b8104fa48,f000d324411431a807bac72657424c44472cc457a2b2f856442e941850c00046,0.22087745839636913,0.8219926719311726,,1030.610721669234,8768,1.0,0.1893962810247892,adaptive,1.0,0.08050862230349135,0.5046324633598414,8f235755bffc7e58265f9103,7.676543581000033,moving_front,7009,24bfb8b9aac5b87f9f268595cf4462964bd3a01da9d8089f51ed740d780fee86,13,0.031517902168431665
54,0.042281066198888266,0.0,39.27693709580035,0,0.0005042864346949066,0.48759589052667757,0.7298913430615677,0.27685325264750377,0.3258395171027989,8.579613396886014,0.9166666666666666,0.9166666666666666,33,36,472.0696894738574,6e2d005a512f8f795588b53a08d35435fd833e215d9a9396f9ada02b8104fa48,f000d324411431a807bac72657424c44472cc457a2b2f856442e941850c00046,0.3373676248108926,0.8131323789913997,1.8166666666666667,1540.2950446382195,9130,1.0,0.1948114814333311,greedy_sparse,1.0,0.08980592362563532,0.48757442114642596,0936896faa9ddf6f74c5dcda,15.470890887999985,moving_front,7009,24bfb8b9aac5b87f9f268595cf4462964bd3a01da9d8089f51ed740d780fee86,54,0.07286938981341401
20,0.27059694906707005,0.0,123.1059316691881,0,0.004034291477559253,0.2814405012781456,0.38169755421079177,0.6822995461422088,0.03645833333333333,6.521702014385681,0.75,0.6388888888888888,23,36,416.81001866293207,7bba1255199adfdb1a1ba0c529b8275f13780540abed81a608a55c16f4b1390f,f000d324411431a807bac72657424c44472cc457a2b2f856442e941850c00046,0.16338880484114976,0.4991411371659102,1.9,1819.7297965136531,6096,1.0,0.24520387407018954,fungal,1.0,0.11705649135422959,0.2819906707009581,898c33b4bb475c568c5de6b1,13.157411195000009,storm,7003,24bfb8b9aac5b87f9f268595cf4462964bd3a01da9d8089f51ed740d780fee86,20,0.19440242057488655
50,0.0218025088250126,0.0,37.444213313161875,0,0.0,0.374049040485351,0.6999495713565305,0.06656580937972768,0.5677083333333333,9.4389477587121,1.0,0.9722222222222222,35,36,434.8519577864733,12c2676d5d2da4bfdacb5c9a6312d12b90a39b080a71ade938e7b16bbaabf086,f000d324411431a807bac72657424c44472cc457a2b2f856442e941850c00046,0.0907715582450832,0.7777515128593041,4.966666666666667,1902.604375762937,6794,1.0,0.4585386539912635,economic,1.0,0.18542667661548698,0.3745272314674735,a7c6e29df41c7e38a9083632,33.146542181000314,sensor_fault,7019,24bfb8b9aac5b87f9f268595cf4462964bd3a01da9d8089f51ed740d780fee86,50,0.01815431164901664
,0.3378719112455874,0.0,158.16849470499244,0,0.3560262228946041,0.3155037838326512,0.2790989031770045,0.7428139183055976,0.0,1.2280297116589958,0.6666666666666666,0.3333333333333333,12,36,363.9393984686995,c0265f2f5da1b8f1e6334a7d1da15d24852be86831d4583cf0a020b238d73be2,f000d324411431a807bac72657424c44472cc457a2b2f856442e941850c00046,0.0832072617246596,0.5581032526475038,,2492.6798629850405,3798,1.0,0.23762141349077318,fixed_ring,1.0,0.06440705593160165,0.314989914271306,f3193167ed9fef2602c8775e,4.757097839999915,storm,7010,24bfb8b9aac5b87f9f268595cf4462964bd3a01da9d8089f51ed740d780fee86,0,0.6053958648512354
23,0.29086296016137164,0.0,138.86846791477558,0,0.08295511850731214,0.2727341958431943,0.316810073121533,0.7125567322239031,0.0,6.698057060049323,0.7777777777777778,0.5,18,36,423.1373868871892,b549dfc41676c63078393edb7074f42e4f0927a271f4a7ecca93c1f6bdaa8078,f000d324411431a807bac72657424c44472cc457a2b2f856442e941850c00046,0.07715582450832073,0.4957529626828037,2.216666666666667,1876.5133141496756,3987,1.0,0.3162851077081331,fungal,1.0,0.0907209729876553,0.2737723777105396,3bae9af182862cd8688e41a1,19.76378939799997,storm,7015,24bfb8b9aac5b87f9f268595cf4462964bd3a01da9d8089f51ed740d780fee86,23,0.43242561775088245
50,0.0369232223903177,0.0,37.32011157337367,0,0.0,0.39634113716527225,0.7433260842158345,0.0226928895612708,0.6302083333333333,6.978783495251248,1.0,0.9722222222222222,35,36,430.39480860957974,c01d3e850dcea516d0864d501fedc94fd615e60fababbc941400707247a8bedb,f000d324411431a807bac72657424c44472cc457a2b2f856442e941850c00046,0.22390317700453857,0.7831883509833584,1.7,1881.7022220705874,9634,1.0,0.40306672938600996,greedy_sparse,1.0,0.1607921212943009,0.39652672718103876,b93e9ea1836a0a62d9aee5eb,17.223847698999634,sensor_fault,7016,24bfb8b9aac5b87f9f268595cf4462964bd3a01da9d8089f51ed740d780fee86,50,0.0030257186081694403
50,0.021991616238023197,0.0,38.2640333459405,0,0.0,0.3787037790230158,0.6883588628340896,0.08623298033282904,0.53125,6.429924358325377,0.9444444444444444,0.9444444444444444,34,36,426.7626525236117,12c2676d5d2da4bfdacb5c9a6312d12b90a39b080a71ade938e7b16bbaabf086,f000d324411431a807bac72657424c44472cc457a2b2f856442e941850c00046,0.06959152798789713,0.7758446797781139,1.7833333333333334,1914.3658255229268,6365,0.9997478567826527,0.4604938760259342,recruitment,1.0,0.18581530447889735,0.37927067574382245,69f4e8e8768c3561044e260e,18.08430579900005,sensor_fault,7019,24bfb8b9aac5b87f9f268595cf4462964bd3a01da9d8089f51ed740d780fee86,50,0.02118003025718608
34,0.02738905698436712,0.0,32.82361006051437,0,0.0,0.40670142120097086,0.768477370146243,0.012102874432677761,0.6822916666666665,10.75786834615196,0.9166666666666666,0.9166666666666666,33,36,482.7944311300697,6ef10a6f8528f48913779ce02125f8ae67ac504fa24b04f7d539448adf330dc7,f000d324411431a807bac72657424c44472cc457a2b2f856442e941850c00046,0.3010590015128593,0.7994200706001007,3.4,1897.2604153754326,10555,0.9674735249621785,0.5666496720386417,deadline_fusion,0.9699949571356532,0.175734189410538,0.4069670322743318,305789c9a546d171db86b03c,76.83806174399979,sensor_fault,7012,24bfb8b9aac5b87f9f268595cf4462964bd3a01da9d8089f51ed740d780fee86,34,0.0020171457387796266
0,0.2541367246596066,0.0,124.48728252647504,0,0.04563792233988906,0.2768778465395249,0.35757060010085717,0.6838124054462935,0.0,3.4369383349476283,0.7222222222222222,0.3888888888888889,14,36,443.2606476051501,7566b3dd58ba1b4b73cead9a88da4a0d93430742ea574afa5e3d674dbfd7a1c5,f000d324411431a807bac72657424c44472cc457a2b2f856442e941850c00046,0.19213313161875945,0.5249464195663136,0.0,2119.9127686519205,6261,1.0,0.1927103613561852,static_tuned,1.0,0.053616259679660806,0.2764435199193141,b84f5d222e4c99a283add37c,5.117432839000003,storm,7013,24bfb8b9aac5b87f9f268595cf4462964bd3a01da9d8089f51ed740d780fee86,0,0.34644478063540096
0,0.2728741174987393,0.0,123.64291792738275,0,0.020423600605143716,0.28877639364255975,0.3711469364599092,0.6928895612708018,0.0,3.4424350008747813,0.75,0.5555555555555556,20,36,443.2673638702285,fb367cc0d79aa8d9c98eb2a529262d3fdb12211bf1a4b9a1df875515bb387ab8,f000d324411431a807bac72657424c44472cc457a2b2f856442e941850c00046,0.2102874432677761,0.5206363464447806,0.0,2119.488207159875,6996,1.0,0.17899711989558775,static_tuned,1.0,0.03349689084684744,0.2889561270801815,ec242f16405c2ac797724aa7,5.927455228000099,storm,7002,24bfb8b9aac5b87f9f268595cf4462964bd3a01da9d8089f51ed740d780fee86,0,0.28139183055975797
49,0.014971003530005043,0.0,28.997454929399904,0,0.0,0.41258016985142565,0.7737723777105394,0.012102874432677761,0.6302083333333333,6.438435518884474,0.9722222222222222,0.9722222222222222,35,36,430.6869156541459,7bba1255199adfdb1a1ba0c529b8275f13780540abed81a608a55c16f4b1390f,f000d324411431a807bac72657424c44472cc457a2b2f856442e941850c00046,0.17397881996974282,0.8094112455874936,1.6666666666666667,1849.3582035562163,8513,1.0,0.43783454437927566,recruitment,0.9604135148764497,0.1865899709190907,0.4125772188603126,530738f26e027cb938bfd5f1,17.206888473000163,sensor_fault,7003,24bfb8b9aac5b87f9f268595cf4462964bd3a01da9d8089f51ed740d780fee86,49,0.0
49,0.016247478567826525,0.0,30.884077155824507,0,0.0,0.4239424098226512,0.759928139183056,0.025718608169440244,0.6458333333333333,6.271261437966788,1.0,1.0,36,36,414.31820376137694,50b7b3fbf7cedf803850a0428d40ee1ccc4080b783db00698cf7730c8a755b36,f000d324411431a807bac72657424c44472cc457a2b2f856442e941850c00046,0.13010590015128592,0.81119200706001,1.6333333333333333,2040.8886871412926,7570,1.0,0.3342072616989755,greedy_sparse,0.9631870902672719,0.19407743515656106,0.4246328164397377,3a7fd7ec3d596a52c1bb09e5,15.105472926000402,sensor_fault,7011,24bfb8b9aac5b87f9f268595cf4462964bd3a01da9d8089f51ed740d780fee86,49,0.00680786686838124
,0.3315919692385274,0.0,138.80870209278868,0,0.01664145234493192,0.2826056560366658,0.3391168683812405,0.7216338880484114,0.0,12.096517989979954,0.6944444444444444,0.6388888888888888,23,36,748.7507191573543,20cbee7be12f3041b6f80dfbab6cf06c7cd24e2dceeb098a373acea1952196d8,f000d324411431a807bac72657424c44472cc457a2b2f856442e941850c00046,0.09833585476550681,0.4888899394856278,,1721.0778864319545,5091,1.0,0.39696071867499494,adaptive,1.0,0.06364419277441102,0.2836689989914271,be6d60e919df7030290bea73,8.196450946000141,storm,7018,24bfb8b9aac5b87f9f268595cf4462964bd3a01da9d8089f51ed740d780fee86,5,0.24533535047907215
54,0.02669566313666162,0.0,38.611006051437215,0,0.0,0.40287593020468604,0.6967583837619767,0.0907715582450832,0.5208333333333333,9.67456933896395,0.9444444444444444,0.9444444444444444,34,36,432.3956418914194,b9aa9c192ff362205c201c037cc4f3c7c2aba8b7e0c4fd0ef068255fea54f756,f000d324411431a807bac72657424c44472cc457a2b2f856442e941850c00046,0.02723146747352496,0.7892003908219868,5.383333333333334,1986.7921819515166,5681,1.0,0.39674243808372406,economic,0.962178517397882,0.17560211436846054,0.4025860438729198,fda1d876365bc0ebc6426a22,11.953457866000008,sensor_fault,7007,24bfb8b9aac5b87f9f268595cf4462964bd3a01da9d8089f51ed740d780fee86,54,0.024205748865355523
23,0.2987818330811901,0.0,145.44700264750378,0,0.20146243066061525,0.2970509826153134,0.29998739283913256,0.7291981845688351,0.0,4.319746000538351,0.7777777777777778,0.4444444444444444,16,36,409.7402366671392,b549dfc41676c63078393edb7074f42e4f0927a271f4a7ecca93c1f6bdaa8078,f000d324411431a807bac72657424c44472cc457a2b2f856442e941850c00046,0.057488653555219364,0.5413751260716086,0.8333333333333334,1941.017214119518,3481,1.0,0.315368656146913,greedy_sparse,1.0,0.08982392230504227,0.29734776853252637,2e4468c6619716b25fd430bf,12.161535888000117,storm,7015,24bfb8b9aac5b87f9f268595cf4462964bd3a01da9d8089f51ed740d780fee86,23,0.530005042864347
0,0.043707319669552,0.0,39.41756228097459,0,0.0,0.4376546002033797,0.7249370082643738,0.21482602118003025,0.3351695894038469,3.097446452292197,1.0,1.0,36,36,443.30329235190976,0aace0ec30ee371a7c2663e2411d8b6b713bd3c12b78091846cea85ee9e6f3b4,f000d324411431a807bac72657424c44472cc457a2b2f856442e941850c00046,0.34190620272314676,0.7959012826405915,0.0,2121.3478216160775,9512,1.0,0.18714325663739584,static_tuned,1.0,0.10349214096037337,0.43536833048803847,01aae6001d7cc40000e1cd9e,5.33205672400004,moving_front,7013,24bfb8b9aac5b87f9f268595cf4462964bd3a01da9d8089f51ed740d780fee86,0,0.019415027735753907
51,0.028964952092788702,0.0,39.8523780257186,0,0.0,0.40013402874456977,0.6886661623802318,0.09833585476550681,0.5104166666666666,6.449814331938456,0.9444444444444444,0.9444444444444444,34,36,424.4633720538934,b9aa9c192ff362205c201c037cc4f3c7c2aba8b7e0c4fd0ef068255fea54f756,f000d324411431a807bac72657424c44472cc457a2b2f856442e941850c00046,0.028744326777609682,0.7845515002521432,1.8666666666666667,1951.5214958065967,5541,1.0,0.39268547149907407,recruitment,0.95940494200706,0.1725895757835847,0.40016704488149263,bf0f07af4824e4121f03ce7f,12.66221720600015,sensor_fault,7007,24bfb8b9aac5b87f9f268595cf4462964bd3a01da9d8089f51ed740d780fee86,51,0.024710035300050427
58,0.04471680883773411,0.0,36.62299627405606,0,0.0,0.47313839684130526,0.7601859287119715,0.18456883509833585,0.4160021340992923,8.864869207905379,0.9444444444444444,0.9444444444444444,34,36,471.424126998918,5e29696557cda66a921641f993e950ae2ed95f14de01a827d8e1fe0231f9c807,f000d324411431a807bac72657424c44472cc457a2b2f856442e941850c00046,0.37972768532526474,0.8225401594014149,1.9333333333333333,1354.3053939437993,9943,1.0,0.20591775825965303,recruitment,1.0,0.12129563037572773,0.473777499561898,6250e262ad6f0ec3c283c8fe,16.84982924399992,moving_front,7016,24bfb8b9aac5b87f9f268595cf4462964bd3a01da9d8089f51ed740d780fee86,58,0.042107917297024705
58,0.04784438762106979,0.0,36.12748280526134,0,0.0,0.4829829088855015,0.7795035256421959,0.12405446293494705,0.4641263896863436,14.54002751657323,0.9444444444444444,0.9444444444444444,34,36,525.2400653194644,5e29696557cda66a921641f993e950ae2ed95f14de01a827d8e1fe0231f9c807,f000d324411431a807bac72657424c44472cc457a2b2f856442e941850c00046,0.4009077155824508,0.8191913489001804,5.733333333333333,1321.2586844802422,10822,1.0,0.20621952683344072,economic,1.0,0.12279825382551662,0.4830771170736077,0b13a29c2ef50be53bf3c0bd,18.858480422999946,moving_front,7016,24bfb8b9aac5b87f9f268595cf4462964bd3a01da9d8089f51ed740d780fee86,58,0.004286434694906706
0,0.047333473385249285,0.0,39.89733264096145,0,0.0,0.46591352238783174,0.7378071142267353,0.2329803328290469,0.29996570347534357,3.0829608928222876,0.9722222222222222,0.9722222222222222,35,36,443.3689681412909,a045df01d14234cb96176801d87713dde0c5b1030233001228c3094e00dd4a73,f000d324411431a807bac72657424c44472cc457a2b2f856442e941850c00046,0.2844175491679274,0.8090050513775385,0.0,2120.794459612001,8926,1.0,0.2416021085925126,static_tuned,1.0,0.11313855844363949,0.4657578629197069,8f24ef96a3fb0918cc99c973,5.5136306389999845,moving_front,7011,24bfb8b9aac5b87f9f268595cf4462964bd3a01da9d8089f51ed740d780fee86,0,0.02118003025718608
0,0.2578243192133131,0.0,124.98341370398386,0,0.03983862834089763,0.2892872017683857,0.3582718734241048,0.6883509833585476,0.0,3.446672698315989,0.7222222222222222,0.5833333333333334,21,36,443.28964480319536,956a9ceb80df2feb4bb3b76f79213a7f0cb93b60e4835d44d36852e549355e78,f000d324411431a807bac72657424c44472cc457a2b2f856442e941850c00046,0.19667170953101362,0.53125,0.0,2119.6238794097067,6471,1.0,0.18990750067195666,static_tuned,1.0,0.04932718692598006,0.28941313666162377,4889baa7b1260cae678a61a6,4.766922378000004,storm,7009,24bfb8b9aac5b87f9f268595cf4462964bd3a01da9d8089f51ed740d780fee86,0,0.3610690872415532
,0.036600163893091266,0.0,38.54651254412506,0,0.0,0.33599894929340596,0.729127269288956,0.009077155824508321,0.6197916666666666,4.130766786041136,0.9444444444444444,0.9444444444444444,34,36,490.8504849786899,956a9ceb80df2feb4bb3b76f79213a7f0cb93b60e4835d44d36852e549355e78,f000d324411431a807bac72657424c44472cc457a2b2f856442e941850c00046,0.46444780635400906,0.752994200706001,,1947.194534821715,12283,1.0,0.40004385641180007,adaptive,0.9293998991427129,0.16454251603851514,0.335941439737771,cff9e3dacd9bab751d960858,9.302923537999959,sensor_fault,7009,24bfb8b9aac5b87f9f268595cf4462964bd3a01da9d8089f51ed740d780fee86,1,0.0
0,0.042796735675623004,0.0,37.0244347722331,0,0.0,0.44575654398576314,0.7571542794226525,0.1815431164901664,0.4129729733051999,3.088021842948259,0.9722222222222222,0.9722222222222222,35,36,443.3856202624463,5e29696557cda66a921641f993e950ae2ed95f14de01a827d8e1fe0231f9c807,f000d324411431a807bac72657424c44472cc457a2b2f856442e941850c00046,0.4236006051437216,0.8061574800242431,0.0,2121.0281693010024,10954,1.0,0.20246652612838023,static_tuned,1.0,0.11641693612905303,0.44432095499471636,7ac853cfc69af86a683482e6,6.196201348000159,moving_front,7016,24bfb8b9aac5b87f9f268595cf4462964bd3a01da9d8089f51ed740d780fee86,0,0.009833585476550681
55,0.05248850187047744,0.0,43.35590108598528,0,0.0055471507816439725,0.4748013156352115,0.7161005991927986,0.2874432677760968,0.2643706870777035,8.574478887169883,0.8888888888888888,0.8888888888888888,32,36,460.9316528992146,a9dc4e7a83ea86ea436568b7b9e6ff3f12c69e20d2897f78617ebd8a5771ceb1,f000d324411431a807bac72657424c44472cc457a2b2f856442e941850c00046,0.31921331316187596,0.8014328706354523,1.8333333333333333,1459.6489991158044,8475,1.0,0.326303443161471,recruitment,1.0,0.09807022498458608,0.47668169976592595,ce697cfcdcf45a916bea9615,13.935739667999997,moving_front,7008,24bfb8b9aac5b87f9f268595cf4462964bd3a01da9d8089f51ed740d780fee86,55,0.08951084215834594
51,0.05940626050113337,0.0,49.80013511231829,0,0.022440746343923353,0.4610176787465823,0.6568694492506769,0.3267776096822995,0.07297811469069869,8.018832415072074,0.9722222222222222,0.8611111111111112,31,36,459.78669380224784,5c27fd92e06c33f2542baf1700cf25e04b52092d15caab1ec4dc802b1a93834e,f000d324411431a807bac72657424c44472cc457a2b2f856442e941850c00046,0.22692889561270801,0.8006902016457229,1.7,1654.68664217422,7131,1.0,0.23745892652936493,recruitment,1.0,0.07930844799756233,0.4595381433060009,56adaaa0d879836bf96ae1d2,16.985319312,moving_front,7010,24bfb8b9aac5b87f9f268595cf4462964bd3a01da9d8089f51ed740d780fee86,51,0.15985879979828543
38,0.03484304084720121,0.0,35.88395896369138,0,0.0,0.4231078270037195,0.7522929273827533,0.0529500756429652,0.6041666666666665,12.062335416104274,0.9444444444444444,0.9444444444444444,34,36,505.80334115587857,e5eb0adce92def657b42daaff1168729498af6b7f7eacaec91555308393fbb04,f000d324411431a807bac72657424c44472cc457a2b2f856442e941850c00046,0.08472012102874432,0.8078274710035299,3.75,1895.9726957507414,7175,1.0,0.42406047451894674,fungal,0.8908219868885526,0.20298643922894322,0.4220325895108421,40216e96ccb6f6ebc53fb2ff,16.164961696999853,sensor_fault,7005,24bfb8b9aac5b87f9f268595cf4462964bd3a01da9d8089f51ed740d780fee86,38,0.007060010085728694
53,0.0481603889229648,0.0,41.492541480272386,0,0.0005042864346949066,0.48334763733594155,0.726799268593904,0.27685325264750377,0.3246059727999261,8.327798530008948,0.9722222222222222,0.9166666666666666,33,36,465.24157412622674,6e2d005a512f8f795588b53a08d35435fd833e215d9a9396f9ada02b8104fa48,f000d324411431a807bac72657424c44472cc457a2b2f856442e941850c00046,0.3267776096822995,0.804986258792358,1.7666666666666666,1438.2065294503118,8923,1.0,0.19454845309272548,recruitment,1.0,0.08610195286214081,0.482929156698057,509100217c9d7c294414de20,16.097508200999982,moving_front,7009,24bfb8b9aac5b87f9f268595cf4462964bd3a01da9d8089f51ed740d780fee86,53,0.07337367624810892
0,0.050264289619925503,0.0,41.69289286691538,0,0.0035300050428643463,0.4729968860884218,0.7214430224447856,0.2586989409984871,0.23868653740633983,3.092729466812766,0.8611111111111112,0.8055555555555556,29,36,443.39463078964,43e354cb1fa0a5fed03587ccc8ef089b630912d128abf8941ac224ef282c99e3,f000d324411431a807bac72657424c44472cc457a2b2f856442e941850c00046,0.2934947049924357,0.8106800930618091,0.0,2121.1983102654212,8484,1.0,0.392654502494081,static_tuned,1.0,0.06648299970174439,0.47166531376581183,e1ecd6dd0825f3430830ef63,6.138848644000063,moving_front,7018,24bfb8b9aac5b87f9f268595cf4462964bd3a01da9d8089f51ed740d780fee86,0,0.054715078164397364
43,0.26917864346949066,0.0,125.99868412758445,0,0.02723146747352496,0.2814227885969118,0.3545370020171456,0.7095310136157338,0.010416666666666666,6.364633244893049,0.7222222222222222,0.5555555555555556,20,36,432.4347353552414,1ffbd60f44c9f81edacbd6236060262a241240e41dabbe8776c51fac2266503a,f000d324411431a807bac72657424c44472cc457a2b2f856442e941850c00046,0.13313161875945537,0.5178942889561271,1.6333333333333333,1566.2098503221985,5348,1.0,0.2465987100964472,recruitment,1.0,0.06359102192533163,0.2816045763993948,90d58046023871472b553b3c,14.044493646999967,storm,7004,24bfb8b9aac5b87f9f268595cf4462964bd3a01da9d8089f51ed740d780fee86,43,0.3035804336863338
31,0.2932110438729198,0.0,134.58471224155318,0,0.017902168431669186,0.2723233360335523,0.33170228189611695,0.7216338880484114,0.0,8.922218886939305,0.8333333333333334,0.7222222222222222,26,36,452.57145712888666,20cbee7be12f3041b6f80dfbab6cf06c7cd24e2dceeb098a373acea1952196d8,f000d324411431a807bac72657424c44472cc457a2b2f856442e941850c00046,0.1346444780635401,0.4868964321734745,2.966666666666667,1748.226250581898,5250,1.0,0.39530693982416876,fungal,1.0,0.05607443222756329,0.2730238275340393,fbf261374eaa0c6846af6577,15.24031758000001,storm,7018,24bfb8b9aac5b87f9f268595cf4462964bd3a01da9d8089f51ed740d780fee86,31,0.33787191124558746
,0.04899457892082702,0.0,44.074516200201714,0,0.0,0.3174971714656654,0.6976802824004034,0.030257186081694403,0.5885416666666665,4.132147669634844,0.9166666666666666,0.9166666666666666,33,36,490.64910760590067,7566b3dd58ba1b4b73cead9a88da4a0d93430742ea574afa5e3d674dbfd7a1c5,f000d324411431a807bac72657424c44472cc457a2b2f856442e941850c00046,0.4402420574886536,0.7282920448814927,,1947.38229906225,12025,0.9694906707009581,0.46158331422965126,adaptive,0.93166918809884,0.1742911898665803,0.31657368885526976,7fd7f1165ff602a37772d704,9.649778771000001,sensor_fault,7013,24bfb8b9aac5b87f9f268595cf4462964bd3a01da9d8089f51ed740d780fee86,1,0.0032778618255168935
42,0.3198594301563288,0.0,139.91868381240545,0,0.030509329299041852,0.2590520094054102,0.3293226802824004,0.7065052950075643,0.0,10.929493797942321,0.7222222222222222,0.4722222222222222,17,36,477.59858742215505,c0265f2f5da1b8f1e6334a7d1da15d24852be86831d4583cf0a020b238d73be2,f000d324411431a807bac72657424c44472cc457a2b2f856442e941850c00046,0.09984871406959153,0.46824571356530503,4.2,1371.923479775741,4854,1.0,0.2383785046378108,economic,1.0,0.06603649415830577,0.2589668431669188,ae397dc89120a4c74d92ce3e,14.061529375999953,storm,7010,24bfb8b9aac5b87f9f268595cf4462964bd3a01da9d8089f51ed740d780fee86,42,0.3048411497730711
,0.02445789208270297,0.0,41.426382060010084,0,0.0,0.41308640249141454,0.6405777231467472,0.15279878971255673,0.4375,0.9001787596435313,0.9166666666666666,0.9166666666666666,33,36,363.42975813978774,956a9ceb80df2feb4bb3b76f79213a7f0cb93b60e4835d44d36852e549355e78,f000d324411431a807bac72657424c44472cc457a2b2f856442e941850c00046,0.01361573373676248,0.7905871785173979,,2497.194215000505,4306,1.0,0.4028632620461811,fixed_ring,0.8908219868885526,0.20890954155925687,0.4129948310640443,f654eeef195f5359ce3c7248,5.204034524000235,sensor_fault,7009,24bfb8b9aac5b87f9f268595cf4462964bd3a01da9d8089f51ed740d780fee86,0,0.03126575895108421
50,0.028923990518899094,0.0,27.55739420700528,0,0.0,0.5220259299441943,0.8206715758926025,0.07715582450832073,0.5362573725829383,13.948572216125656,1.0,1.0,36,36,520.1256604063518,358f3d3ac5e4c7943da7c4ded7230c7e4afe2570f3a3d3555871e5543b789f00,f000d324411431a807bac72657424c44472cc457a2b2f856442e941850c00046,0.35703479576399394,0.8653990604764668,5.0,1598.738659333467,10037,1.0,0.3876222805530059,fungal,1.0,0.13175545752188575,0.5204954638457006,e831d6792e25544df12e8e3d,15.545561989000134,moving_front,7014,24bfb8b9aac5b87f9f268595cf4462964bd3a01da9d8089f51ed740d780fee86,50,0.0045385779122541605
,0.06124783195365931,0.0,66.79484150314154,0,0.04336863338376198,0.48348394265209077,0.5419236634974602,0.4341906202723147,0.0,0.8982859725031371,0.9166666666666666,0.8333333333333334,30,36,363.8039835524744,277879760b7636cf423ed8f2b038495b33a699b960bf9fcac3c05a45a91ae287,f000d324411431a807bac72657424c44472cc457a2b2f856442e941850c00046,0.01664145234493192,0.8174564913802649,,2496.2903667490173,3282,1.0,0.3226459738712739,fixed_ring,1.0,0.09153377991721759,0.4841999339207297,35181fb473220eae214d8824,4.9648239830000875,moving_front,7015,24bfb8b9aac5b87f9f268595cf4462964bd3a01da9d8089f51ed740d780fee86,0,0.27155824508320725
35,0.2930928517397881,0.0,135.02753876701965,0,0.025970751386787692,0.2769552205439345,0.328786875945537,0.7246596066565809,0.0,9.17224674764352,0.8333333333333334,0.6388888888888888,23,36,450.2666690665604,20cbee7be12f3041b6f80dfbab6cf06c7cd24e2dceeb098a373acea1952196d8,f000d324411431a807bac72657424c44472cc457a2b2f856442e941850c00046,0.12405446293494705,0.49100163893091264,3.3666666666666667,1429.843136401092,5150,1.0,0.39573206586364007,deadline_fusion,1.0,0.06789145175221126,0.27734178013111443,65915c0effef282baaf86397,39.874435248000054,storm,7018,24bfb8b9aac5b87f9f268595cf4462964bd3a01da9d8089f51ed740d780fee86,35,0.3545133635905195
45,0.027420574886535546,0.0,36.43252805093292,0,0.0,0.41680604243670266,0.7259282022188602,0.05143721633888049,0.5833333333333333,5.562254015500343,0.9722222222222222,0.9722222222222222,35,36,410.69685706387185,20cbee7be12f3041b6f80dfbab6cf06c7cd24e2dceeb098a373acea1952196d8,f000d324411431a807bac72657424c44472cc457a2b2f856442e941850c00046,0.06505295007564296,0.7989945789208269,1.5666666666666667,1928.395472037693,6338,1.0,0.3988435499713495,recruitment,1.0,0.1627378481332734,0.4172655068078669,01be738d29894ce48f9b4a5d,18.487937519000297,sensor_fault,7018,24bfb8b9aac5b87f9f268595cf4462964bd3a01da9d8089f51ed740d780fee86,45,0.01487644982349975
,0.04899398423297708,0.0,40.04650483770677,0,0.0,0.46774026182398354,0.7358351661156644,0.18456883509833585,0.382182286026819,36.621107056439094,0.8857142857142857,0.8857142857142857,31,35,1889.1041801625415,0eaaad553c80db6664d9a551f5b55b53a649071324c5a65ea020b06da777986c,f000d324411431a807bac72657424c44472cc457a2b2f856442e941850c00046,0.43872919818456885,0.8139777914160041,,974.2061232260456,11333,1.0,0.3527394577709767,adaptive,1.0,0.08020602558397749,0.4675009984319641,9f401bbf03652eb92fc57809,7.509311446999845,moving_front,7001,24bfb8b9aac5b87f9f268595cf4462964bd3a01da9d8089f51ed740d780fee86,17,0.045385779122541596
37,0.2298364220877458,0.0,116.20532337367625,0,0.022945032778618254,0.3126252156142111,0.3833128466969238,0.6822995461422088,0.041666666666666664,5.818200814589196,0.75,0.6666666666666666,24,36,419.51037850276794,ac5fa5d877e58450b21b5619aadcad71ab1db9e7cd210fd1cd516ef4a934c028,f000d324411431a807bac72657424c44472cc457a2b2f856442e941850c00046,0.13767019667170954,0.5499401159858799,1.3,1742.3521417432382,5678,1.0,0.37821700265286207,greedy_sparse,1.0,0.05040898134849816,0.3127600226928895,e191b7743b101690fd7ae4b8,18.496911340999986,storm,7014,24bfb8b9aac5b87f9f268595cf4462964bd3a01da9d8089f51ed740d780fee86,37,0.2859304084720121
,0.3371391200201715,0.0,140.01627111699443,0,0.04336863338376197,0.271617067187987,0.3596192637418053,0.6883509833585476,0.0,15.996818666291963,0.5833333333333334,0.4444444444444444,16,36,897.7113169874735,7566b3dd58ba1b4b73cead9a88da4a0d93430742ea574afa5e3d674dbfd7a1c5,f000d324411431a807bac72657424c44472cc457a2b2f856442e941850c00046,0.12254160363086233,0.4878734871406959,,1709.2327602952023,5774,1.0,0.1890279319013409,adaptive,1.0,0.049376006960516354,0.27126670448814927,a51a82927ddfac3f2c942578,7.392412715999853,storm,7013,24bfb8b9aac5b87f9f268595cf4462964bd3a01da9d8089f51ed740d780fee86,11,0.20574886535552195
,0.2630090141200201,0.0,139.9861715204236,0,0.28189611699445283,0.3618210192892716,0.32742372667675235,0.7201210287443268,0.0,1.2116419362194202,0.8055555555555556,0.5555555555555556,20,36,363.9342491774115,ac5fa5d877e58450b21b5619aadcad71ab1db9e7cd210fd1cd516ef4a934c028,f000d324411431a807bac72657424c44472cc457a2b2f856442e941850c00046,0.13161875945537066,0.6262370776601108,,2493.7383206513846,5048,1.0,0.3777624482763262,fixed_ring,1.0,0.04642402491120316,0.3618018784669692,d3a7823537866b00d3f04309,4.230477453000049,storm,7014,24bfb8b9aac5b87f9f268595cf4462964bd3a01da9d8089f51ed740d780fee86,0,0.5557236510337872
28,0.26913136661623804,0.0,137.32795165153803,0,0.14346949067070097,0.2937248902762118,0.3191266389309127,0.7261724659606656,0.0,4.601696138542323,0.8055555555555556,0.6666666666666666,24,36,407.1343357053475,b9aa9c192ff362205c201c037cc4f3c7c2aba8b7e0c4fd0ef068255fea54f756,f000d324411431a807bac72657424c44472cc457a2b2f856442e941850c00046,0.0832072617246596,0.5303202218860312,0.9333333333333333,1726.2356384213847,4039,1.0,0.22913803235385513,recruitment,1.0,0.05894127626601859,0.29364441502773575,bb99190ae03f18ee4b10046c,11.032001928999989,storm,7007,24bfb8b9aac5b87f9f268595cf4462964bd3a01da9d8089f51ed740d780fee86,28,0.44604135148764507
,0.3437736384266263,0.0,143.37986163640946,0,0.026727181038830056,0.26400922479536637,0.33289996217851736,0.7049924357034796,0.0,18.48792782296586,0.6666666666666666,0.6388888888888888,23,36,986.163254684298,12c2676d5d2da4bfdacb5c9a6312d12b90a39b080a71ade938e7b16bbaabf086,f000d324411431a807bac72657424c44472cc457a2b2f856442e941850c00046,0.09833585476550681,0.4797261094301562,,1726.6052748034738,4979,1.0,0.23534936767565365,adaptive,1.0,0.07346054985733673,0.2652231467473525,e2d679d92d9a1dd50625de68,8.09599505999995,storm,7019,24bfb8b9aac5b87f9f268595cf4462964bd3a01da9d8089f51ed740d780fee86,11,0.24609178013111446
49,0.04452360173231009,0.0,42.54693160606879,0,0.004790721129601613,0.4651465001741827,0.6919057393766254,0.2844175491679274,0.20010975944532947,12.797074518509532,0.9166666666666666,0.8611111111111112,31,36,507.6641556565226,897c3ea0ca4def7c92d6c5bc4c681216da15d36377736736da162a96b99c0650,f000d324411431a807bac72657424c44472cc457a2b2f856442e941850c00046,0.18305597579425115,0.814971539482152,4.85,1481.8186757332596,6881,1.0,0.3290342424300657,fungal,1.0,0.08953319048112325,0.4652561365303922,538397be866273ccb2c428e3,16.754580973999964,moving_front,7017,24bfb8b9aac5b87f9f268595cf4462964bd3a01da9d8089f51ed740d780fee86,49,0.09606656580937972
,0.40157747100353,0.0,171.47830780383256,0,0.413262733232476,0.3227011190314693,0.2709436459909228,0.7473524962178517,0.0,1.2132400037353583,0.8055555555555556,0.4444444444444444,16,36,363.93839439582774,b549dfc41676c63078393edb7074f42e4f0927a271f4a7ecca93c1f6bdaa8078,f000d324411431a807bac72657424c44472cc457a2b2f856442e941850c00046,0.0453857791225416,0.5776207135653051,,2493.232186647336,3135,1.0,0.3152356025162809,fixed_ring,1.0,0.0846086656714912,0.3236888552697932,bf6ce952b8b9279f1d9f50a2,6.36140586700003,storm,7015,24bfb8b9aac5b87f9f268595cf4462964bd3a01da9d8089f51ed740d780fee86,0,0.6417044881492687
50,0.04641834309046866,0.0,39.8807374903783,0,0.00302571860816944,0.4909070118299148,0.7322217363939227,0.2708018154311649,0.33659982802651955,7.475500676361933,0.9166666666666666,0.9166666666666666,33,36,443.9077817039281,a045df01d14234cb96176801d87713dde0c5b1030233001228c3094e00dd4a73,f000d324411431a807bac72657424c44472cc457a2b2f856442e941850c00046,0.2708018154311649,0.8166892425398186,1.6666666666666667,1539.3505279691276,8088,1.0,0.23763415177136574,recruitment,1.0,0.09201663894943916,0.49210457397932794,1855f338b43cdf93f0ef628f,17.376083757999822,moving_front,7011,24bfb8b9aac5b87f9f268595cf4462964bd3a01da9d8089f51ed740d780fee86,50,0.07034795763993948
0,0.2559017271810388,0.0,123.81890601361572,0,0.04589006555723651,0.2874594399664557,0.35898890569843667,0.6944024205748865,0.0,3.445043876406602,0.75,0.5555555555555556,20,36,443.3002211645977,1ffbd60f44c9f81edacbd6236060262a241240e41dabbe8776c51fac2266503a,f000d324411431a807bac72657424c44472cc457a2b2f856442e941850c00046,0.20574886535552195,0.5433449949571356,0.0,2119.0354985213767,6363,1.0,0.2475877701365638,static_tuned,1.0,0.035202240551470934,0.28810514372163387,0e7658c662ffe9fd02b7c265,4.867750309999906,storm,7004,24bfb8b9aac5b87f9f268595cf4462964bd3a01da9d8089f51ed740d780fee86,0,0.36409480584972265
38,0.23394950832072617,0.0,121.77812184820976,0,0.046394351991931405,0.3028914190528699,0.3516609934442763,0.7065052950075643,0.0,5.166390472647906,0.6571428571428571,0.5142857142857142,18,35,411.02614957199523,9b5a428363b62ad024a6d518c6bdc283191d1cf8739502f5298786104f688bf6,f000d324411431a807bac72657424c44472cc457a2b2f856442e941850c00046,0.10741301059001512,0.5451099974785677,1.3666666666666667,1727.2269691463657,4793,1.0,0.36769354081627786,recruitment,1.0,0.09058604597773663,0.30231183812405443,c2bbfb4ef59c53ff278e2641,15.516666679999958,storm,7001,24bfb8b9aac5b87f9f268595cf4462964bd3a01da9d8089f51ed740d780fee86,38,0.34014120020171457
,0.050037967805377496,0.0,43.648979218134244,0,0.0,0.4624148288410663,0.6862977747637516,0.29046898638426627,0.09395975714672399,30.803176430135537,1.0,0.9444444444444444,34,36,1613.1960617713892,277879760b7636cf423ed8f2b038495b33a699b960bf9fcac3c05a45a91ae287,f000d324411431a807bac72657424c44472cc457a2b2f856442e941850c00046,0.329803328290469,0.8277869894520891,,1160.0375007250543,8911,1.0,0.3124534223272244,adaptive,1.0,0.07747191109823912,0.4651651867394395,324d1e16180170cc92bce4a7,8.997729254999967,moving_front,7015,24bfb8b9aac5b87f9f268595cf4462964bd3a01da9d8089f51ed740d780fee86,11,0.1026222894604135
,0.05101960413514877,0.0,46.41204141452344,0,0.0,0.3147435827111658,0.6824886535552193,0.039334341906202726,0.5729166666666665,4.123333569692237,0.9722222222222222,0.9722222222222222,35,36,490.79033047194866,fb367cc0d79aa8d9c98eb2a529262d3fdb12211bf1a4b9a1df875515bb387ab8,f000d324411431a807bac72657424c44472cc457a2b2f856442e941850c00046,0.5915279878971256,0.7085775970751387,,1946.7762364591958,13682,1.0,0.34965591190934825,adaptive,0.9591527987897126,0.1539002547230831,0.3152893343419062,0cc7bea5bc231413598aca3a,10.748600487999738,sensor_fault,7002,24bfb8b9aac5b87f9f268595cf4462964bd3a01da9d8089f51ed740d780fee86,1,0.0010085728693898133
25,0.2666808497226424,0.0,138.80925365607666,0,0.170196671709531,0.3029141190749614,0.3153444906707009,0.7261724659606656,0.0,3.9260855637557195,0.8055555555555556,0.6111111111111112,22,36,396.99243638521,b9aa9c192ff362205c201c037cc4f3c7c2aba8b7e0c4fd0ef068255fea54f756,f000d324411431a807bac72657424c44472cc457a2b2f856442e941850c00046,0.0832072617246596,0.550830496722138,0.8833333333333333,1956.1850843674379,3983,1.0,0.2291820751920252,greedy_sparse,1.0,0.05925535451319974,0.30312342410489157,dd74dfe5ce4b92d25807eebd,10.166934690999938,storm,7007,24bfb8b9aac5b87f9f268595cf4462964bd3a01da9d8089f51ed740d780fee86,25,0.5047907211296015
25,0.03730143721633888,0.0,38.48178265254664,0,0.0,0.41297960173293075,0.7336737266767522,0.036308623298033284,0.609375,8.26012901719219,0.9722222222222222,0.9722222222222222,35,36,454.34816785586105,20cbee7be12f3041b6f80dfbab6cf06c7cd24e2dceeb098a373acea1952196d8,f000d324411431a807bac72657424c44472cc457a2b2f856442e941850c00046,0.09682299546142209,0.7910914649520927,2.4833333333333334,1993.1832278673983,7116,1.0,0.39806842049763186,fungal,0.9334341906202723,0.17630183445298006,0.4140270423600605,334a48e9f821b35bf11fb773,37.83455202699997,sensor_fault,7018,24bfb8b9aac5b87f9f268595cf4462964bd3a01da9d8089f51ed740d780fee86,25,0.009833585476550681
52,0.02621900028124305,0.0,32.00287974390489,0,0.0010085728693898133,0.5080016741651803,0.7614080284441547,0.18456883509833585,0.3384303945778136,12.843633017623777,0.9722222222222222,0.9722222222222222,35,36,508.5579735864466,3112fe2c83524b2f2e2f68f6ce520bfc1f93a616346ad692daac26f7b11e5a4b,f000d324411431a807bac72657424c44472cc457a2b2f856442e941850c00046,0.2344931921331316,0.8552884049898324,5.133333333333334,1369.1003876364305,7965,1.0,0.30858896831233873,economic,1.0,0.09349536593176126,0.5088749867644804,51742f6690014f08b02162c6,18.20672594200005,moving_front,7005,24bfb8b9aac5b87f9f268595cf4462964bd3a01da9d8089f51ed740d780fee86,52,0.048411497730711045
49,0.052996627075646036,0.0,51.993913118031614,0,0.018406454866364094,0.48038266587507156,0.6433411788632925,0.34795763993948564,0.05046800640181605,7.304970293938599,0.9166666666666666,0.9166666666666666,33,36,443.65287960139716,277879760b7636cf423ed8f2b038495b33a699b960bf9fcac3c05a45a91ae287,f000d324411431a807bac72657424c44472cc457a2b2f856442e941850c00046,0.20121028744326777,0.8089253611005097,1.6166666666666667,1776.4149155654225,6552,1.0,0.3233270250809206,greedy_sparse,1.0,0.10296946389464666,0.47989421752614286,1a4be3d1af1421db4e02817e,16.06124090200001,moving_front,7015,24bfb8b9aac5b87f9f268595cf4462964bd3a01da9d8089f51ed740d780fee86,49,0.17473524962178516
52,0.050809275932221114,0.0,36.311846615587804,0,0.0,0.48215288553675795,0.7837724464769403,0.11497730711043873,0.47809808704994455,14.351813270567371,0.9444444444444444,0.9444444444444444,34,36,517.422943815718,5e29696557cda66a921641f993e950ae2ed95f14de01a827d8e1fe0231f9c807,f000d324411431a807bac72657424c44472cc457a2b2f856442e941850c00046,0.4009077155824508,0.8202333907453564,5.183333333333334,1488.45681355526,10943,1.0,0.20643358358772593,deadline_fusion,1.0,0.11258021774991699,0.48219634812625706,d4ba5eca0a86305b13af6120,44.176939476999905,moving_front,7016,24bfb8b9aac5b87f9f268595cf4462964bd3a01da9d8089f51ed740d780fee86,52,0.00529500756429652
38,0.02907526475037821,0.0,40.44377206253151,0,0.0,0.36972841012210134,0.6927319717599596,0.07261724659606657,0.5625,11.127991148113129,0.9722222222222222,0.9444444444444444,34,36,481.50083159540003,12c2676d5d2da4bfdacb5c9a6312d12b90a39b080a71ade938e7b16bbaabf086,f000d324411431a807bac72657424c44472cc457a2b2f856442e941850c00046,0.11800302571860817,0.7679415658093797,3.783333333333333,1790.186876298839,7344,0.9876449823499749,0.4646280607103191,deadline_fusion,0.8908219868885526,0.2227573804901325,0.3694764876449823,f0de1f8081f7fd031a70473c,47.981568898000205,sensor_fault,7019,24bfb8b9aac5b87f9f268595cf4462964bd3a01da9d8089f51ed740d780fee86,38,0.018910741301059002
0,0.014837052445789204,0.0,29.603268406454863,0,0.0,0.4046846493294644,0.765262544125063,0.0226928895612708,0.6354166666666666,3.068832443650999,0.9714285714285714,0.9714285714285714,34,35,442.9225597750582,9b5a428363b62ad024a6d518c6bdc283191d1cf8739502f5298786104f688bf6,f000d324411431a807bac72657424c44472cc457a2b2f856442e941850c00046,0.17397881996974282,0.8129097327281894,0.0,2121.957704590462,8866,1.0,0.49105401979783253,static_tuned,0.9102370146243065,0.185269850225343,0.4037443267776097,6c449ff824bc3a3339065401,6.059956646000046,sensor_fault,7001,24bfb8b9aac5b87f9f268595cf4462964bd3a01da9d8089f51ed740d780fee86,0,0.007060010085728693
0,0.05799516630807841,0.0,47.53138649174902,0,0.0007564296520423601,0.43096156708835404,0.6737331126476721,0.28895612708018154,0.13154014768870778,3.0812042207806627,0.9444444444444444,0.8888888888888888,32,36,443.38851269581534,5c27fd92e06c33f2542baf1700cf25e04b52092d15caab1ec4dc802b1a93834e,f000d324411431a807bac72657424c44472cc457a2b2f856442e941850c00046,0.25718608169440244,0.7945048152697368,0.0,2121.185764855085,7895,1.0,0.24144545842937198,static_tuned,1.0,0.10679800311957441,0.431095176628841,4c3c8c2d97ab07762d190067,5.510655489999863,moving_front,7010,24bfb8b9aac5b87f9f268595cf4462964bd3a01da9d8089f51ed740d780fee86,0,0.07639939485627836
,0.046583459404942,0.0,44.40084467977811,0,0.0,0.33797368256294474,0.6860028996469995,0.07261724659606657,0.5520833333333333,4.11824747914409,0.9166666666666666,0.9166666666666666,33,36,490.7192920263286,b9aa9c192ff362205c201c037cc4f3c7c2aba8b7e0c4fd0ef068255fea54f756,f000d324411431a807bac72657424c44472cc457a2b2f856442e941850c00046,0.1875945537065053,0.7418211043872918,,1946.6569015778884,9024,1.0,0.387432190352862,adaptive,0.9311649016641452,0.15408709703752188,0.3377143217347453,ba4702ee9431632f3ca70b66,7.418602220000139,sensor_fault,7007,24bfb8b9aac5b87f9f268595cf4462964bd3a01da9d8089f51ed740d780fee86,1,0.012607160867372666
33,0.023307488653555215,0.0,37.41718671205244,0,0.0,0.39952713944845286,0.7008163136661623,0.0907715582450832,0.5208333333333333,9.135300904157406,0.9166666666666666,0.8888888888888888,32,36,454.4438002118253,b9aa9c192ff362205c201c037cc4f3c7c2aba8b7e0c4fd0ef068255fea54f756,f000d324411431a807bac72657424c44472cc457a2b2f856442e941850c00046,0.039334341906202726,0.7928170700958143,3.2,1971.8939481623793,6069,1.0,0.39145948878879694,deadline_fusion,0.9679778113968733,0.14973285182995488,0.3991505925365607,047d1b8af223c61065b7f565,35.4887024300001,sensor_fault,7007,24bfb8b9aac5b87f9f268595cf4462964bd3a01da9d8089f51ed740d780fee86,33,0.024205748865355523
36,0.2169534795763994,0.0,113.88170543368634,0,0.02899646999495713,0.32111152540745114,0.3833522440746343,0.6913767019667171,0.03125,5.460882957577085,0.8055555555555556,0.6666666666666666,24,36,418.60034538089207,ac5fa5d877e58450b21b5619aadcad71ab1db9e7cd210fd1cd516ef4a934c028,f000d324411431a807bac72657424c44472cc457a2b2f856442e941850c00046,0.1361573373676248,0.56410741301059,1.2666666666666666,1411.7591316724229,5689,1.0,0.37867254322697014,recruitment,1.0,0.049662498492905674,0.32118318204740287,086716da7383b38c6c03d5c4,17.492681405999974,storm,7014,24bfb8b9aac5b87f9f268595cf4462964bd3a01da9d8089f51ed740d780fee86,36,0.3048411497730711
,0.02614409984871407,0.0,44.52935892586989,0,0.0,0.44343756469313067,0.6092174104891578,0.23903177004538578,0.3802083333333333,0.9143229596451434,1.0,0.9722222222222222,35,36,363.4338798460465,20cbee7be12f3041b6f80dfbab6cf06c7cd24e2dceeb098a373acea1952196d8,f000d324411431a807bac72657424c44472cc457a2b2f856442e941850c00046,0.0030257186081694403,0.7968277231467473,,2496.6669100035497,3183,1.0,0.39462779953868077,fixed_ring,1.0,0.16150413880662068,0.4431811018658598,ddd0a1ce0c822c6b8816ab7a,10.648516205000305,sensor_fault,7018,24bfb8b9aac5b87f9f268595cf4462964bd3a01da9d8089f51ed740d780fee86,0,0.07261724659606655
,0.050469862677049025,0.0,50.22025520902373,0,0.005547150781643973,0.4688282102055884,0.6121464022367844,0.394856278366112,0.08315931080312361,0.9244590564716618,0.9444444444444444,0.8888888888888888,32,36,363.81052416008845,0aace0ec30ee371a7c2663e2411d8b6b713bd3c12b78091846cea85ee9e6f3b4,f000d324411431a807bac72657424c44472cc457a2b2f856442e941850c00046,0.11800302571860817,0.8128274286422259,,2496.3477171639615,5395,1.0,0.18890500177282563,fixed_ring,1.0,0.12672037006583545,0.4677247467286883,2b20f4e55aaa3d7ef10af19e,6.059855442000071,moving_front,7013,24bfb8b9aac5b87f9f268595cf4462964bd3a01da9d8089f51ed740d780fee86,0,0.15431164901664146
43,0.2601802824004035,0.0,125.08706820474029,0,0.026222894604135148,0.28485218204886326,0.3539381618759455,0.697428139183056,0.0,6.03919025266353,0.5833333333333334,0.4166666666666667,15,36,422.0162584055485,61fbc2c3c47ea0b2f394bf19d5d944ff33916305affd279efd1232b2237e443b,f000d324411431a807bac72657424c44472cc457a2b2f856442e941850c00046,0.13010590015128592,0.5179809631870902,1.5666666666666667,1588.468063881001,5313,1.0,0.32364982433511286,recruitment,1.0,0.08874729917608623,0.2842914775592536,592365607a50783799e252ea,13.987909464999916,storm,7008,24bfb8b9aac5b87f9f268595cf4462964bd3a01da9d8089f51ed740d780fee86,43,0.28517397881996975
22,0.26943866616238016,0.0,141.51120461422084,0,0.20398386283408973,0.32010078102584916,0.3036040721129601,0.7246596066565809,0.0,3.9426149154264665,0.8333333333333334,0.6388888888888888,23,36,396.1327000099167,20cbee7be12f3041b6f80dfbab6cf06c7cd24e2dceeb098a373acea1952196d8,f000d324411431a807bac72657424c44472cc457a2b2f856442e941850c00046,0.10741301059001512,0.5686853883005547,0.7833333333333333,1988.0739600893837,4438,1.0,0.3957584088846162,recruitment,1.0,0.06863897080817234,0.3203715960665658,75874bbe23e3ba8e509e8420,10.893134176000103,storm,7018,24bfb8b9aac5b87f9f268595cf4462964bd3a01da9d8089f51ed740d780fee86,22,0.5562279374684821
,0.36993349722642455,0.0,165.9684663388805,0,0.3789712556732224,0.3309541214589243,0.2776648386283409,0.7443267776096822,0.0,1.2319324595946415,0.75,0.5277777777777778,19,36,363.94455793572126,fded3c51bb367e0df8af6f8249b634fefe0cc389845c26618e90a9b29d9c3139,f000d324411431a807bac72657424c44472cc457a2b2f856442e941850c00046,0.06354009077155824,0.578857791225416,,2492.376946263745,3256,1.0,0.327700104239859,fixed_ring,1.0,0.08331056078732099,0.3316628845184064,c1843f090bd76fe4dd7fed5e,4.366164503999926,storm,7017,24bfb8b9aac5b87f9f268595cf4462964bd3a01da9d8089f51ed740d780fee86,0,0.6343923348461926
32,0.339369011598588,0.0,144.23179053202216,0,0.007564296520423601,0.251679778343127,0.32568236258194655,0.7065052950075643,0.0,7.951398871905807,0.75,0.5,18,36,428.12179683007986,c0265f2f5da1b8f1e6334a7d1da15d24852be86831d4583cf0a020b238d73be2,f000d324411431a807bac72657424c44472cc457a2b2f856442e941850c00046,0.12859304084720122,0.4492482980332829,3.1,1298.3711320980553,5470,1.0,0.2380281999130776,deadline_fusion,1.0,0.04679443662303862,0.25150497982854253,6bdb697699df1139c5414ace,40.87268355399988,storm,7010,24bfb8b9aac5b87f9f268595cf4462964bd3a01da9d8089f51ed740d780fee86,32,0.2927382753403933
0,0.19673474533535046,0.0,110.03498487140696,0,0.037821482602118,0.319542172810753,0.38990008825012606,0.6656580937972768,0.0,3.439531983268527,0.8055555555555556,0.6388888888888888,23,36,443.25835356829543,ac5fa5d877e58450b21b5619aadcad71ab1db9e7cd210fd1cd516ef4a934c028,f000d324411431a807bac72657424c44472cc457a2b2f856442e941850c00046,0.21331316187594554,0.585145612708018,0.0,2119.7905350077967,6944,1.0,0.37854325239603176,static_tuned,1.0,0.05555165004250398,0.31993034543620774,bc4bfc7e27b63f13f9de3e9f,4.587134823000042,storm,7014,24bfb8b9aac5b87f9f268595cf4462964bd3a01da9d8089f51ed740d780fee86,0,0.34669692385274836
31,0.04507847957639939,0.0,40.95747447049924,0,0.0,0.3830171024066097,0.7234776853252647,0.03328290468986384,0.6041666666666666,9.079530880197595,1.0,1.0,36,36,458.7871022739844,fb367cc0d79aa8d9c98eb2a529262d3fdb12211bf1a4b9a1df875515bb387ab8,f000d324411431a807bac72657424c44472cc457a2b2f856442e941850c00046,0.3177004538577912,0.7622683434190619,3.1,1915.489924014987,10577,1.0,0.35077241585172786,deadline_fusion,0.9382249117498739,0.1740317619576218,0.3835807488653555,93d07d4c4ffc86a72b18fe5f,43.59867617200007,sensor_fault,7002,24bfb8b9aac5b87f9f268595cf4462964bd3a01da9d8089f51ed740d780fee86,31,0.0017650025214321732
48,0.024828227433182047,0.0,35.50590172718104,0,0.0,0.41801263497139723,0.72985218103883,0.0453857791225416,0.578125,5.661195518692831,1.0,1.0,36,36,406.19046634433755,20cbee7be12f3041b6f80dfbab6cf06c7cd24e2dceeb098a373acea1952196d8,f000d324411431a807bac72657424c44472cc457a2b2f856442e941850c00046,0.06505295007564296,0.8007910993444276,1.65,2045.3812486525474,6286,1.0,0.3985806753182885,greedy_sparse,1.0,0.16165799698720984,0.4177382753403933,14127ec16cbdacac6b9532cc,36.2099001419997,sensor_fault,7018,24bfb8b9aac5b87f9f268595cf4462964bd3a01da9d8089f51ed740d780fee86,48,0.01437216338880484
49,0.06548895449329735,0.0,48.263712345953834,0,0.0,0.42658583608707146,0.6792456592653352,0.329803328290469,0.22243309328657973,13.405819803214142,1.0,0.9722222222222222,35,36,506.45427827517597,ab258b21f7221620284a3215d026dafd75f9efdf5bedb3e529bdff643d2065af,f000d324411431a807bac72657424c44472cc457a2b2f856442e941850c00046,0.17700453857791226,0.7788560181051,4.833333333333333,1550.5659300008228,6982,1.0,0.2935964826953287,fungal,1.0,0.09254258252292046,0.4284618490019767,9864453f606895a2c65bb1e7,15.937362893999989,moving_front,7006,24bfb8b9aac5b87f9f268595cf4462964bd3a01da9d8089f51ed740d780fee86,49,0.059757942511346446
,0.27408755673222385,0.0,143.91617813918305,0,0.22869389813414023,0.3172464939789236,0.3098997730711044,0.7125567322239031,0.0,1.2199103616377334,0.75,0.5277777777777778,19,36,363.9346074466393,956a9ceb80df2feb4bb3b76f79213a7f0cb93b60e4835d44d36852e549355e78,f000d324411431a807bac72657424c44472cc457a2b2f856442e941850c00046,0.11497730711043873,0.5706552571860817,,2495.321674091692,4580,1.0,0.19511166501422808,fixed_ring,1.0,0.08374306819273857,0.3172986006051437,709c27c62d16853aee97b139,4.503919317000054,storm,7009,24bfb8b9aac5b87f9f268595cf4462964bd3a01da9d8089f51ed740d780fee86,0,0.5441250630358043
,0.34729576399394857,0.0,144.22079866364092,0,0.022945032778618254,0.26665459398169544,0.3272188603126575,0.7125567322239031,0.0,13.938089789457285,0.75,0.6666666666666666,24,36,840.5532302779708,c0265f2f5da1b8f1e6334a7d1da15d24852be86831d4583cf0a020b238d73be2,f000d324411431a807bac72657424c44472cc457a2b2f856442e941850c00046,0.08018154311649017,0.4706174357034796,,1733.5356769223813,4799,1.0,0.2379692237673331,adaptive,1.0,0.04205756856206498,0.2662474785678265,d43f5cf8872fcfafd68bd132,6.763627149000058,storm,7010,24bfb8b9aac5b87f9f268595cf4462964bd3a01da9d8089f51ed740d780fee86,7,0.23777105395864845
41,0.26073972516389304,0.0,132.65447711800303,0,0.10791729702471003,0.3042219980718304,0.3189217725668179,0.7246596066565809,0.0,5.862817377237335,0.8333333333333334,0.6944444444444444,25,36,423.94229999810796,20cbee7be12f3041b6f80dfbab6cf06c7cd24e2dceeb098a373acea1952196d8,f000d324411431a807bac72657424c44472cc457a2b2f856442e941850c00046,0.11195158850226929,0.5384360816944024,1.5166666666666666,1750.461522245891,4650,1.0,0.3960327350511624,greedy_sparse,1.0,0.06888266045077569,0.3042738275340393,2448ea31003f9ba62667008e,13.976183784999876,storm,7018,24bfb8b9aac5b87f9f268595cf4462964bd3a01da9d8089f51ed740d780fee86,41,0.45537065052950076
23,0.03366111951588502,0.0,41.05691345184064,0,0.0,0.3738746104787338,0.6976645234493192,0.0680786686838124,0.5625,6.395401236910901,0.9722222222222222,0.9444444444444444,34,36,433.4691504293868,12c2676d5d2da4bfdacb5c9a6312d12b90a39b080a71ade938e7b16bbaabf086,f000d324411431a807bac72657424c44472cc457a2b2f856442e941850c00046,0.11043872919818457,0.771180030257186,2.283333333333333,1910.8395897665646,7314,0.9909228441754917,0.4636185792198995,fungal,0.8908219868885526,0.22745870737354218,0.3735265380736258,b00f38d3f56ac4bd0d9f5d7a,16.145823332999953,sensor_fault,7019,24bfb8b9aac5b87f9f268595cf4462964bd3a01da9d8089f51ed740d780fee86,23,0.01765002521432173
41,0.3272109808371155,0.0,134.1606388678769,0,0.0,0.2646460304316438,0.37685955622793743,0.6989409984871406,0.05729166666666666,9.37370948864037,0.6388888888888888,0.6111111111111112,22,36,444.2728462382242,fb367cc0d79aa8d9c98eb2a529262d3fdb12211bf1a4b9a1df875515bb387ab8,f000d324411431a807bac72657424c44472cc457a2b2f856442e941850c00046,0.17700453857791226,0.46836390569843667,4.033333333333333,1272.737226136795,6836,1.0,0.18073275307843206,economic,1.0,0.06309813592946605,0.26501040090771555,ac181b87cc9777a7b1ec2453,17.542736413000057,storm,7002,24bfb8b9aac5b87f9f268595cf4462964bd3a01da9d8089f51ed740d780fee86,41,0.11976802824004035
53,0.033714022620093126,0.0,31.160487125403733,0,0.004034291477559253,0.5165503609335791,0.7847962700697826,0.13767019667170954,0.4311373106662641,7.786731621784228,0.9722222222222222,0.9722222222222222,35,36,452.90236701319566,358f3d3ac5e4c7943da7c4ded7230c7e4afe2570f3a3d3555871e5543b789f00,f000d324411431a807bac72657424c44472cc457a2b2f856442e941850c00046,0.3177004538577912,0.8545350705870494,1.7666666666666666,1432.2489487541818,9082,1.0,0.3918034220732136,recruitment,1.0,0.13286235314074168,0.5157274373859342,f45d5e568329413d9d374795,17.28337211400003,moving_front,7014,24bfb8b9aac5b87f9f268595cf4462964bd3a01da9d8089f51ed740d780fee86,53,0.045890065557236515
49,0.014356404437720623,0.0,25.32660426122037,0,0.0,0.4493789049356363,0.8143201588502269,0.006051437216338881,0.6927083333333333,5.721090756658412,0.9444444444444444,0.9444444444444444,34,36,409.7433005185035,ac5fa5d877e58450b21b5619aadcad71ab1db9e7cd210fd1cd516ef4a934c028,f000d324411431a807bac72657424c44472cc457a2b2f856442e941850c00046,0.17095310136157338,0.8530792990418558,1.7833333333333334,2020.0000707656166,8463,1.0,0.4297371251245058,greedy_sparse,1.0,0.19071043027721254,0.4493664901664145,e27bb24962edc9ab1aceb14e,15.75145643299993,sensor_fault,7014,24bfb8b9aac5b87f9f268595cf4462964bd3a01da9d8089f51ed740d780fee86,49,0.0
,0.26119673474533533,0.0,139.13676405698436,0,0.22692889561270801,0.32567517582926825,0.3169203857791225,0.7155824508320726,0.0,1.2039798732887528,0.75,0.4444444444444444,16,36,363.9210899020414,7bba1255199adfdb1a1ba0c529b8275f13780540abed81a608a55c16f4b1390f,f000d324411431a807bac72657424c44472cc457a2b2f856442e941850c00046,0.14069591527987896,0.5746737897125568,,2493.6051706957574,4922,1.0,0.2449457173510261,fixed_ring,1.0,0.12535373656316692,0.32618664901664146,25f114c3d2ccfa6006be0f1a,4.785961251000003,storm,7003,24bfb8b9aac5b87f9f268595cf4462964bd3a01da9d8089f51ed740d780fee86,0,0.5363086232980332
,0.04031908570697062,0.0,37.627396189548534,0,0.0,0.4747971402592401,0.7416968247225335,0.21936459909228442,0.32641396315587173,38.12469922022816,0.9722222222222222,0.9722222222222222,35,36,1950.1003962697857,a9dc4e7a83ea86ea436568b7b9e6ff3f12c69e20d2897f78617ebd8a5771ceb1,f000d324411431a807bac72657424c44472cc457a2b2f856442e941850c00046,0.394856278366112,0.8231841114148784,,1175.0689257016159,10370,1.0,0.3195728563283053,adaptive,1.0,0.08691155024631593,0.4751806622089291,bda49a1aea7b302007a883b5,8.112687434000009,moving_front,7008,24bfb8b9aac5b87f9f268595cf4462964bd3a01da9d8089f51ed740d780fee86,17,0.02798789712556732
52,0.03634014120020171,0.0,43.39215361825516,0,0.0,0.3579784147733794,0.6660914649520927,0.11346444780635401,0.484375,6.199571575356714,0.9722222222222222,0.9722222222222222,35,36,417.9100759427547,5772c05e39ffe56db9fe4d550c615751b591862ac0732ff00bde5b9c136479f3,f000d324411431a807bac72657424c44472cc457a2b2f856442e941850c00046,0.02723146747352496,0.7633399520927886,1.8833333333333333,1914.9152862741284,5347,1.0,0.49198270836735947,greedy_sparse,0.8908219868885526,0.20690518913137915,0.3598083711548159,3b30eb6dbd1e9906af5d14e1,13.59758897599977,sensor_fault,7006,24bfb8b9aac5b87f9f268595cf4462964bd3a01da9d8089f51ed740d780fee86,52,0.01739788199697428
39,0.2674057614725164,0.0,129.00360092032275,0,0.0713565305093293,0.29814863222235843,0.3527404815935451,0.686838124054463,0.0,5.753218759672034,0.8055555555555556,0.5277777777777778,19,36,416.4199926129585,50b7b3fbf7cedf803850a0428d40ee1ccc4080b783db00698cf7730c8a755b36,f000d324411431a807bac72657424c44472cc457a2b2f856442e941850c00046,0.15582450832072617,0.5313918305597579,1.3833333333333333,1314.3878974391034,5513,1.0,0.23911509830363376,recruitment,1.0,0.0699487655538493,0.2985927256681795,4bf2ce6efbe5e379c5146bfc,13.741021493000062,storm,7011,24bfb8b9aac5b87f9f268595cf4462964bd3a01da9d8089f51ed740d780fee86,39,0.3426626323751891
,0.054368054946228234,0.0,49.10889902129579,0,0.0032778618255168935,0.48615629543429784,0.645711729846245,0.3767019667170953,0.09182742285803464,0.9023011742388092,0.8611111111111112,0.8055555555555556,29,36,363.80181961338405,6e2d005a512f8f795588b53a08d35435fd833e215d9a9396f9ada02b8104fa48,f000d324411431a807bac72657424c44472cc457a2b2f856442e941850c00046,0.11649016641452345,0.8109418217135717,,2496.444277675633,5545,1.0,0.19532468572172149,fixed_ring,1.0,0.11584159307472751,0.4848527210274753,f28464a4840c25089dbf7046,4.8761427580000145,moving_front,7009,24bfb8b9aac5b87f9f268595cf4462964bd3a01da9d8089f51ed740d780fee86,0,0.16011094301563286
,0.0718467754964823,0.0,51.89141479394242,0,0.0005042864346949066,0.4706016365291132,0.6756457412752506,0.3010590015128593,0.20907762740030855,43.05615254725662,0.9166666666666666,0.8611111111111112,31,36,2168.5739212886087,7fc013544a2434726446cf0cb1c220e784a923ebb4fc53407d1bf1d9ae765b5f,f000d324411431a807bac72657424c44472cc457a2b2f856442e941850c00046,0.15431164901664146,0.785717422930174,,909.2904399343942,7185,1.0,0.24805049220766523,adaptive,0.9974785678265256,0.11983081884208632,0.4705342824259869,e9f49d314522897cb1a5983d,8.38173160600013,moving_front,7019,24bfb8b9aac5b87f9f268595cf4462964bd3a01da9d8089f51ed740d780fee86,12,0.055471507816439745
18,0.023827534039334335,0.0,37.0660378845184,0,0.0,0.40334961899904637,0.7038971886031266,0.08472012102874432,0.53125,5.933596798481225,0.9444444444444444,0.9444444444444444,34,36,423.0646397305794,b9aa9c192ff362205c201c037cc4f3c7c2aba8b7e0c4fd0ef068255fea54f756,f000d324411431a807bac72657424c44472cc457a2b2f856442e941850c00046,0.04084720121028744,0.7946372289460413,1.8,2012.0671797181474,5972,1.0,0.39386877358056066,fungal,0.9659606656580938,0.15491575106096428,0.4030509329299041,2dbf4ff1516ef461b023d22e,13.59799600999986,sensor_fault,7007,24bfb8b9aac5b87f9f268595cf4462964bd3a01da9d8089f51ed740d780fee86,18,0.024205748865355523
51,0.04235218103883005,0.0,39.64932394099848,0,0.0,0.4157594029295252,0.729560640443772,0.04387291981845688,0.6041666666666666,10.526759095208245,0.9444444444444444,0.9444444444444444,34,36,460.2959263689156,20cbee7be12f3041b6f80dfbab6cf06c7cd24e2dceeb098a373acea1952196d8,f000d324411431a807bac72657424c44472cc457a2b2f856442e941850c00046,0.08018154311649017,0.7902719994957135,5.066666666666666,1915.5395951222768,6886,1.0,0.3993481816030982,economic,0.9253656076651537,0.18486786062814117,0.41636724659606655,52f14f782d69c397249cbf4f,18.516111227000238,sensor_fault,7018,24bfb8b9aac5b87f9f268595cf4462964bd3a01da9d8089f51ed740d780fee86,51,0.011094301563287948
,0.32621816691880984,0.0,130.67298600605145,0,0.007060010085728693,0.2880620625772384,0.40348430408472014,0.680786686838124,0.06249999999999999,12.796851282636885,0.6944444444444444,0.6944444444444444,25,36,804.6719018933469,6ef10a6f8528f48913779ce02125f8ae67ac504fa24b04f7d539448adf330dc7,f000d324411431a807bac72657424c44472cc457a2b2f856442e941850c00046,0.14674735249621784,0.5014340645486636,,1733.2082601226452,7171,1.0,0.34679036040779765,adaptive,1.0,0.08559769789173093,0.2888852118003026,c84344ffec74a60d32002522,9.475391017999982,storm,7012,24bfb8b9aac5b87f9f268595cf4462964bd3a01da9d8089f51ed740d780fee86,9,0.10463943519919312
,0.040295637922339894,0.0,54.71799357034796,0,0.0007564296520423601,0.3805648335915466,0.5031123928391326,0.45537065052950076,0.23958333333333331,0.9019157470250327,0.9722222222222222,0.9722222222222222,35,36,363.4328681708479,5772c05e39ffe56db9fe4d550c615751b591862ac0732ff00bde5b9c136479f3,f000d324411431a807bac72657424c44472cc457a2b2f856442e941850c00046,0.0,0.7657983484619263,,2496.75963377726,2642,0.9997478567826527,0.4959709337804294,fixed_ring,0.8908219868885526,0.20745950751199987,0.3825091401916288,15f7b4987e9da767f5eafeaa,4.9186624349999875,sensor_fault,7006,24bfb8b9aac5b87f9f268595cf4462964bd3a01da9d8089f51ed740d780fee86,0,0.12052445789208269
,0.022874117498739282,0.0,33.73983547655068,0,0.0,0.4654196628169984,0.7313571608673726,0.057488653555219364,0.5729166666666666,0.8890907870337975,0.9166666666666666,0.9166666666666666,33,36,363.4294735185483,ac5fa5d877e58450b21b5619aadcad71ab1db9e7cd210fd1cd516ef4a934c028,f000d324411431a807bac72657424c44472cc457a2b2f856442e941850c00046,0.006051437216338881,0.8470672592032273,,2497.251910300427,4505,1.0,0.4293939590453182,fixed_ring,0.9987392839132628,0.2178982389751037,0.4648575390821987,7565548b4cc41140b5e816b6,12.353044190000219,sensor_fault,7014,24bfb8b9aac5b87f9f268595cf4462964bd3a01da9d8089f51ed740d780fee86,0,0.016389309127584465
0,0.04928705938882615,0.0,44.67038696070896,0,0.004790721129601613,0.4455562895246055,0.6724505537412875,0.31164901664145234,0.17676058873335618,3.083243772808723,0.9444444444444444,0.8888888888888888,32,36,443.33459935304245,897c3ea0ca4def7c92d6c5bc4c681216da15d36377736736da162a96b99c0650,f000d324411431a807bac72657424c44472cc457a2b2f856442e941850c00046,0.2178517397881997,0.805167272414669,0.0,2122.104099328901,6974,1.0,0.3284163303778202,static_tuned,1.0,0.09792923759682373,0.4461355424435419,3a0159148afb0bb8b9699ed5,5.575371416999815,moving_front,7017,24bfb8b9aac5b87f9f268595cf4462964bd3a01da9d8089f51ed740d780fee86,0,0.10564800806858295
28,0.01379696167423096,0.0,24.66070978315683,0,0.0,0.44435985588042537,0.8159512102874432,0.006051437216338881,0.703125,8.535703115145141,0.9444444444444444,0.9444444444444444,34,36,454.8932927792194,ac5fa5d877e58450b21b5619aadcad71ab1db9e7cd210fd1cd516ef4a934c028,f000d324411431a807bac72657424c44472cc457a2b2f856442e941850c00046,0.20726172465960666,0.8511567070095813,2.8,1915.5965196680866,9250,1.0,0.42984425986708624,fungal,1.0,0.19280638411993592,0.44386661623802315,92350c522087dc3e2f31e4ac,33.76782055600006,sensor_fault,7014,24bfb8b9aac5b87f9f268595cf4462964bd3a01da9d8089f51ed740d780fee86,28,0.0012607160867372667
41,0.27370934190620266,0.0,128.18385968229953,0,0.04513363590519415,0.2914659334859066,0.3575942385274836,0.6853252647503782,0.0,6.045247529269205,0.75,0.4722222222222222,17,36,423.66492366535584,50b7b3fbf7cedf803850a0428d40ee1ccc4080b783db00698cf7730c8a755b36,f000d324411431a807bac72657424c44472cc457a2b2f856442e941850c00046,0.1588502269288956,0.519722327281896,1.5,1390.2261244073609,5622,1.0,0.2381622220557555,greedy_sparse,1.0,0.0741858596985784,0.2913751260716086,43fa20eb70e1289f348850e3,14.198689524999963,storm,7011,24bfb8b9aac5b87f9f268595cf4462964bd3a01da9d8089f51ed740d780fee86,41,0.30509329299041854
16,0.025379790721129596,0.0,39.00848619515885,0,0.0,0.38195422285992375,0.6918179525970751,0.07110438729198185,0.5416666666666666,6.897642229696327,1.0,1.0,36,36,442.2427317265816,c0265f2f5da1b8f1e6334a7d1da15d24852be86831d4583cf0a020b238d73be2,f000d324411431a807bac72657424c44472cc457a2b2f856442e941850c00046,0.059001512859304085,0.7810924104891577,1.6,2053.0688599905025,6392,1.0,0.2625658896758188,fungal,0.9664649520927886,0.1711551552148049,0.3824224659606656,b6b77b0c87dfd4001feefb60,12.561750437999763,sensor_fault,7010,24bfb8b9aac5b87f9f268595cf4462964bd3a01da9d8089f51ed740d780fee86,16,0.022945032778618254
48,0.05051007124723224,0.0,47.66422224040284,0,0.0027735753908219862,0.4742655693251013,0.6695151333707872,0.3237518910741301,0.08049820935729735,12.564703733276886,0.9444444444444444,0.8888888888888888,32,36,493.33306415254003,277879760b7636cf423ed8f2b038495b33a699b960bf9fcac3c05a45a91ae287,f000d324411431a807bac72657424c44472cc457a2b2f856442e941850c00046,0.15431164901664146,0.8099953717837299,4.716666666666667,1586.881488713597,6464,1.0,0.327889859088827,fungal,1.0,0.10610348167191601,0.47474626637109474,c9cba2d69ed264cc4a9730d0,17.593764616000044,moving_front,7015,24bfb8b9aac5b87f9f268595cf4462964bd3a01da9d8089f51ed740d780fee86,48,0.10640443772062529
51,0.04499101403742171,0.0,43.56991780508333,0,0.015632879475542105,0.5164546962046215,0.691482641435237,0.32223903177004537,0.17724161617978076,7.374087660558732,0.9722222222222222,0.9166666666666666,33,36,445.47552532196914,5bd218142e142fa4278b4a5cda21ab3f6b168aad1e4f87cf0725f2f9c148a9ed,f000d324411431a807bac72657424c44472cc457a2b2f856442e941850c00046,0.1815431164901664,0.830833265395391,1.7,1648.269574727247,6355,1.0,0.28266161840558424,recruitment,1.0,0.1177775578098218,0.5159521819264942,1517eceb75806dbc852fc827,12.670676254,moving_front,7000,24bfb8b9aac5b87f9f268595cf4462964bd3a01da9d8089f51ed740d780fee86,51,0.14826021180030255
26,0.2710697175995965,0.0,138.61758541351486,0,0.1464952092788704,0.3122904706666745,0.31484808371154815,0.7231467473524962,0.0,4.427810838361487,0.6944444444444444,0.4444444444444444,16,36,403.2194255844447,5f8536aad221b558feae01abd9e48012ffd43f0d986448ef31076303591affbe,f000d324411431a807bac72657424c44472cc457a2b2f856442e941850c00046,0.07564296520423601,0.5530525088250124,0.9666666666666667,2004.725637719577,3949,1.0,0.2777352518478484,recruitment,1.0,0.05091987543630024,0.31173569087241554,43791cc0a9a3342ef89d6633,13.870967834999988,storm,7000,24bfb8b9aac5b87f9f268595cf4462964bd3a01da9d8089f51ed740d780fee86,26,0.5010085728693898
,0.3403775844679777,0.0,138.2056858295512,0,0.010337871911245586,0.27768588408267875,0.3636929525970751,0.686838124054463,0.0,13.896060511661972,0.6388888888888888,0.5,18,36,844.8473590903283,61fbc2c3c47ea0b2f394bf19d5d944ff33916305affd279efd1232b2237e443b,f000d324411431a807bac72657424c44472cc457a2b2f856442e941850c00046,0.13767019667170954,0.48797592032274323,,1727.297006116986,6137,1.0,0.3230827333188498,adaptive,1.0,0.0916300987893841,0.2774126954109934,a64570fa9ea1dbc642e54d53,7.52524069399999,storm,7008,24bfb8b9aac5b87f9f268595cf4462964bd3a01da9d8089f51ed740d780fee86,7,0.19364599092284418
54,0.017437279374684818,0.0,31.829062657589507,0,0.0,0.399302388405136,0.7556180660615228,0.01361573373676248,0.640625,6.553042913620722,0.9722222222222222,0.9722222222222222,35,36,422.1038542340956,956a9ceb80df2feb4bb3b76f79213a7f0cb93b60e4835d44d36852e549355e78,f000d324411431a807bac72657424c44472cc457a2b2f856442e941850c00046,0.14826021180030258,0.8006413893091274,1.9666666666666666,1899.9043966778818,8235,1.0,0.4013941902083822,greedy_sparse,0.8996469994957135,0.19270055435770106,0.39926878466969234,8ca1268bfdf6ade20827faf4,14.704711625000073,sensor_fault,7009,24bfb8b9aac5b87f9f268595cf4462964bd3a01da9d8089f51ed740d780fee86,54,0.0010085728693898133
27,0.3055424230963187,0.0,133.79971949067067,0,0.024962178517397876,0.2584313468096516,0.3619988653555219,0.6822995461422088,0.020833333333333332,8.60305844636294,0.6666666666666666,0.5277777777777778,19,36,449.7229468962931,7566b3dd58ba1b4b73cead9a88da4a0d93430742ea574afa5e3d674dbfd7a1c5,f000d324411431a807bac72657424c44472cc457a2b2f856442e941850c00046,0.15279878971255673,0.4771810388300554,2.65,1033.5838224834235,6374,1.0,0.1898767774015449,deadline_fusion,1.0,0.054341850521102436,0.25892744578920823,193431834567b419d29f1d96,39.269130442999995,storm,7013,24bfb8b9aac5b87f9f268595cf4462964bd3a01da9d8089f51ed740d780fee86,27,0.19213313161875945
32,0.01895801815431165,0.0,37.89444654563792,0,0.0,0.4011460332604841,0.6839148386283408,0.10892586989409984,0.484375,8.183710878374683,0.9722222222222222,0.9722222222222222,35,36,447.3805181008182,fded3c51bb367e0df8af6f8249b634fefe0cc389845c26618e90a9b29d9c3139,f000d324411431a807bac72657424c44472cc457a2b2f856442e941850c00046,0.02723146747352496,0.788499117498739,3.15,2038.9192358835319,5252,1.0,0.3620513605815504,fungal,0.9669692385274837,0.16535078754728544,0.4020738779626827,d206dce5be38d06174434892,34.595601633000115,sensor_fault,7017,24bfb8b9aac5b87f9f268595cf4462964bd3a01da9d8089f51ed740d780fee86,32,0.025214321734745332
,0.05801705984596683,0.0,52.92024716588733,0,0.018154311649016642,0.4982542505619417,0.6133270538920252,0.4039334341906203,0.05785802297683489,0.9174223713062142,0.8611111111111112,0.7777777777777778,28,36,363.80822525301727,43e354cb1fa0a5fed03587ccc8ef089b630912d128abf8941ac224ef282c99e3,f000d324411431a807bac72657424c44472cc457a2b2f856442e941850c00046,0.07110438729198185,0.8169941013238097,,2496.1982834167525,4431,1.0,0.4018778164912672,fixed_ring,1.0,0.10441781378601928,0.4973484034554838,abc0e6caa01ac2710636e2a5,5.602923409000141,moving_front,7018,24bfb8b9aac5b87f9f268595cf4462964bd3a01da9d8089f51ed740d780fee86,0,0.19087241553202217
52,0.026876891074130105,0.0,39.01305629097327,0,0.0,0.3993353996505777,0.6935987140695914,0.08774583963691376,0.53125,6.15131270847121,0.9166666666666666,0.9166666666666666,33,36,408.03679688057514,b9aa9c192ff362205c201c037cc4f3c7c2aba8b7e0c4fd0ef068255fea54f756,f000d324411431a807bac72657424c44472cc457a2b2f856442e941850c00046,0.02723146747352496,0.785418242561775,1.85,1922.9814219559375,5661,1.0,0.39225356417786755,greedy_sparse,0.959909228441755,0.16032267198927777,0.3983547655068079,3bb1d29f598d9c72cc9483a7,13.076009392999822,sensor_fault,7007,24bfb8b9aac5b87f9f268595cf4462964bd3a01da9d8089f51ed740d780fee86,52,0.02445789208270297
0,0.25598840141200196,0.0,125.95708049672216,0,0.060010085728693895,0.29469845065821265,0.3623140443772062,0.6853252647503782,0.0,3.4602582633727725,0.8333333333333334,0.5833333333333334,21,36,443.2777786216336,50b7b3fbf7cedf803850a0428d40ee1ccc4080b783db00698cf7730c8a755b36,f000d324411431a807bac72657424c44472cc457a2b2f856442e941850c00046,0.21633888048411498,0.5403744326777609,0.0,2118.745430985802,6619,1.0,0.23702926672148392,static_tuned,1.0,0.047197084707806244,0.294322049924357,c1b9eeb34b10dfe420d2b6e9,5.295285649999869,storm,7011,24bfb8b9aac5b87f9f268595cf4462964bd3a01da9d8089f51ed740d780fee86,0,0.3656076651538073
57,0.035106295797412285,0.0,38.17464429918055,0,0.0020171457387796266,0.515153576928672,0.7254107248831506,0.2632375189107413,0.2657331255224619,13.344319316088809,0.9722222222222222,0.9444444444444444,34,36,500.57650769568994,5bd218142e142fa4278b4a5cda21ab3f6b168aad1e4f87cf0725f2f9c148a9ed,f000d324411431a807bac72657424c44472cc457a2b2f856442e941850c00046,0.18456883509833585,0.8294822676876709,5.666666666666667,1347.6384746324597,6967,1.0,0.2855103647295731,economic,1.0,0.11586584940567578,0.5146118241746325,13f89ad82b7961f3e28a66a3,14.700354188999881,moving_front,7000,24bfb8b9aac5b87f9f268595cf4462964bd3a01da9d8089f51ed740d780fee86,57,0.07967725668179526
24,0.2318772062531518,0.0,114.46742624810891,0,0.008825012607160867,0.29112910033794587,0.3992766641452344,0.6641452344931922,0.041666666666666664,8.76614236419949,0.8611111111111112,0.7222222222222222,26,36,454.77236545024857,ac5fa5d877e58450b21b5619aadcad71ab1db9e7cd210fd1cd516ef4a934c028,f000d324411431a807bac72657424c44472cc457a2b2f856442e941850c00046,0.13918305597579425,0.5246391200201714,2.3666666666666667,1788.5490803215794,6157,1.0,0.3784853952169249,fungal,1.0,0.04836851263039315,0.29190305093292984,a515ca1d59c13a4b176829c8,18.4674692399999,storm,7014,24bfb8b9aac5b87f9f268595cf4462964bd3a01da9d8089f51ed740d780fee86,24,0.1999495713565305
50,0.035260653050932934,0.0,43.18062909732728,0,0.0,0.3633117993412477,0.6654374684820977,0.11195158850226929,0.484375,5.869485618070042,0.9722222222222222,0.9722222222222222,35,36,422.52276452016054,5772c05e39ffe56db9fe4d550c615751b591862ac0732ff00bde5b9c136479f3,f000d324411431a807bac72657424c44472cc457a2b2f856442e941850c00046,0.028744326777609682,0.7661608043368633,1.8833333333333333,1972.9331609728806,5157,1.0,0.49194049415985275,recruitment,0.891578416540595,0.2078826129139725,0.36542643721633883,7f644cbb782e842340b544d7,15.382535534999988,sensor_fault,7006,24bfb8b9aac5b87f9f268595cf4462964bd3a01da9d8089f51ed740d780fee86,50,0.01664145234493192
50,0.06349621440916671,0.0,43.87020411234748,0,0.0,0.45242401690329104,0.7250513445642952,0.2254160363086233,0.3852247040375559,7.433650339077743,0.9166666666666666,0.8888888888888888,32,36,445.8266061584136,5b23548e342cd0e105b412e1f6ff973e8f388f6fbedb3fc9e75b3089b159ddd9,f000d324411431a807bac72657424c44472cc457a2b2f856442e941850c00046,0.37972768532526474,0.7906080988153829,1.7,1457.8574637532606,9750,1.0,0.19008333764976826,greedy_sparse,1.0,0.09344520589834386,0.45076701809607644,92066d3e27182e017988780c,13.945131880999952,moving_front,7002,24bfb8b9aac5b87f9f268595cf4462964bd3a01da9d8089f51ed740d780fee86,50,0.03681290973272819
50,0.02026601109430156,0.0,39.33619358295512,0,0.0020171457387796266,0.4035256478275133,0.6661308623298033,0.14523449319213314,0.44791666666666663,5.450327813138653,1.0,1.0,36,36,411.13955161342074,fded3c51bb367e0df8af6f8249b634fefe0cc389845c26618e90a9b29d9c3139,f000d324411431a807bac72657424c44472cc457a2b2f856442e941850c00046,0.025718608169440244,0.7890428013111447,1.7333333333333334,1974.3627117621074,4859,1.0,0.3628005915218813,recruitment,0.9606656580937972,0.16878509669821615,0.4045165153807362,ca445f2d64678149e9a09dcc,16.404549848999977,sensor_fault,7017,24bfb8b9aac5b87f9f268595cf4462964bd3a01da9d8089f51ed740d780fee86,50,0.028492183560262226
20,0.320458270297529,0.0,153.7208853378719,0,0.2725668179525971,0.31709809860342797,0.292423096318709,0.7322239031770046,0.0,3.2944084529918682,0.75,0.5277777777777778,19,36,388.4662612071913,fded3c51bb367e0df8af6f8249b634fefe0cc389845c26618e90a9b29d9c3139,f000d324411431a807bac72657424c44472cc457a2b2f856442e941850c00046,0.08018154311649017,0.5590330307614725,0.7166666666666667,2022.6103076742331,3657,1.0,0.3292140193249409,recruitment,1.0,0.08459169332081183,0.3171173726676752,ae553d46064d0a84d0837a94,10.95925153799999,storm,7017,24bfb8b9aac5b87f9f268595cf4462964bd3a01da9d8089f51ed740d780fee86,20,0.5625315179021685
42,0.029484997478567823,0.0,36.624038703983864,0,0.0,0.40739802129618574,0.7368806732223904,0.03479576399394856,0.5989583333333333,5.102153454815617,0.9722222222222222,0.9722222222222222,35,36,405.81556110680555,61fbc2c3c47ea0b2f394bf19d5d944ff33916305affd279efd1232b2237e443b,f000d324411431a807bac72657424c44472cc457a2b2f856442e941850c00046,0.12102874432677761,0.7915090771558245,1.4166666666666667,1930.234622099823,7694,1.0,0.4863249367936132,recruitment,0.9629349470499243,0.22022113553115827,0.40756587241553194,6ece814319bcf0a2b507dbef,15.338426021000032,sensor_fault,7008,24bfb8b9aac5b87f9f268595cf4462964bd3a01da9d8089f51ed740d780fee86,42,0.004034291477559253
,0.33910898890569835,0.0,138.183386913767,0,0.02218860312657589,0.27096486389201985,0.3632753403933434,0.6928895612708018,0.0,12.446487647446741,0.5555555555555556,0.5277777777777778,19,36,779.4200653844587,956a9ceb80df2feb4bb3b76f79213a7f0cb93b60e4835d44d36852e549355e78,f000d324411431a807bac72657424c44472cc457a2b2f856442e941850c00046,0.16792738275340394,0.48342946293494704,,1735.7791903531029,6574,1.0,0.19141480290110388,adaptive,1.0,0.08546205575571823,0.27114063287947554,e7517d9a9f7e1fa618147dbb,6.507683528000143,storm,7009,24bfb8b9aac5b87f9f268595cf4462964bd3a01da9d8089f51ed740d780fee86,9,0.18204740292486132
,0.032557992939989906,0.0,43.48375252143217,0,0.0,0.42624713407481674,0.6420984619263741,0.16187594553706505,0.42187499999999994,0.8742047925325658,0.9444444444444444,0.9444444444444444,34,36,363.4220800284325,61fbc2c3c47ea0b2f394bf19d5d944ff33916305affd279efd1232b2237e443b,f000d324411431a807bac72657424c44472cc457a2b2f856442e941850c00046,0.006051437216338881,0.7864425743822488,,2496.648570104255,4072,1.0,0.487516503381691,fixed_ring,0.9488149268784669,0.20343544099792926,0.42647661371659096,cf50979f780b28df6724865e,4.035460956999941,sensor_fault,7008,24bfb8b9aac5b87f9f268595cf4462964bd3a01da9d8089f51ed740d780fee86,0,0.04009077155824508
37,0.3148165658093797,0.0,129.26661781391832,0,0.0,0.26082383201787457,0.403405509329299,0.6777609682299546,0.07291666666666666,11.484792456264405,0.7777777777777778,0.7777777777777778,28,36,483.1976594880974,6ef10a6f8528f48913779ce02125f8ae67ac504fa24b04f7d539448adf330dc7,f000d324411431a807bac72657424c44472cc457a2b2f856442e941850c00046,0.19213313161875945,0.4720199823499748,3.683333333333333,1376.0488984226868,7813,1.0,0.35031726261578483,fungal,1.0,0.07821815858795679,0.2611809757942511,fb078a2ff7e349a150c9c2b9,16.93410505299994,storm,7012,24bfb8b9aac5b87f9f268595cf4462964bd3a01da9d8089f51ed740d780fee86,37,0.07438224911749873
52,0.046570454534323416,0.0,44.21000982564813,0,0.011094301563287947,0.4777686674814062,0.688751621102074,0.2980332829046899,0.21429736133514737,7.306133488258778,0.9444444444444444,0.8888888888888888,32,36,441.932856219367,4359898ad5beb32bbf1d8eff13ccc594cdb32a36c3aec06531a94f326fed618b,f000d324411431a807bac72657424c44472cc457a2b2f856442e941850c00046,0.2027231467473525,0.8234240415783104,1.7666666666666666,1634.1550246515726,6576,1.0,0.233369477737423,recruitment,1.0,0.11037538424033345,0.47695359854135266,66eb204e0100aae3e4774c2d,12.816685624999991,moving_front,7007,24bfb8b9aac5b87f9f268595cf4462964bd3a01da9d8089f51ed740d780fee86,52,0.1341401916288452
20,0.28527641200201714,0.0,127.8697443898134,0,0.0017650025214321736,0.2670972638711884,0.37130452597075136,0.6792738275340393,0.03125,6.952860569426883,0.6111111111111112,0.4722222222222222,17,36,422.9318757370206,61fbc2c3c47ea0b2f394bf19d5d944ff33916305affd279efd1232b2237e443b,f000d324411431a807bac72657424c44472cc457a2b2f856442e941850c00046,0.17095310136157338,0.481530509329299,1.9833333333333334,1796.9012708566215,6098,1.0,0.32250834293139324,fungal,1.0,0.06856987186581118,0.2667990418557741,1024e584a87d8a0eca7314ba,13.514487464000013,storm,7008,24bfb8b9aac5b87f9f268595cf4462964bd3a01da9d8089f51ed740d780fee86,20,0.20852244074634393
27,0.2540027735753908,0.0,131.4021920700958,0,0.12531517902168432,0.308064933681442,0.33520076903681295,0.697428139183056,0.0,4.492129650089233,0.6388888888888888,0.4166666666666667,15,36,411.98324753679265,e5eb0adce92def657b42daaff1168729498af6b7f7eacaec91555308393fbb04,f000d324411431a807bac72657424c44472cc457a2b2f856442e941850c00046,0.08774583963691376,0.5413593671205243,0.9333333333333333,1695.5872943353786,4166,1.0,0.309350035351039,recruitment,1.0,0.03762450606503039,0.30812689107413005,0ee3d120c50f2c435a812cbe,12.605608070000017,storm,7005,24bfb8b9aac5b87f9f268595cf4462964bd3a01da9d8089f51ed740d780fee86,27,0.4374684820978316
,0.05999766795718398,0.0,41.90151322570781,0,0.005042864346949067,0.5280595854167683,0.7255393680573727,0.2254160363086233,0.21140184399309897,44.396395179569325,0.9722222222222222,0.9722222222222222,35,36,2167.674669800875,43e354cb1fa0a5fed03587ccc8ef089b630912d128abf8941ac224ef282c99e3,f000d324411431a807bac72657424c44472cc457a2b2f856442e941850c00046,0.13767019667170954,0.8541023655883222,,1060.8427020357433,7377,1.0,0.399573297715185,adaptive,1.0,0.0917320699239172,0.5291356949986858,814c2377cd1613cde0d767c5,10.473774893999916,moving_front,7018,24bfb8b9aac5b87f9f268595cf4462964bd3a01da9d8089f51ed740d780fee86,15,0.07690368129097326
31,0.2777515128593041,0.0,123.85928832576903,0,0.004790721129601613,0.27289996114659576,0.3838171331316187,0.680786686838124,0.05208333333333333,8.56725459419494,0.75,0.6388888888888888,23,36,442.656177587771,c01d3e850dcea516d0864d501fedc94fd615e60fababbc941400707247a8bedb,f000d324411431a807bac72657424c44472cc457a2b2f856442e941850c00046,0.17095310136157338,0.5000472768532527,2.9833333333333334,1833.4284275616292,6718,1.0,0.19809337374838923,fungal,1.0,0.09943983867141577,0.27240134896621276,7d8adf2b1b38298b2fb9766e,14.809067416000062,storm,7016,24bfb8b9aac5b87f9f268595cf4462964bd3a01da9d8089f51ed740d780fee86,31,0.18406454866364094
32,0.0193125945537065,0.0,31.694008446797778,0,0.0,0.4175715348754836,0.7587383383761976,0.02723146747352496,0.6406249999999999,9.565877011236337,1.0,1.0,36,36,470.5956753007066,50b7b3fbf7cedf803850a0428d40ee1ccc4080b783db00698cf7730c8a755b36,f000d324411431a807bac72657424c44472cc457a2b2f856442e941850c00046,0.16036308623298035,0.8063540090771556,3.2,2020.188045849695,8213,1.0,0.3351422577637589,fungal,0.9692385274836108,0.19474165310937058,0.4175097705496722,135aaf5aac82031171b105a6,14.113172404000125,sensor_fault,7011,24bfb8b9aac5b87f9f268595cf4462964bd3a01da9d8089f51ed740d780fee86,32,0.005042864346949067
32,0.2813760716086737,0.0,137.26582198688854,0,0.08850226928895612,0.2808601227595059,0.31495051689359554,0.7322239031770046,0.0,4.949978784067093,0.8333333333333334,0.6111111111111112,22,36,411.73147080560835,12c2676d5d2da4bfdacb5c9a6312d12b90a39b080a71ade938e7b16bbaabf086,f000d324411431a807bac72657424c44472cc457a2b2f856442e941850c00046,0.1059001512859304,0.5233626449823499,1.1166666666666667,1761.4662886852368,4311,1.0,0.2367974473983401,greedy_sparse,1.0,0.07438112255485549,0.281691250630358,034ccc130e49208625e51a6e,11.739957058000073,storm,7019,24bfb8b9aac5b87f9f268595cf4462964bd3a01da9d8089f51ed740d780fee86,32,0.434947049924357
33,0.017862771053958646,0.0,37.758683182047406,0,0.0,0.4005302953116228,0.6845215582450832,0.11195158850226929,0.48437499999999994,9.362625637622696,1.0,1.0,36,36,465.13312374540516,fded3c51bb367e0df8af6f8249b634fefe0cc389845c26618e90a9b29d9c3139,f000d324411431a807bac72657424c44472cc457a2b2f856442e941850c00046,0.0226928895612708,0.787600857286939,3.2333333333333334,2004.7467648796007,5248,1.0,0.362234290075032,deadline_fusion,0.9664649520927886,0.16518729879392535,0.40117561775088245,b5297e9d7577f50c8dd46f22,44.374377765999725,sensor_fault,7017,24bfb8b9aac5b87f9f268595cf4462964bd3a01da9d8089f51ed740d780fee86,33,0.018910741301059002
,0.08041404474468157,0.0,53.31933032115153,0,0.0020171457387796266,0.4499284624551497,0.6569865308707432,0.3101361573373676,0.17668129672738464,52.53928579013204,0.9722222222222222,0.9722222222222222,35,36,2574.8590662352094,ab258b21f7221620284a3215d026dafd75f9efdf5bedb3e529bdff643d2065af,f000d324411431a807bac72657424c44472cc457a2b2f856442e941850c00046,0.14977307110438728,0.7818338463070932,,964.5188521206483,6992,1.0,0.286190895217947,adaptive,1.0,0.08744542562365355,0.4502868484757726,05443f18523ed413439ee046,7.730094477999955,moving_front,7006,24bfb8b9aac5b87f9f268595cf4462964bd3a01da9d8089f51ed740d780fee86,22,0.07160867372667676
,0.03875126071608673,0.0,44.49575296268279,0,0.0,0.32119857679743874,0.675381366616238,0.06202723146747353,0.5572916666666666,4.1236107400843505,0.9722222222222222,0.9444444444444444,34,36,490.5981212529729,12c2676d5d2da4bfdacb5c9a6312d12b90a39b080a71ade938e7b16bbaabf086,f000d324411431a807bac72657424c44472cc457a2b2f856442e941850c00046,0.2874432677760968,0.7274095436207765,,1946.9345666977126,9969,0.9823499747856782,0.469600369628633,adaptive,0.8908219868885526,0.19842170109563628,0.3218923348461926,965c1a9eead7da2b0e6f8cc6,17.638592262000202,sensor_fault,7019,24bfb8b9aac5b87f9f268595cf4462964bd3a01da9d8089f51ed740d780fee86,1,0.0113464447806354
53,0.04240618901931614,0.0,35.53604686525533,0,0.0,0.4971932965683714,0.7707974991430484,0.18910741301059,0.41307777695846504,13.128276825706362,0.8888888888888888,0.8888888888888888,32,36,516.2428282106935,a045df01d14234cb96176801d87713dde0c5b1030233001228c3094e00dd4a73,f000d324411431a807bac72657424c44472cc457a2b2f856442e941850c00046,0.25718608169440244,0.8265943052156071,5.233333333333333,1382.7181977255366,8572,1.0,0.23550907520497805,economic,0.9982349974785677,0.09358140842805888,0.4989205434420421,3a40afb35845aebad0d7937f,16.393218598000203,moving_front,7011,24bfb8b9aac5b87f9f268595cf4462964bd3a01da9d8089f51ed740d780fee86,53,0.010337871911245588
27,0.2947475416036308,0.0,136.55718135400903,0,0.0529500756429652,0.26801695924791247,0.33706032526475027,0.7095310136157338,0.0,8.049570434564854,0.8055555555555556,0.5833333333333334,21,36,443.9118065364938,b9aa9c192ff362205c201c037cc4f3c7c2aba8b7e0c4fd0ef068255fea54f756,f000d324411431a807bac72657424c44472cc457a2b2f856442e941850c00046,0.12102874432677761,0.4871249369641956,2.5833333333333335,1726.05701199923,4860,1.0,0.22661934531569827,fungal,1.0,0.0544751755502173,0.267673663640948,cd051603c40b995dc7d74bcb,13.808336254999972,storm,7007,24bfb8b9aac5b87f9f268595cf4462964bd3a01da9d8089f51ed740d780fee86,27,0.3686333837619768
41,0.2820852244074634,0.0,125.22685010085728,0,0.011850731215330307,0.27380715613561846,0.37931007312153303,0.6883509833585476,0.046875,6.21168411814338,0.7222222222222222,0.6111111111111112,22,36,421.51256030907314,c01d3e850dcea516d0864d501fedc94fd615e60fababbc941400707247a8bedb,f000d324411431a807bac72657424c44472cc457a2b2f856442e941850c00046,0.1588502269288956,0.5008431038830055,1.4833333333333334,1435.4389304698109,6565,1.0,0.19717591059087183,greedy_sparse,1.0,0.09900677212808817,0.27374085980837115,3587db07475fd3c067ac8751,13.555484789000047,storm,7016,24bfb8b9aac5b87f9f268595cf4462964bd3a01da9d8089f51ed740d780fee86,41,0.17826525466464954
45,0.03986195205765906,0.0,36.74651004759286,0,0.0,0.5046621335107495,0.736054548773666,0.2617246596066566,0.278173962259033,12.887987077780057,0.9722222222222222,0.9444444444444444,34,36,515.5320641071813,43e354cb1fa0a5fed03587ccc8ef089b630912d128abf8941ac224ef282c99e3,f000d324411431a807bac72657424c44472cc457a2b2f856442e941850c00046,0.28290468986384265,0.8395826955729294,4.483333333333333,1419.6438741619693,8132,1.0,0.40625801758652913,fungal,1.0,0.09425179619204276,0.5040484907242369,3e987692e655acc9858c3df8,18.814153328999964,moving_front,7018,24bfb8b9aac5b87f9f268595cf4462964bd3a01da9d8089f51ed740d780fee86,45,0.06379223398890571
49,0.03466181290973272,0.0,37.884085035300046,0,0.0,0.40513829599845896,0.7304273827534039,0.04084720121028744,0.5833333333333333,5.695455262521658,0.9722222222222222,0.9722222222222222,35,36,411.2908935361134,61fbc2c3c47ea0b2f394bf19d5d944ff33916305affd279efd1232b2237e443b,f000d324411431a807bac72657424c44472cc457a2b2f856442e941850c00046,0.12405446293494705,0.7861589132627331,1.7833333333333334,1884.3677408140572,7678,1.0,0.48590337623187063,greedy_sparse,0.9629349470499243,0.21857537973536725,0.404713502269289,534564b4dd6b6a3cda662f9b,15.531611177999821,sensor_fault,7008,24bfb8b9aac5b87f9f268595cf4462964bd3a01da9d8089f51ed740d780fee86,49,0.00529500756429652
37,0.2616064674735249,0.0,122.3939028618255,0,0.014372163388804841,0.2899704135487725,0.3693740544629349,0.6898638426626323,0.03645833333333333,5.283242017302641,0.75,0.5555555555555556,20,36,414.3195499778633,7bba1255199adfdb1a1ba0c529b8275f13780540abed81a608a55c16f4b1390f,f000d324411431a807bac72657424c44472cc457a2b2f856442e941850c00046,0.1573373676248109,0.515995335350479,1.35,1813.110422332846,5730,1.0,0.24520593551794737,recruitment,1.0,0.11607392950422593,0.29114662128088753,3fa66d7b19f6fd8c28e7ca8c,13.058563907999996,storm,7003,24bfb8b9aac5b87f9f268595cf4462964bd3a01da9d8089f51ed740d780fee86,37,0.2569339384770549
47,0.047973197766641884,0.0,41.09803145511231,0,0.0005042864346949066,0.48281995041367287,0.7146503050274654,0.26777609682299547,0.2912031695004924,12.71447711394464,0.9166666666666666,0.8888888888888888,32,36,494.4664779285208,4359898ad5beb32bbf1d8eff13ccc594cdb32a36c3aec06531a94f326fed618b,f000d324411431a807bac72657424c44472cc457a2b2f856442e941850c00046,0.14826021180030258,0.8295921699134162,4.7,1519.4087008731492,6509,1.0,0.22905861144416567,deadline_fusion,1.0,0.10404384581101714,0.4818361283922459,260ad1f853d1b424c213a1bc,37.279743040000085,moving_front,7007,24bfb8b9aac5b87f9f268595cf4462964bd3a01da9d8089f51ed740d780fee86,47,0.07236510337871911
42,0.31053013111447303,0.0,142.6865859808371,0,0.07539082198688854,0.24821165769097173,0.32586359051941494,0.7019667170953101,0.0,9.286428415644743,0.5833333333333334,0.3888888888888889,14,36,451.68874118415084,5772c05e39ffe56db9fe4d550c615751b591862ac0732ff00bde5b9c136479f3,f000d324411431a807bac72657424c44472cc457a2b2f856442e941850c00046,0.09833585476550681,0.4664019162884518,4.183333333333334,1774.0025249709583,4658,1.0,0.2906003538161662,economic,1.0,0.06440122265751347,0.24849502017145741,d481ed4869184cc003411027,13.407643538999992,storm,7006,24bfb8b9aac5b87f9f268595cf4462964bd3a01da9d8089f51ed740d780fee86,42,0.3787191124558749
27,0.01718513615733737,0.0,31.33174955874937,0,0.0,0.4002453247602285,0.7593371785173978,0.015128593040847202,0.640625,8.28745034104278,0.9722222222222222,0.9722222222222222,35,36,446.2317433220064,956a9ceb80df2feb4bb3b76f79213a7f0cb93b60e4835d44d36852e549355e78,f000d324411431a807bac72657424c44472cc457a2b2f856442e941850c00046,0.1664145234493192,0.8014214573877961,2.6666666666666665,1922.7961546629376,8563,1.0,0.401105904905821,deadline_fusion,0.9019162884518406,0.19188905653072474,0.400482223903177,9cb8c4ce70c226d8aa7b5a09,39.01839621499994,sensor_fault,7009,24bfb8b9aac5b87f9f268595cf4462964bd3a01da9d8089f51ed740d780fee86,27,0.0010085728693898133
43,0.02549935265006379,0.0,31.627639753793193,0,0.0010085728693898133,0.5066040834334482,0.7629897791418362,0.18910741301059,0.3362042107028216,11.124144188844173,1.0,0.9722222222222222,35,36,487.3837164558784,3112fe2c83524b2f2e2f68f6ce520bfc1f93a616346ad692daac26f7b11e5a4b,f000d324411431a807bac72657424c44472cc457a2b2f856442e941850c00046,0.23600605143721634,0.8585041344634989,4.216666666666667,1375.5821173990878,8021,1.0,0.3069486459332125,deadline_fusion,1.0,0.08461372627537869,0.5069320354662333,42bc92b40b82f17c26223d2b,42.29721906000009,moving_front,7005,24bfb8b9aac5b87f9f268595cf4462964bd3a01da9d8089f51ed740d780fee86,43,0.05143721633888049
52,0.0534991184416354,0.0,39.385367788797346,0,0.0,0.4779309084419948,0.7579546958754669,0.22087745839636913,0.3920862152436285,13.123141100485098,0.9166666666666666,0.8611111111111112,31,36,509.062391563245,33909bb95a53710954872d70bc5591af92a450651324e9fef7a21e0a1cd4da1e,f000d324411431a807bac72657424c44472cc457a2b2f856442e941850c00046,0.29652042360060515,0.8095276247111398,5.183333333333334,1428.5222965879534,9089,1.0,0.25787707991530257,economic,1.0,0.08809805534327793,0.476377557735508,c0f3dd16d9c69acf58ea9a6a,15.164009963999888,moving_front,7004,24bfb8b9aac5b87f9f268595cf4462964bd3a01da9d8089f51ed740d780fee86,52,0.011850731215330305
34,0.29169818456883506,0.0,129.271424293999,0,0.00680786686838124,0.2674668140980851,0.365442196167423,0.6989409984871406,0.03125,9.251882579371022,0.6944444444444444,0.5,18,36,462.7297866641173,1ffbd60f44c9f81edacbd6236060262a241240e41dabbe8776c51fac2266503a,f000d324411431a807bac72657424c44472cc457a2b2f856442e941850c00046,0.1361573373676248,0.4862581946545637,3.3,1728.8610928592575,5587,1.0,0.2469493991304137,fungal,1.0,0.061244819115722174,0.2680124810892587,2f3878a9914314e4d25fb7a3,15.072480025000004,storm,7004,24bfb8b9aac5b87f9f268595cf4462964bd3a01da9d8089f51ed740d780fee86,34,0.2264246091780131
36,0.012276222894604134,0.0,28.553998045890065,0,0.0,0.4058501871272707,0.773520234493192,0.01059001512859304,0.6249999999999999,11.105747282507915,0.9444444444444444,0.9444444444444444,34,36,486.65710496194174,7bba1255199adfdb1a1ba0c529b8275f13780540abed81a608a55c16f4b1390f,f000d324411431a807bac72657424c44472cc457a2b2f856442e941850c00046,0.2102874432677761,0.8061018658598083,3.6,1806.1900052135572,9175,1.0,0.4361590691045626,deadline_fusion,0.9664649520927886,0.17401983792404271,0.40535961926374176,2d50489c53be73b127ff2d14,45.42612120599961,sensor_fault,7003,24bfb8b9aac5b87f9f268595cf4462964bd3a01da9d8089f51ed740d780fee86,36,0.0
50,0.03941872322422202,0.0,38.73536345024323,0,0.0025214321734745334,0.4556020809535458,0.7288996878468628,0.25416036308623297,0.3630096526757637,7.64070378532226,0.8857142857142857,0.8857142857142857,31,35,452.44368658947633,0eaaad553c80db6664d9a551f5b55b53a649071324c5a65ea020b06da777986c,f000d324411431a807bac72657424c44472cc457a2b2f856442e941850c00046,0.3600605143721634,0.8138252181886905,1.65,1628.5533737960254,9490,1.0,0.36139490693979287,greedy_sparse,1.0,0.08666108659374264,0.45446920946843866,107aa3a86642af155b6d703b,14.821240722000084,moving_front,7001,24bfb8b9aac5b87f9f268595cf4462964bd3a01da9d8089f51ed740d780fee86,50,0.0637922339889057
0,0.03432076561530808,0.0,34.736453578448284,0,0.0,0.44647871382487075,0.7650762203043813,0.15431164901664146,0.4421260930716644,3.0691647990703603,1.0,1.0,36,36,443.41489922433357,760400fc1b0b776e9c52ee32311a1069b16aa52520e6f2d9a36a2dd8b57f7ebd,f000d324411431a807bac72657424c44472cc457a2b2f856442e941850c00046,0.4205748865355522,0.8073767447826259,0.0,2120.8782460254706,11102,1.0,0.34866991911283735,static_tuned,1.0,0.10072921863721626,0.44544169008493545,bc32a1817d4b2966cdf23abb,6.093070979000004,moving_front,7012,24bfb8b9aac5b87f9f268595cf4462964bd3a01da9d8089f51ed740d780fee86,0,0.008572869389813413
49,0.030887544125063032,0.0,34.11257406707009,0,0.0,0.40649000433800775,0.7624732097831566,0.01059001512859304,0.6666666666666666,6.240674350055011,0.9166666666666666,0.9166666666666666,33,36,423.1619617489456,6ef10a6f8528f48913779ce02125f8ae67ac504fa24b04f7d539448adf330dc7,f000d324411431a807bac72657424c44472cc457a2b2f856442e941850c00046,0.24659606656580937,0.7957876323751891,1.7,1850.6932434552791,9849,0.9677256681795261,0.566934913732998,recruitment,0.9636913767019667,0.18245811993939864,0.40717977811396877,ef8611439e13e1865b64b8fa,17.765662780000184,sensor_fault,7012,24bfb8b9aac5b87f9f268595cf4462964bd3a01da9d8089f51ed740d780fee86,49,0.0017650025214321732
34,0.2960082576903681,0.0,142.89417076399394,0,0.10161371659102371,0.28635077432374667,0.3105064926878467,0.7261724659606656,0.0,8.175664243030973,0.75,0.6388888888888888,23,36,432.8499184405398,fded3c51bb367e0df8af6f8249b634fefe0cc389845c26618e90a9b29d9c3139,f000d324411431a807bac72657424c44472cc457a2b2f856442e941850c00046,0.09984871406959153,0.508698940998487,3.3333333333333335,1706.6785570091313,4167,1.0,0.3276741638759271,economic,1.0,0.06995719497308903,0.2864031770045386,6e5fd4affdb2b44f87a3c0db,11.41738635799993,storm,7017,24bfb8b9aac5b87f9f268595cf4462964bd3a01da9d8089f51ed740d780fee86,34,0.4397377710539586
,0.07421854500605195,0.0,64.96098377676633,0,0.04815935451336358,0.4571981567693404,0.5650528381542159,0.4145234493192133,0.0,0.9010969428971634,0.9444444444444444,0.8333333333333334,30,36,363.8034340511684,5c27fd92e06c33f2542baf1700cf25e04b52092d15caab1ec4dc802b1a93834e,f000d324411431a807bac72657424c44472cc457a2b2f856442e941850c00046,0.05446293494704992,0.7990517946171549,,2495.6116949187203,4200,1.0,0.2415882878273186,fixed_ring,1.0,0.10047509249232037,0.45591962696087124,e27e1a367e01c9d5b6969169,5.270505463999825,moving_front,7010,24bfb8b9aac5b87f9f268595cf4462964bd3a01da9d8089f51ed740d780fee86,0,0.25289964699949574
33,0.30592851739788196,0.0,137.76037726928897,0,0.04815935451336358,0.2737155784410672,0.3429778113968734,0.7019667170953101,0.0,8.408280894221999,0.6944444444444444,0.4722222222222222,17,36,432.16695256565805,5f8536aad221b558feae01abd9e48012ffd43f0d986448ef31076303591affbe,f000d324411431a807bac72657424c44472cc457a2b2f856442e941850c00046,0.09228441754916793,0.4821845057992939,3.25,1524.241467290625,4590,1.0,0.2734370115468845,fungal,1.0,0.06477353100110014,0.27326809127584467,eb0f236dd498e9e9bad164e2,15.01230775299996,storm,7000,24bfb8b9aac5b87f9f268595cf4462964bd3a01da9d8089f51ed740d780fee86,33,0.3454362077660111
53,0.04254283038214755,0.0,34.319316540395796,0,0.0,0.48462173206033543,0.7833364113214426,0.1346444780635401,0.4286180160791949,14.615021298933605,0.9444444444444444,0.9166666666666666,33,36,531.9584089252858,760400fc1b0b776e9c52ee32311a1069b16aa52520e6f2d9a36a2dd8b57f7ebd,f000d324411431a807bac72657424c44472cc457a2b2f856442e941850c00046,0.4296520423600605,0.8227878675247927,5.25,1456.2437308644753,11139,1.0,0.34800427054218924,fungal,1.0,0.09235187758161262,0.4833252519141889,e5efe6a11a7fefb6bb30cc38,17.121069858000055,moving_front,7012,24bfb8b9aac5b87f9f268595cf4462964bd3a01da9d8089f51ed740d780fee86,53,0.007312153303076147
31,0.3129806480080686,0.0,142.7112881366616,0,0.05874936964195662,0.2708793185964226,0.32219963439233484,0.7155824508320726,0.0,8.906924526234073,0.8055555555555556,0.6666666666666666,24,36,453.53519752810973,fded3c51bb367e0df8af6f8249b634fefe0cc389845c26618e90a9b29d9c3139,f000d324411431a807bac72657424c44472cc457a2b2f856442e941850c00046,0.10741301059001512,0.4808134770549672,3.033333333333333,1415.0543524146271,4678,1.0,0.32615906739429756,deadline_fusion,1.0,0.06595895371327197,0.27084909228441756,b909b85075b4ce85f3a37480,35.13869174899992,storm,7017,24bfb8b9aac5b87f9f268595cf4462964bd3a01da9d8089f51ed740d780fee86,31,0.33358547655068077
51,0.018430093292990415,0.0,31.70141515380736,0,0.0,0.4263989590982791,0.7565872415532021,0.03177004538577912,0.625,5.70059664698608,1.0,1.0,36,36,409.64824419826243,50b7b3fbf7cedf803850a0428d40ee1ccc4080b783db00698cf7730c8a755b36,f000d324411431a807bac72657424c44472cc457a2b2f856442e941850c00046,0.11195158850226929,0.8104749747856782,1.9166666666666667,2050.2386798969587,7475,1.0,0.3352726351120834,recruitment,0.9631870902672719,0.19547963498030224,0.4264529752899646,ae4fe02c0a56e15aacf41c3a,14.242722749000222,sensor_fault,7011,24bfb8b9aac5b87f9f268595cf4462964bd3a01da9d8089f51ed740d780fee86,51,0.006807866868381239
52,0.050584056469541436,0.0,40.99166280467034,0,0.0012607160867372667,0.4551598918714218,0.7330933781694243,0.2254160363086233,0.3356509248941556,7.615003784000924,0.9722222222222222,0.9444444444444444,34,36,446.6297652758687,ddbf34503eff23fbcd394039890145ec197c5f33f339d9222c1ea54ac42702a6,f000d324411431a807bac72657424c44472cc457a2b2f856442e941850c00046,0.3524962178517398,0.8032109143547037,1.7666666666666666,1516.6130216768254,9459,1.0,0.2483440344070645,greedy_sparse,1.0,0.0939275243488651,0.453991186707424,2b166aec81435598ede6f47f,14.492658434000077,moving_front,7003,24bfb8b9aac5b87f9f268595cf4462964bd3a01da9d8089f51ed740d780fee86,52,0.07337367624810892
25,0.2951887922339889,0.0,131.56017555471507,0,0.00453857791225416,0.26295282758472943,0.3645045385779122,0.6853252647503782,0.03645833333333333,7.840673249437874,0.6944444444444444,0.6111111111111112,22,36,439.1891158634201,956a9ceb80df2feb4bb3b76f79213a7f0cb93b60e4835d44d36852e549355e78,f000d324411431a807bac72657424c44472cc457a2b2f856442e941850c00046,0.14977307110438728,0.47783503530005034,2.4,1808.1581525131107,5931,1.0,0.18936912354760307,fungal,1.0,0.06477037597001797,0.2632769162884518,b30d3dba20947f0dad8638f2,13.536380990999987,storm,7009,24bfb8b9aac5b87f9f268595cf4462964bd3a01da9d8089f51ed740d780fee86,25,0.24155320221886029
50,0.07091393947204612,0.0,56.32267412126884,0,0.025970751386787696,0.42264316222209036,0.6222262726100107,0.4069591527987897,0.08969807719244458,7.438359551696585,0.9722222222222222,0.9444444444444444,34,36,443.8239589101147,ab258b21f7221620284a3215d026dafd75f9efdf5bedb3e529bdff643d2065af,f000d324411431a807bac72657424c44472cc457a2b2f856442e941850c00046,0.18456883509833585,0.7682907637059759,1.6666666666666667,1709.7427987179276,6495,1.0,0.28736416721987107,recruitment,1.0,0.09700543062725518,0.4226649407493644,ed0ea0125be91d41a63c3363,14.521816640999987,moving_front,7006,24bfb8b9aac5b87f9f268595cf4462964bd3a01da9d8089f51ed740d780fee86,50,0.1464952092788704
0,0.06489060808137724,0.0,50.80026095343154,0,0.0,0.39944678867389505,0.6483778563306086,0.37821482602118,0.16577292302278746,3.078944418610353,0.9722222222222222,0.9444444444444444,34,36,443.5560798494265,ab258b21f7221620284a3215d026dafd75f9efdf5bedb3e529bdff643d2065af,f000d324411431a807bac72657424c44472cc457a2b2f856442e941850c00046,0.22239031770045387,0.7592956966585722,0.0,2121.8239891993717,7251,1.0,0.28937779410815323,static_tuned,1.0,0.10888895045725375,0.4002938976628404,d00c102b904d09541d2f9a15,4.585371173000112,moving_front,7006,24bfb8b9aac5b87f9f268595cf4462964bd3a01da9d8089f51ed740d780fee86,0,0.06681795259707514
52,0.04231334479942078,0.0,42.386779392658674,0,0.010337871911245588,0.4786511789144266,0.6896313640299577,0.3010590015128593,0.23741046075029948,7.749195363123366,0.9444444444444444,0.8888888888888888,32,36,442.92796057278315,4359898ad5beb32bbf1d8eff13ccc594cdb32a36c3aec06531a94f326fed618b,f000d324411431a807bac72657424c44472cc457a2b2f856442e941850c00046,0.2042360060514372,0.8255033972777864,1.7333333333333334,1709.235287633695,6606,1.0,0.23295668210556736,greedy_sparse,1.0,0.10843898409960875,0.47839836541629555,55d394f5b7b97f19ad957ac8,13.334483219000049,moving_front,7007,24bfb8b9aac5b87f9f268595cf4462964bd3a01da9d8089f51ed740d780fee86,52,0.13363590519415028
53,0.053845227532622955,0.0,41.36044767694731,0,0.0027735753908219867,0.44974960487520504,0.7357156994668149,0.2254160363086233,0.3425207625687831,7.565632209204757,0.9444444444444444,0.9444444444444444,34,36,455.3719931895771,ddbf34503eff23fbcd394039890145ec197c5f33f339d9222c1ea54ac42702a6,f000d324411431a807bac72657424c44472cc457a2b2f856442e941850c00046,0.3540090771558245,0.8002893796851137,1.7833333333333334,1389.1966215653213,9381,1.0,0.25047198473847826,recruitment,1.0,0.08202133645619968,0.44925010671155374,fecad1f5219eb8f231d004f2,14.908329917999936,moving_front,7003,24bfb8b9aac5b87f9f268595cf4462964bd3a01da9d8089f51ed740d780fee86,53,0.06631366616238023
,0.28880641704488147,0.0,138.7754901033787,0,0.17221381744831063,0.32802448988673144,0.32321608673726676,0.7186081694402421,0.0,1.2168423794989027,0.7777777777777778,0.4722222222222222,17,36,363.94110329247343,fb367cc0d79aa8d9c98eb2a529262d3fdb12211bf1a4b9a1df875515bb387ab8,f000d324411431a807bac72657424c44472cc457a2b2f856442e941850c00046,0.16187594553706505,0.5763048411497731,,2493.9260880571424,5344,1.0,0.1792544150238581,fixed_ring,1.0,0.061880082768886784,0.3281801563287947,70cea5fa37e514c4d71e7a02,4.736690180999972,storm,7002,24bfb8b9aac5b87f9f268595cf4462964bd3a01da9d8089f51ed740d780fee86,0,0.5007564296520424
29,0.2783739914271306,0.0,125.20506335098334,0,0.0025214321734745334,0.27653061309433846,0.38195757690368126,0.686838124054463,0.041666666666666664,8.560339375103737,0.75,0.6666666666666666,24,36,451.8500687395554,7bba1255199adfdb1a1ba0c529b8275f13780540abed81a608a55c16f4b1390f,f000d324411431a807bac72657424c44472cc457a2b2f856442e941850c00046,0.1800302571860817,0.48528901916288447,2.8666666666666667,1315.21029708947,6601,1.0,0.24742116802966435,deadline_fusion,1.0,0.08974172552262563,0.2774836106908724,1020e4ce8bc05350dbb67a8d,37.32805885700009,storm,7003,24bfb8b9aac5b87f9f268595cf4462964bd3a01da9d8089f51ed740d780fee86,29,0.15431164901664143
31,0.319875189107413,0.0,133.35882343671204,0,0.0007564296520423601,0.25827736982002863,0.37994043116490156,0.6944024205748865,0.057291666666666664,9.433558682160964,0.6944444444444444,0.6388888888888888,23,36,457.9798357596046,fb367cc0d79aa8d9c98eb2a529262d3fdb12211bf1a4b9a1df875515bb387ab8,f000d324411431a807bac72657424c44472cc457a2b2f856442e941850c00046,0.19062027231467474,0.458089069591528,3.066666666666667,1546.8535329467718,7016,1.0,0.178368993388214,fungal,1.0,0.06103556314847356,0.25858074886535554,9f25264b8ea471a773dcc596,18.582124121999982,storm,7002,24bfb8b9aac5b87f9f268595cf4462964bd3a01da9d8089f51ed740d780fee86,31,0.10514372163388802
52,0.047179278972306386,0.0,38.72674301498717,0,0.0,0.48086979653871204,0.7557884945601256,0.2329803328290469,0.36787376196969246,14.549287785894089,0.9722222222222222,0.9722222222222222,35,36,530.6378519887414,a9dc4e7a83ea86ea436568b7b9e6ff3f12c69e20d2897f78617ebd8a5771ceb1,f000d324411431a807bac72657424c44472cc457a2b2f856442e941850c00046,0.3177004538577912,0.8167008067385054,5.166666666666667,1392.0303300340272,8961,1.0,0.32623356529644953,deadline_fusion,1.0,0.10042867016063273,0.48208388298262933,cb4bac6a7ccb7f5cae2e31aa,39.6114033880001,moving_front,7008,24bfb8b9aac5b87f9f268595cf4462964bd3a01da9d8089f51ed740d780fee86,52,0.025718608169440237
20,0.04316376701966717,0.0,42.10291383005547,0,0.0,0.3748892508838413,0.7150860438729197,0.02118003025718608,0.59375,7.612283720063787,0.9444444444444444,0.9444444444444444,34,36,454.6345132910826,1ffbd60f44c9f81edacbd6236060262a241240e41dabbe8776c51fac2266503a,f000d324411431a807bac72657424c44472cc457a2b2f856442e941850c00046,0.12254160363086233,0.7594080937972768,1.9833333333333334,1981.5745666805367,7961,1.0,0.29754134639411745,fungal,0.8908219868885526,0.19131859383381827,0.3742199319213313,82754f51110f41a7f6220ccd,20.38297127800024,sensor_fault,7004,24bfb8b9aac5b87f9f268595cf4462964bd3a01da9d8089f51ed740d780fee86,20,0.0
0,0.28351928895612705,0.0,135.8463738653555,0,0.09051941502773575,0.27937193917137537,0.3329945158850227,0.7004538577912254,0.0,3.457566496769091,0.7222222222222222,0.4722222222222222,17,36,443.27557914336194,c0265f2f5da1b8f1e6334a7d1da15d24852be86831d4583cf0a020b238d73be2,f000d324411431a807bac72657424c44472cc457a2b2f856442e941850c00046,0.1664145234493192,0.5141121406959153,0.0,2118.4752353660674,5682,1.0,0.23541720157541157,static_tuned,1.0,0.03597217581345857,0.2791146621280887,14cc4c70c3c8efd58cf927c9,4.17630684300002,storm,7010,24bfb8b9aac5b87f9f268595cf4462964bd3a01da9d8089f51ed740d780fee86,0,0.42133131618759456
,0.03701146436842055,0.0,41.54926643342084,0,0.00680786686838124,0.46433751236051196,0.6871956067036494,0.2783661119515885,0.20006519742176634,0.8836192952962778,0.9722222222222222,0.9444444444444444,34,36,363.7968453952211,760400fc1b0b776e9c52ee32311a1069b16aa52520e6f2d9a36a2dd8b57f7ebd,f000d324411431a807bac72657424c44472cc457a2b2f856442e941850c00046,0.1815431164901664,0.8188398132071488,,2495.8782363401533,6794,1.0,0.349019403307464,fixed_ring,1.0,0.10684703187600367,0.4644707659772173,f4ce8b8735d8a1313ee010cc,5.9389248029999635,moving_front,7012,24bfb8b9aac5b87f9f268595cf4462964bd3a01da9d8089f51ed740d780fee86,0,0.11346444780635401
45,0.060923377105224115,0.0,47.05052227552976,0,0.0,0.4543173310441123,0.6947175577860489,0.3101361573373676,0.19156111892408018,11.593136749917646,0.9722222222222222,0.9722222222222222,35,36,493.3673203257411,7fc013544a2434726446cf0cb1c220e784a923ebb4fc53407d1bf1d9ae765b5f,f000d324411431a807bac72657424c44472cc457a2b2f856442e941850c00046,0.2556732223903177,0.7870131203829313,4.483333333333333,1480.1419595006348,7928,1.0,0.2288079069977311,fungal,0.9987392839132628,0.11689954421998093,0.4538665089979707,b2890e842de1e72cc3e6e396,16.905883421000226,moving_front,7019,24bfb8b9aac5b87f9f268595cf4462964bd3a01da9d8089f51ed740d780fee86,45,0.04715078164397377
,0.39895360564800814,0.0,168.71162695410993,0,0.41805345436207764,0.2939722449851531,0.2882942511346444,0.7231467473524962,0.0,1.2243530690678872,0.5833333333333334,0.3055555555555556,11,36,363.93989168364635,5772c05e39ffe56db9fe4d550c615751b591862ac0732ff00bde5b9c136479f3,f000d324411431a807bac72657424c44472cc457a2b2f856442e941850c00046,0.07261724659606657,0.541477559253656,,2494.816734233069,3777,1.0,0.29017735846097414,fixed_ring,1.0,0.059375345688813246,0.2941487014624306,bab3d287296a86d86cd1c4b4,5.141965228999993,storm,7006,24bfb8b9aac5b87f9f268595cf4462964bd3a01da9d8089f51ed740d780fee86,0,0.6099344427634897
,0.061590299081115026,0.0,45.302293231883546,0,0.0,0.49529447958172307,0.6989495007238589,0.2329803328290469,0.27273413743322006,43.349640125562566,0.9722222222222222,0.9166666666666666,33,36,2149.6430579423936,4359898ad5beb32bbf1d8eff13ccc594cdb32a36c3aec06531a94f326fed618b,f000d324411431a807bac72657424c44472cc457a2b2f856442e941850c00046,0.0832072617246596,0.8242873809017783,,835.7619820366195,6103,1.0,0.23477306883256024,adaptive,1.0,0.07296924221110103,0.4931239996493043,1c6fa52263d797fba3b602d0,8.161406296999985,moving_front,7007,24bfb8b9aac5b87f9f268595cf4462964bd3a01da9d8089f51ed740d780fee86,17,0.06883509833585477
,0.3388962430660615,0.0,134.9783708396369,0,0.0012607160867372667,0.26969411132080656,0.3829109934442763,0.6913767019667171,0.057291666666666664,13.058121261867308,0.6944444444444444,0.6666666666666666,24,36,790.9529957825589,c01d3e850dcea516d0864d501fedc94fd615e60fababbc941400707247a8bedb,f000d324411431a807bac72657424c44472cc457a2b2f856442e941850c00046,0.17700453857791226,0.47983642208774574,,1735.7668275004137,7284,1.0,0.19693890687861018,adaptive,1.0,0.10202579255640294,0.26970656833081186,b1083482b7aa041cb93ccc37,8.683599385999969,storm,7016,24bfb8b9aac5b87f9f268595cf4462964bd3a01da9d8089f51ed740d780fee86,5,0.12708018154311648
52,0.028744326777609682,0.0,34.2654752899647,0,0.0,0.42668899918299374,0.7531754286434694,0.048411497730711045,0.609375,6.774863444972253,0.9722222222222222,0.9722222222222222,35,36,427.85518306690915,e5eb0adce92def657b42daaff1168729498af6b7f7eacaec91555308393fbb04,f000d324411431a807bac72657424c44472cc457a2b2f856442e941850c00046,0.06202723146747353,0.8188114599092284,1.8333333333333333,1876.2075493047403,6535,1.0,0.42343726714600605,greedy_sparse,0.8908219868885526,0.21446697917521693,0.42619295259707507,b5b9ace03457f031432c446d,15.778431964999982,sensor_fault,7005,24bfb8b9aac5b87f9f268595cf4462964bd3a01da9d8089f51ed740d780fee86,52,0.010842158345940494
0,0.02610470247100353,0.0,39.27114851235501,0,0.0,0.37507503760723593,0.6931811018658597,0.0680786686838124,0.546875,3.094007823022385,1.0,1.0,36,36,442.96749225173994,c0265f2f5da1b8f1e6334a7d1da15d24852be86831d4583cf0a020b238d73be2,f000d324411431a807bac72657424c44472cc457a2b2f856442e941850c00046,0.07715582450832073,0.7772945032778616,0.0,2122.1095816537627,6801,1.0,0.26260241833296316,static_tuned,0.9687342410489157,0.1705036391242401,0.3754806480080686,a0f3ef37b0693b20d003c4e2,4.508546612999908,sensor_fault,7010,24bfb8b9aac5b87f9f268595cf4462964bd3a01da9d8089f51ed740d780fee86,0,0.022440746343923346
44,0.010983988905698436,0.0,24.779965645486634,0,0.0,0.44778264107385257,0.8132406707009581,0.006051437216338881,0.7083333333333333,5.537522998390217,0.9444444444444444,0.9444444444444444,34,36,414.34871699826397,ac5fa5d877e58450b21b5619aadcad71ab1db9e7cd210fd1cd516ef4a934c028,f000d324411431a807bac72657424c44472cc457a2b2f856442e941850c00046,0.15128593040847202,0.8522361951588502,1.5333333333333334,1980.8747146393155,8354,1.0,0.42914988479632227,recruitment,1.0,0.1910478129783174,0.44737298285426114,9af0709286f7bab98ee6dfae,16.75332852800011,sensor_fault,7014,24bfb8b9aac5b87f9f268595cf4462964bd3a01da9d8089f51ed740d780fee86,44,0.0
57,0.054122729466372914,0.0,45.25771924000244,0,0.0022692889561270802,0.46717045930617085,0.684071447815569,0.2723146747352496,0.12364661991787983,13.137932564345814,0.9444444444444444,0.8888888888888888,32,36,493.74345870992425,5c27fd92e06c33f2542baf1700cf25e04b52092d15caab1ec4dc802b1a93834e,f000d324411431a807bac72657424c44472cc457a2b2f856442e941850c00046,0.20574886535552195,0.8105935986041902,5.683333333333334,1501.442328573081,7270,1.0,0.24456990232581335,economic,1.0,0.10244773816105393,0.46582943431103196,a4ea7e28e279ecd0661a4b4f,13.942158868999968,moving_front,7010,24bfb8b9aac5b87f9f268595cf4462964bd3a01da9d8089f51ed740d780fee86,57,0.08698940998487141
9,0.035268532526475035,0.0,37.365970121028745,0,0.0,0.3915602968709788,0.7431606152294503,0.024205748865355523,0.6458333333333333,5.015988267799274,1.0,0.9722222222222222,35,36,414.0528106960813,c01d3e850dcea516d0864d501fedc94fd615e60fababbc941400707247a8bedb,f000d324411431a807bac72657424c44472cc457a2b2f856442e941850c00046,0.26777609682299547,0.7775387670196672,0.9,2054.556077839613,10369,1.0,0.4062433896689628,fungal,0.9475542107917296,0.1735707590966437,0.3919566313666162,54a462edec36ea77a5a9f894,37.17697999599977,sensor_fault,7016,24bfb8b9aac5b87f9f268595cf4462964bd3a01da9d8089f51ed740d780fee86,9,0.0020171457387796266
,0.38321829299041854,0.0,167.71747352496214,0,0.41376701966717094,0.3434009385051763,0.2827392208774584,0.7261724659606656,0.0,1.2319913828580744,0.8333333333333334,0.5277777777777778,19,36,363.9340548870136,20cbee7be12f3041b6f80dfbab6cf06c7cd24e2dceeb098a373acea1952196d8,f000d324411431a807bac72657424c44472cc457a2b2f856442e941850c00046,0.09682299546142209,0.598855900151286,,2493.979949428938,4130,1.0,0.3956349642972631,fixed_ring,1.0,0.06700064514469072,0.34367908472012104,42861231304f2a68f5fd5ba6,4.782927100999814,storm,7018,24bfb8b9aac5b87f9f268595cf4462964bd3a01da9d8089f51ed740d780fee86,0,0.6354009077155824
0,0.25054368381240544,0.0,116.91152136913767,0,0.010337871911245586,0.28690259025341014,0.3877726298537569,0.6762481089258698,0.03645833333333333,3.4324651659183982,0.6666666666666666,0.6666666666666666,24,36,443.2657177072404,6ef10a6f8528f48913779ce02125f8ae67ac504fa24b04f7d539448adf330dc7,f000d324411431a807bac72657424c44472cc457a2b2f856442e941850c00046,0.2329803328290469,0.5369862581946545,0.0,2120.948773759524,7394,1.0,0.34509772654256077,static_tuned,1.0,0.06833946181948171,0.286726235501765,a7806d4f966109a95b8fb570,4.929686693999884,storm,7012,24bfb8b9aac5b87f9f268595cf4462964bd3a01da9d8089f51ed740d780fee86,0,0.2481089258698941
43,0.028074571356530506,0.0,33.43616048915784,0,0.0,0.42572818949242264,0.7610943015632878,0.04236006051437216,0.6145833333333333,12.529156648318825,0.9444444444444444,0.9444444444444444,34,36,503.79976382453816,e5eb0adce92def657b42daaff1168729498af6b7f7eacaec91555308393fbb04,f000d324411431a807bac72657424c44472cc457a2b2f856442e941850c00046,0.07413010590015129,0.8198673096318707,4.166666666666667,1863.9815638778198,6981,1.0,0.4236039830637422,deadline_fusion,0.8930912758446796,0.19132780832288723,0.42527105395864845,37c30dbdf65cd75bb22ff1c9,40.14141126300001,sensor_fault,7005,24bfb8b9aac5b87f9f268595cf4462964bd3a01da9d8089f51ed740d780fee86,43,0.007816439737771054
0,0.22655856026222893,0.0,119.72981278366112,0,0.07539082198688855,0.30779197717944645,0.3623298033282904,0.6762481089258698,0.0,3.469545554844512,0.6944444444444444,0.4444444444444444,16,36,443.3397197508914,e5eb0adce92def657b42daaff1168729498af6b7f7eacaec91555308393fbb04,f000d324411431a807bac72657424c44472cc457a2b2f856442e941850c00046,0.17700453857791226,0.55943488401412,0.0,2119.8700383816436,5611,1.0,0.3101615370915376,static_tuned,1.0,0.02758891355825013,0.30826084215834587,13744da572caa5f036c99313,4.757251913000005,storm,7005,24bfb8b9aac5b87f9f268595cf4462964bd3a01da9d8089f51ed740d780fee86,0,0.4092284417549168
50,0.036182551689359556,0.0,42.42341149773071,0,0.0,0.398329080091913,0.6747037317196167,0.08774583963691376,0.5208333333333333,10.56876970831318,0.9722222222222222,0.9722222222222222,35,36,455.05610995139807,b549dfc41676c63078393edb7074f42e4f0927a271f4a7ecca93c1f6bdaa8078,f000d324411431a807bac72657424c44472cc457a2b2f856442e941850c00046,0.018154311649016642,0.7783897503782147,4.9,1905.950898386969,4947,1.0,0.4201061084948399,economic,0.961674230963187,0.17347677555715965,0.39838628340897625,c6292a39dd29b27719444bf6,18.676891242999773,sensor_fault,7015,24bfb8b9aac5b87f9f268595cf4462964bd3a01da9d8089f51ed740d780fee86,50,0.025970751386787696
42,0.3112235249621785,0.0,133.0051137796268,0,0.006555723651033787,0.26696534004535966,0.37478725416036307,0.686838124054463,0.041666666666666664,11.788217536700959,0.6666666666666666,0.6111111111111112,22,36,495.64980476403065,956a9ceb80df2feb4bb3b76f79213a7f0cb93b60e4835d44d36852e549355e78,f000d324411431a807bac72657424c44472cc457a2b2f856442e941850c00046,0.15582450832072617,0.47998613212304575,4.2,1132.8849671489165,6471,1.0,0.18975998577546654,deadline_fusion,1.0,0.06533008369036156,0.2667832829046898,a3e3195544e6cc0329f72583,39.32131189300003,storm,7009,24bfb8b9aac5b87f9f268595cf4462964bd3a01da9d8089f51ed740d780fee86,42,0.1578416540595058
,0.038126642870690064,0.0,47.11865263903816,0,0.009581442259203227,0.46525555089861903,0.6296479483495167,0.4009077155824508,0.1071664753475029,0.8869146591310997,0.8857142857142857,0.8285714285714286,29,35,363.79948662711126,0eaaad553c80db6664d9a551f5b55b53a649071324c5a65ea020b06da777986c,f000d324411431a807bac72657424c44472cc457a2b2f856442e941850c00046,0.10892586989409984,0.8107130619396249,,2495.4670924362335,5463,1.0,0.3644052057895615,fixed_ring,1.0,0.1296574904975972,0.464766269067025,ed6ad78d4ee8db8224d4c544,4.2653225869999005,moving_front,7001,24bfb8b9aac5b87f9f268595cf4462964bd3a01da9d8089f51ed740d780fee86,0,0.14397377710539588
,0.3249732097831568,0.0,153.41421614977304,0,0.3146747352496218,0.32177255419029716,0.3126418305597579,0.7034795763993948,0.0,1.2164293501311703,0.6388888888888888,0.3888888888888889,14,36,363.9332952047657,7566b3dd58ba1b4b73cead9a88da4a0d93430742ea574afa5e3d674dbfd7a1c5,f000d324411431a807bac72657424c44472cc457a2b2f856442e941850c00046,0.11497730711043873,0.5788420322743317,,2494.3887736418455,4323,1.0,0.18969560895413645,fixed_ring,1.0,0.04675860785914094,0.32216811649016636,800963f0984396d9f8f5d508,5.20067158300003,storm,7013,24bfb8b9aac5b87f9f268595cf4462964bd3a01da9d8089f51ed740d780fee86,0,0.5698436712052445
39,0.2912963313161876,0.0,136.960886283409,0,0.04815935451336358,0.2733414340319407,0.3314028618255168,0.7125567322239031,0.0,9.883212849674656,0.8055555555555556,0.6944444444444444,25,36,463.76285397292327,b9aa9c192ff362205c201c037cc4f3c7c2aba8b7e0c4fd0ef068255fea54f756,f000d324411431a807bac72657424c44472cc457a2b2f856442e941850c00046,0.08925869894099848,0.49270360564800797,3.8666666666666667,1335.9177567288077,4389,1.0,0.2293618145937825,economic,1.0,0.0591507452036243,0.2735281139687342,0b6b68a1c70323f70e2d21c3,13.293201378000049,storm,7007,24bfb8b9aac5b87f9f268595cf4462964bd3a01da9d8089f51ed740d780fee86,39,0.3608169440242057
27,0.04043746848209783,0.0,43.529729261220375,0,0.0,0.3459290828659048,0.6742073247604639,0.08623298033282904,0.5260416666666666,9.30565320417731,0.9722222222222222,0.9722222222222222,35,36,460.74140623588863,5772c05e39ffe56db9fe4d550c615751b591862ac0732ff00bde5b9c136479f3,f000d324411431a807bac72657424c44472cc457a2b2f856442e941850c00046,0.05446293494704992,0.7545858547655068,2.7,2021.7349104694217,6153,1.0,0.49148254429389754,fungal,0.905446293494705,0.19697220563013318,0.34768185829551185,e50a8f604f3eb720441c0958,14.92175614100006,sensor_fault,7006,24bfb8b9aac5b87f9f268595cf4462964bd3a01da9d8089f51ed740d780fee86,27,0.011094301563287947
,0.041824256177508824,0.0,45.86166004790721,0,0.0,0.417991456775583,0.6591890443772062,0.08623298033282904,0.515625,0.8938367877359078,0.9166666666666666,0.9166666666666666,33,36,363.434175823121,fb367cc0d79aa8d9c98eb2a529262d3fdb12211bf1a4b9a1df875515bb387ab8,f000d324411431a807bac72657424c44472cc457a2b2f856442e941850c00046,0.030257186081694403,0.7666493318204739,,2496.7762359994845,5506,1.0,0.3558868900010196,fixed_ring,0.9987392839132628,0.1823180740164044,0.41819528492183555,0f62a4ee297915f57757fb41,5.2367578380001305,sensor_fault,7002,24bfb8b9aac5b87f9f268595cf4462964bd3a01da9d8089f51ed740d780fee86,0,0.018910741301059002
40,0.2829362077660111,0.0,129.23703038325766,0,0.022188603126575893,0.2836139661016156,0.36390569843671206,0.6838124054462935,0.005208333333333333,9.04355115884996,0.7777777777777778,0.5277777777777778,19,36,450.4270759980161,50b7b3fbf7cedf803850a0428d40ee1ccc4080b783db00698cf7730c8a755b36,f000d324411431a807bac72657424c44472cc457a2b2f856442e941850c00046,0.1588502269288956,0.5030572365103378,4.0,1435.4832212276121,5816,1.0,0.23908245995292726,economic,1.0,0.06986037101298692,0.28396841906202724,b08a2a560ae28668a60dcd10,15.299013225999943,storm,7011,24bfb8b9aac5b87f9f268595cf4462964bd3a01da9d8089f51ed740d780fee86,40,0.2602118003025718
51,0.038908850226928894,0.0,40.610619957135654,0,0.0,0.37929854824354553,0.7190021432173473,0.02723146747352496,0.5989583333333333,9.914076989691406,0.9444444444444444,0.9444444444444444,34,36,445.9351913734741,1ffbd60f44c9f81edacbd6236060262a241240e41dabbe8776c51fac2266503a,f000d324411431a807bac72657424c44472cc457a2b2f856442e941850c00046,0.11043872919818457,0.7663735501765002,5.05,1903.4170356302793,7653,1.0,0.29726130289150104,economic,0.9067070095814421,0.18165070542526088,0.3791130862329803,c25c2c039ecba5e035eced3b,19.66881823199992,sensor_fault,7004,24bfb8b9aac5b87f9f268595cf4462964bd3a01da9d8089f51ed740d780fee86,51,0.0002521432173474533
29,0.3113495965708522,0.0,138.92843072365102,0,0.04059505799293999,0.2561968473067999,0.33632753403933435,0.7110438729198184,0.0,8.773413328146678,0.7777777777777778,0.6944444444444444,25,36,478.89251797076554,12c2676d5d2da4bfdacb5c9a6312d12b90a39b080a71ade938e7b16bbaabf086,f000d324411431a807bac72657424c44472cc457a2b2f856442e941850c00046,0.10892586989409984,0.478173852748361,2.783333333333333,1794.5152578924942,4652,1.0,0.2345231552781786,fungal,1.0,0.07824645718242466,0.2567527105395865,a96e1affb51c345a9ba1343d,15.144345741000052,storm,7019,24bfb8b9aac5b87f9f268595cf4462964bd3a01da9d8089f51ed740d780fee86,29,0.31669188098840145
,0.32364157841654057,0.0,135.30789050680784,0,0.021684316691880985,0.2857240911872603,0.36662411749873924,0.6777609682299546,0.0,15.237569149773387,0.75,0.6666666666666666,24,36,869.2033490117244,50b7b3fbf7cedf803850a0428d40ee1ccc4080b783db00698cf7730c8a755b36,f000d324411431a807bac72657424c44472cc457a2b2f856442e941850c00046,0.1573373676248109,0.5003624558749369,,1714.261966554626,6272,1.0,0.24009592426926177,adaptive,1.0,0.07287764663917148,0.2864583333333333,86547e1cc41791690eb45884,8.978913941999963,storm,7011,24bfb8b9aac5b87f9f268595cf4462964bd3a01da9d8089f51ed740d780fee86,11,0.19062027231467474
46,0.04101544506520948,0.0,38.96453787304547,0,0.0005042864346949066,0.48740527233215547,0.7270260973953053,0.24508320726172467,0.3030418711422863,12.500144461578685,0.8611111111111112,0.8333333333333334,30,36,489.6369153232938,4359898ad5beb32bbf1d8eff13ccc594cdb32a36c3aec06531a94f326fed618b,f000d324411431a807bac72657424c44472cc457a2b2f856442e941850c00046,0.14826021180030258,0.8368293665974844,4.6,1508.7951528209292,6517,1.0,0.22897600270822885,fungal,1.0,0.10256473198110724,0.48721331512681054,03eb29fefdb071221312b381,14.03322356700005,moving_front,7007,24bfb8b9aac5b87f9f268595cf4462964bd3a01da9d8089f51ed740d780fee86,46,0.07337367624810892
,0.059704324702037945,0.0,54.08096636474512,0,0.020675743822491176,0.5003328040704544,0.6268816731807968,0.3661119515885023,0.0661992047406289,0.8977226676419813,0.9166666666666666,0.8333333333333334,30,36,363.80092671440065,a045df01d14234cb96176801d87713dde0c5b1030233001228c3094e00dd4a73,f000d324411431a807bac72657424c44472cc457a2b2f856442e941850c00046,0.07715582450832073,0.8199214509876096,,2495.093611284522,4858,1.0,0.24170440374928534,fixed_ring,1.0,0.1007151717298894,0.501499808437077,1cd892bc0343de08687b73cc,5.286991401000023,moving_front,7011,24bfb8b9aac5b87f9f268595cf4462964bd3a01da9d8089f51ed740d780fee86,0,0.16893595562279376
,0.058486475627986284,0.0,51.747949865713245,0,0.005042864346949067,0.4901481786219581,0.6396676965552963,0.3358547655068079,0.08204594710679497,0.9096234416238388,0.9166666666666666,0.9166666666666666,33,36,363.80626285239583,33909bb95a53710954872d70bc5591af92a450651324e9fef7a21e0a1cd4da1e,f000d324411431a807bac72657424c44472cc457a2b2f856442e941850c00046,0.07715582450832073,0.8190650348138644,,2495.870534138916,4857,1.0,0.2567837188051883,fixed_ring,1.0,0.0941647623969676,0.4901164638076915,fe71afa16c5c0884c382e77a,4.67663695300007,moving_front,7004,24bfb8b9aac5b87f9f268595cf4462964bd3a01da9d8089f51ed740d780fee86,0,0.18129097327281896
,0.0646558168421079,0.0,60.16689392886365,0,0.021684316691880985,0.46625926635642534,0.580624634512278,0.41603630862329805,0.017744232377443596,0.9002454034244672,0.9722222222222222,0.8611111111111112,31,36,363.8008175739245,7fc013544a2434726446cf0cb1c220e784a923ebb4fc53407d1bf1d9ae765b5f,f000d324411431a807bac72657424c44472cc457a2b2f856442e941850c00046,0.05597579425113464,0.8038234876954243,,2496.0785821867426,4167,1.0,0.23482802224541763,fixed_ring,1.0,0.13771586588824142,0.4693293022734604,468e94642522e549706c59a5,4.977252226000019,moving_front,7019,24bfb8b9aac5b87f9f268595cf4462964bd3a01da9d8089f51ed740d780fee86,0,0.22365103378719114
,0.07896172965751629,0.0,51.134028511596796,0,0.0012607160867372667,0.4874836539361605,0.6715219548508375,0.23903177004538578,0.09665398358094358,48.054663996351906,0.9166666666666666,0.9166666666666666,33,36,2378.126623461697,897c3ea0ca4def7c92d6c5bc4c681216da15d36377736736da162a96b99c0650,f000d324411431a807bac72657424c44472cc457a2b2f856442e941850c00046,0.09984871406959153,0.8121889982954745,,744.1542089468356,6603,1.0,0.34514741252267117,adaptive,1.0,0.06044144827731083,0.4872372172703031,d665c1e63f2cca1abf5e05e4,8.872683457999983,moving_front,7017,24bfb8b9aac5b87f9f268595cf4462964bd3a01da9d8089f51ed740d780fee86,13,0.10791729702471003
,0.0464810262228946,0.0,43.323523386283405,0,0.0,0.3654763993927026,0.707364157841654,0.036308623298033284,0.5833333333333333,24.703529814973564,0.9166666666666666,0.8888888888888888,32,36,1317.300379445861,5f8536aad221b558feae01abd9e48012ffd43f0d986448ef31076303591affbe,f000d324411431a807bac72657424c44472cc457a2b2f856442e941850c00046,0.12102874432677761,0.7582025340393344,,1571.8775269527594,7484,1.0,0.48805384091493303,adaptive,1.0,0.16807468191670502,0.3666398764498235,8eadcc27bff1894c92ae92a1,9.003826164999964,sensor_fault,7000,24bfb8b9aac5b87f9f268595cf4462964bd3a01da9d8089f51ed740d780fee86,14,0.0027735753908219867
,0.28589889056984363,0.0,142.80588124054464,0,0.21255673222390317,0.324809489407719,0.31120776601109423,0.7201210287443268,0.0,1.1746851098911202,0.6666666666666666,0.4722222222222222,17,36,363.9154916609867,61fbc2c3c47ea0b2f394bf19d5d944ff33916305affd279efd1232b2237e443b,f000d324411431a807bac72657424c44472cc457a2b2f856442e941850c00046,0.12254160363086233,0.57681700706001,,2492.482344042019,4555,1.0,0.323021476230228,fixed_ring,1.0,0.09313428030059277,0.32427981593545124,244f443ca7b90cd7adb52edc,4.338270322000085,storm,7008,24bfb8b9aac5b87f9f268595cf4462964bd3a01da9d8089f51ed740d780fee86,0,0.5380736258194654
0,0.06108412088991695,0.0,43.003256785742366,0,0.0,0.45532775559926647,0.7308311621489957,0.2405446293494705,0.27295628082841816,3.060025208011898,0.8611111111111112,0.8611111111111112,31,36,443.33438337238135,a9dc4e7a83ea86ea436568b7b9e6ff3f12c69e20d2897f78617ebd8a5771ceb1,f000d324411431a807bac72657424c44472cc457a2b2f856442e941850c00046,0.340393343419062,0.7991123722592736,0.0,2120.124148060008,9333,1.0,0.3274188846370165,static_tuned,1.0,0.09022923617005402,0.45666604588743775,301dda28b01805e4e194781c,4.7597958989999825,moving_front,7008,24bfb8b9aac5b87f9f268595cf4462964bd3a01da9d8089f51ed740d780fee86,0,0.023701462430660614
0,0.03860155068078668,0.0,39.83240355521936,0,0.0,0.377951394911266,0.7219648260211801,0.02723146747352496,0.5885416666666665,3.085279951937214,0.9722222222222222,0.9722222222222222,35,36,442.9899924844031,fb367cc0d79aa8d9c98eb2a529262d3fdb12211bf1a4b9a1df875515bb387ab8,f000d324411431a807bac72657424c44472cc457a2b2f856442e941850c00046,0.3207261724659607,0.7590062405446292,0.0,2121.7762362870726,10766,1.0,0.3517144028905862,static_tuned,0.9372163388804842,0.1785773692194578,0.3785300050428643,5e73ad481ee492558f920469,5.971935642000062,sensor_fault,7002,24bfb8b9aac5b87f9f268595cf4462964bd3a01da9d8089f51ed740d780fee86,0,0.00151285930408472
28,0.03555219364599092,0.0,37.67330906454866,0,0.0,0.40391628610492425,0.7376213439233483,0.037821482602118005,0.59375,9.219149874474624,0.9722222222222222,0.9722222222222222,35,36,473.0575185415711,61fbc2c3c47ea0b2f394bf19d5d944ff33916305affd279efd1232b2237e443b,f000d324411431a807bac72657424c44472cc457a2b2f856442e941850c00046,0.14674735249621784,0.7880263489662127,2.8,2007.7963983060263,8294,1.0,0.4851302039578011,fungal,0.9687342410489157,0.21116091810604554,0.40362613464447805,48afd659872e24af8dd13489,13.729914004999955,sensor_fault,7008,24bfb8b9aac5b87f9f268595cf4462964bd3a01da9d8089f51ed740d780fee86,28,0.0035300050428643463
29,0.3149189989914271,0.0,140.0011425239536,0,0.028744326777609682,0.25869746601180676,0.32748676248108927,0.7095310136157338,0.0,8.291870725045182,0.6666666666666666,0.4444444444444444,16,36,448.2378018744905,c0265f2f5da1b8f1e6334a7d1da15d24852be86831d4583cf0a020b238d73be2,f000d324411431a807bac72657424c44472cc457a2b2f856442e941850c00046,0.10136157337367625,0.4657242813918306,2.7333333333333334,1810.6242818362366,4810,1.0,0.2383988324239096,fungal,1.0,0.0481592811971077,0.2580607034795764,e6c7c06c5411a21109006bc8,13.59809161599992,storm,7010,24bfb8b9aac5b87f9f268595cf4462964bd3a01da9d8089f51ed740d780fee86,29,0.3333333333333333
52,0.017390002521432173,0.0,37.71676437216339,0,0.0,0.404198758000631,0.6814091654059505,0.11497730711043873,0.48437499999999994,10.001132801261367,1.0,1.0,36,36,444.1793637265065,fded3c51bb367e0df8af6f8249b634fefe0cc389845c26618e90a9b29d9c3139,f000d324411431a807bac72657424c44472cc457a2b2f856442e941850c00046,0.024205748865355523,0.7910757060010085,5.116666666666666,1998.4623029771035,5077,1.0,0.3619540884519996,economic,0.9652042360060514,0.1653321745380721,0.40484745335350475,89b5b5048aba5f64bcd2cc61,16.34691134700006,sensor_fault,7017,24bfb8b9aac5b87f9f268595cf4462964bd3a01da9d8089f51ed740d780fee86,52,0.026222894604135148
55,0.048425759136782265,0.0,38.87373557774919,0,0.0,0.481922758252964,0.7524969263264707,0.22844175491679275,0.35272511616747865,14.355448070811082,0.9722222222222222,0.9722222222222222,35,36,526.5395255251764,a9dc4e7a83ea86ea436568b7b9e6ff3f12c69e20d2897f78617ebd8a5771ceb1,f000d324411431a807bac72657424c44472cc457a2b2f856442e941850c00046,0.3207261724659607,0.8163271744952281,5.466666666666667,1257.041104165037,8942,1.0,0.3280381874573524,economic,1.0,0.10494270678489387,0.48278213581329615,a259a2c08695f91f4e10fc07,15.704484239999829,moving_front,7008,24bfb8b9aac5b87f9f268595cf4462964bd3a01da9d8089f51ed740d780fee86,55,0.02697932425617751
,0.36323594301563283,0.0,148.072601487645,0,0.06807866868381239,0.2755061875128483,0.3369263741805345,0.7019667170953101,0.0,17.083794594125933,0.6666666666666666,0.6111111111111112,22,36,981.5448309598867,b9aa9c192ff362205c201c037cc4f3c7c2aba8b7e0c4fd0ef068255fea54f756,f000d324411431a807bac72657424c44472cc457a2b2f856442e941850c00046,0.07413010590015129,0.48151475037821473,,1699.6077909040073,4680,1.0,0.22857530125279538,adaptive,1.0,0.05000492582868177,0.2744815305093293,2e9bfd9d479cbdd795f61678,6.7489562590000105,storm,7007,24bfb8b9aac5b87f9f268595cf4462964bd3a01da9d8089f51ed740d780fee86,11,0.2637418053454362
0,0.02377237771053959,0.0,34.85505704740292,0,0.0,0.4065209927719059,0.738692952597075,0.030257186081694403,0.6197916666666666,3.0992032091681874,1.0,1.0,36,36,442.97873613240967,20cbee7be12f3041b6f80dfbab6cf06c7cd24e2dceeb098a373acea1952196d8,f000d324411431a807bac72657424c44472cc457a2b2f856442e941850c00046,0.1043872919818457,0.7942274962178516,0.0,2121.666918200198,7428,1.0,0.3968582522148169,static_tuned,0.9445284921835602,0.16901940355390882,0.40649426374180525,e7f5bce3e081e15de83f1aaa,12.295535413999914,sensor_fault,7018,24bfb8b9aac5b87f9f268595cf4462964bd3a01da9d8089f51ed740d780fee86,0,0.009581442259203227
37,0.31434379727685324,0.0,129.92687846696924,0,0.0017650025214321732,0.2614697678974573,0.39216149773071096,0.6822995461422088,0.06770833333333333,11.581509582929812,0.7222222222222222,0.7222222222222222,26,36,480.2503312222282,6ef10a6f8528f48913779ce02125f8ae67ac504fa24b04f7d539448adf330dc7,f000d324411431a807bac72657424c44472cc457a2b2f856442e941850c00046,0.1875945537065053,0.4736510337871911,3.7,1209.6749564939407,7684,1.0,0.34799200905848915,deadline_fusion,1.0,0.08109129791348087,0.2618743696419566,2f5b64517ea83bbfde20eb1a,39.74598562999995,storm,7012,24bfb8b9aac5b87f9f268595cf4462964bd3a01da9d8089f51ed740d780fee86,37,0.0912758446797781
0,0.015877143217347452,0.0,29.349903870398386,0,0.0,0.4198399141054435,0.7729686712052445,0.03177004538577912,0.6302083333333333,3.1103709200250558,0.9722222222222222,0.9722222222222222,35,36,443.0376438939828,e5eb0adce92def657b42daaff1168729498af6b7f7eacaec91555308393fbb04,f000d324411431a807bac72657424c44472cc457a2b2f856442e941850c00046,0.0832072617246596,0.8340267271810388,0.0,2122.1941358712784,7147,1.0,0.4209404601112823,static_tuned,0.897125567322239,0.201942969236372,0.4196057110438729,ba4c70ac22078adb2c283982,5.35630060099993,sensor_fault,7005,24bfb8b9aac5b87f9f268595cf4462964bd3a01da9d8089f51ed740d780fee86,0,0.007060010085728693
52,0.06292213653847557,0.0,49.875627440709685,0,0.0017650025214321732,0.4496244431366278,0.6740436480543495,0.3267776096822995,0.12421468372880276,7.285790336499773,0.9722222222222222,0.9166666666666666,33,36,446.0116830586916,7fc013544a2434726446cf0cb1c220e784a923ebb4fc53407d1bf1d9ae765b5f,f000d324411431a807bac72657424c44472cc457a2b2f856442e941850c00046,0.25416036308623297,0.7878452921740231,1.7166666666666666,1575.2981203548661,7563,1.0,0.23077354620627835,greedy_sparse,0.9984871406959153,0.11770370410375335,0.44973847461155664,d2740de589748266a8ada232,15.906462295999972,moving_front,7019,24bfb8b9aac5b87f9f268595cf4462964bd3a01da9d8089f51ed740d780fee86,52,0.10741301059001515
,0.3527877584467978,0.0,146.8645990922844,0,0.06555723651033786,0.2771724197289391,0.3289917423096318,0.7231467473524962,0.0,15.687192018588682,0.7222222222222222,0.6111111111111112,22,36,878.8140419018907,fded3c51bb367e0df8af6f8249b634fefe0cc389845c26618e90a9b29d9c3139,f000d324411431a807bac72657424c44472cc457a2b2f856442e941850c00046,0.07110438729198185,0.47754349470499236,,1720.5752285960812,4356,1.0,0.3304808917888273,adaptive,1.0,0.07994420573091732,0.27680597579425115,f272a50f0812030b79b68ada,6.57005312199999,storm,7017,24bfb8b9aac5b87f9f268595cf4462964bd3a01da9d8089f51ed740d780fee86,9,0.2831568330811901
,0.022937153303076146,0.0,43.53489031770045,0,0.0,0.4155103021310013,0.623550176500252,0.18910741301059,0.41666666666666663,0.9097252225183037,0.9444444444444444,0.9166666666666666,33,36,363.43476179170125,1ffbd60f44c9f81edacbd6236060262a241240e41dabbe8776c51fac2266503a,f000d324411431a807bac72657424c44472cc457a2b2f856442e941850c00046,0.0030257186081694403,0.7834483736762481,,2496.7555652072747,3812,1.0,0.2910283471023585,fixed_ring,1.0,0.15586162773472734,0.41547686585980825,43cd512b23b8d7aba636c928,5.67241603399998,sensor_fault,7004,24bfb8b9aac5b87f9f268595cf4462964bd3a01da9d8089f51ed740d780fee86,0,0.040090771558245086
49,0.0419097790539528,0.0,36.26058820947003,0,0.0,0.4847685484116885,0.7586020904552634,0.19969742813918306,0.3889672449496364,13.702205007356891,0.9444444444444444,0.9444444444444444,34,36,527.5666169831527,6e2d005a512f8f795588b53a08d35435fd833e215d9a9396f9ada02b8104fa48,f000d324411431a807bac72657424c44472cc457a2b2f856442e941850c00046,0.33434190620272314,0.815953264706622,4.9,1477.5412289770857,9911,1.0,0.19365445806463666,fungal,1.0,0.08307176658110396,0.4833857045001503,6f975f0ed8fe095ae3d86ee6,15.324231661999875,moving_front,7009,24bfb8b9aac5b87f9f268595cf4462964bd3a01da9d8089f51ed740d780fee86,49,0.015632879475542105
0,0.040981152294503276,0.0,43.879065809379725,0,0.0,0.34902870274109826,0.6776033787191124,0.08925869894099848,0.515625,3.0932642679128897,0.9722222222222222,0.9722222222222222,35,36,443.06752300495765,5772c05e39ffe56db9fe4d550c615751b591862ac0732ff00bde5b9c136479f3,f000d324411431a807bac72657424c44472cc457a2b2f856442e941850c00046,0.049924357034795766,0.7552477307110438,0.0,2121.759634198991,6239,1.0,0.4906717218523344,static_tuned,0.9069591527987897,0.19627596036864073,0.3501954109934442,1477ffbe0b2131b8354a52e1,5.202528655000151,sensor_fault,7006,24bfb8b9aac5b87f9f268595cf4462964bd3a01da9d8089f51ed740d780fee86,0,0.009329299041855775
33,0.01390727433182047,0.0,24.80679525970751,0,0.0,0.44555509887670525,0.8167785552193646,0.006051437216338881,0.7135416666666665,9.880296573227714,0.9444444444444444,0.9444444444444444,34,36,457.5715089719921,ac5fa5d877e58450b21b5619aadcad71ab1db9e7cd210fd1cd516ef4a934c028,f000d324411431a807bac72657424c44472cc457a2b2f856442e941850c00046,0.20121028744326777,0.8518028240040343,3.3,1883.8409790989097,9125,1.0,0.42986732620542645,deadline_fusion,1.0,0.188380229352448,0.44571041351487634,20140da9d33ae348425a6edf,45.52397276900001,sensor_fault,7014,24bfb8b9aac5b87f9f268595cf4462964bd3a01da9d8089f51ed740d780fee86,33,0.0
42,0.2701163010590015,0.0,127.18135400907715,0,0.01588502269288956,0.2843081128883665,0.35835854765506797,0.6944024205748865,0.026041666666666664,5.888900604632967,0.6944444444444444,0.6111111111111112,22,36,419.33760024938056,956a9ceb80df2feb4bb3b76f79213a7f0cb93b60e4835d44d36852e549355e78,f000d324411431a807bac72657424c44472cc457a2b2f856442e941850c00046,0.12254160363086233,0.5154437720625314,1.6333333333333333,1616.8145533781242,5331,1.0,0.1950052641891094,recruitment,1.0,0.08252117439214987,0.28431511598587994,ffc13a5c19a7ef820285bc35,13.91259747700019,storm,7009,24bfb8b9aac5b87f9f268595cf4462964bd3a01da9d8089f51ed740d780fee86,42,0.3086232980332829
51,0.026506555723651033,0.0,39.39532904689864,0,0.0,0.38677770134338757,0.690352370146243,0.07715582450832073,0.5416666666666666,9.463908390549875,1.0,1.0,36,36,438.4188613141623,c0265f2f5da1b8f1e6334a7d1da15d24852be86831d4583cf0a020b238d73be2,f000d324411431a807bac72657424c44472cc457a2b2f856442e941850c00046,0.05597579425113464,0.7835429273827532,5.016666666666667,1919.8932708371199,6139,1.0,0.262922600461621,economic,0.9629349470499243,0.17564490188592607,0.38670890065557234,11d93039d7df4d9efe9fcc47,13.314468687000044,sensor_fault,7010,24bfb8b9aac5b87f9f268595cf4462964bd3a01da9d8089f51ed740d780fee86,51,0.02445789208270297
57,0.044029597803181865,0.0,43.76713379065815,0,0.015632879475542105,0.5184181680225824,0.6912197781371191,0.3207261724659607,0.1682300848313694,8.311264684571409,0.9722222222222222,0.9444444444444444,34,36,459.6526808364781,5bd218142e142fa4278b4a5cda21ab3f6b168aad1e4f87cf0725f2f9c148a9ed,f000d324411431a807bac72657424c44472cc457a2b2f856442e941850c00046,0.1875945537065053,0.8321360788740997,1.9166666666666667,1540.1860177915753,6471,1.0,0.2806925037999767,greedy_sparse,1.0,0.11974097532598828,0.5182540040113615,df2518b28486663dc90c46d5,13.897576528000172,moving_front,7000,24bfb8b9aac5b87f9f268595cf4462964bd3a01da9d8089f51ed740d780fee86,57,0.15279878971255673
43,0.2771132753403933,0.0,122.23879538577913,0,0.0045385779122541605,0.28104270668920867,0.3896321860816944,0.680786686838124,0.041666666666666664,6.775768882640596,0.75,0.75,27,36,434.34419283891583,6ef10a6f8528f48913779ce02125f8ae67ac504fa24b04f7d539448adf330dc7,f000d324411431a807bac72657424c44472cc457a2b2f856442e941850c00046,0.1573373676248109,0.5115749495713565,1.7666666666666666,1551.8723274654255,6711,1.0,0.34719377309406074,greedy_sparse,1.0,0.07773354069782888,0.28115544629349465,366c3b222bf4e18126625ceb,16.1076934780001,storm,7012,24bfb8b9aac5b87f9f268595cf4462964bd3a01da9d8089f51ed740d780fee86,43,0.16792738275340394
50,0.04411517428307987,0.0,45.47367730034279,0,0.02798789712556732,0.47395909259520935,0.659623501941646,0.3464447806354009,0.10837226811663446,6.803199644288162,0.9444444444444444,0.9166666666666666,33,36,434.7776573240724,897c3ea0ca4def7c92d6c5bc4c681216da15d36377736736da162a96b99c0650,f000d324411431a807bac72657424c44472cc457a2b2f856442e941850c00046,0.19667170953101362,0.8208355846977604,1.6666666666666667,1651.8937131800546,6368,1.0,0.3287078075738529,recruitment,1.0,0.08155556849419206,0.4753930381403427,9c9932e8ca11c158b010ce0a,16.708910072000208,moving_front,7017,24bfb8b9aac5b87f9f268595cf4462964bd3a01da9d8089f51ed740d780fee86,50,0.17170953101361572
57,0.04502796637550202,0.0,38.23807283606037,0,0.0,0.46354366301251015,0.741945056888389,0.21331316187594554,0.3511030764596086,13.877569807869683,0.9722222222222222,0.9444444444444444,34,36,512.9048104716991,0aace0ec30ee371a7c2663e2411d8b6b713bd3c12b78091846cea85ee9e6f3b4,f000d324411431a807bac72657424c44472cc457a2b2f856442e941850c00046,0.3237518910741301,0.8086483473880738,5.7,1467.586618071433,9259,1.0,0.18517871397116667,economic,1.0,0.11808108793227463,0.46154621002471297,144107cbce9298a9e7b5a61d,16.480029836999847,moving_front,7013,24bfb8b9aac5b87f9f268595cf4462964bd3a01da9d8089f51ed740d780fee86,57,0.017650025214321734
27,0.29695379475542105,0.0,139.0403586737267,0,0.11169944528492184,0.28427350456018513,0.31965456379223395,0.7170953101361573,0.0,4.5567283368907985,0.6944444444444444,0.4166666666666667,15,36,402.54014765964604,c0265f2f5da1b8f1e6334a7d1da15d24852be86831d4583cf0a020b238d73be2,f000d324411431a807bac72657424c44472cc457a2b2f856442e941850c00046,0.09531013615733737,0.5175003151790216,0.9833333333333333,1899.7944450118948,4316,1.0,0.23819681181914337,greedy_sparse,1.0,0.04684930315178465,0.28440179021684314,913cbf715d1d00f4b73cdf95,10.639928762999944,storm,7010,24bfb8b9aac5b87f9f268595cf4462964bd3a01da9d8089f51ed740d780fee86,27,0.4319213313161876
33,0.30325737518910734,0.0,135.17185136157337,0,0.026222894604135148,0.25697515575621704,0.34234745335350475,0.7034795763993948,0.015625,9.752345717887904,0.75,0.6111111111111112,22,36,467.0761400608126,12c2676d5d2da4bfdacb5c9a6312d12b90a39b080a71ade938e7b16bbaabf086,f000d324411431a807bac72657424c44472cc457a2b2f856442e941850c00046,0.12556732223903178,0.4776380484114977,3.25,1236.1848710221157,5201,1.0,0.23444486664642877,deadline_fusion,1.0,0.0834753811158634,0.2571466843166919,5c122bfb0229715cd67bb7e5,36.74015550200011,storm,7019,24bfb8b9aac5b87f9f268595cf4462964bd3a01da9d8089f51ed740d780fee86,33,0.28416540595057993
42,0.2909732728189611,0.0,126.38158724155319,0,0.0055471507816439725,0.27289145336726084,0.38364378466969234,0.680786686838124,0.05208333333333333,9.896923629478419,0.7222222222222222,0.6388888888888888,23,36,454.96943962045196,c01d3e850dcea516d0864d501fedc94fd615e60fababbc941400707247a8bedb,f000d324411431a807bac72657424c44472cc457a2b2f856442e941850c00046,0.16187594553706505,0.4955008194654563,4.2,1398.3741648470702,6830,1.0,0.19766204848436777,economic,1.0,0.09858781178070584,0.27313414019162885,2634dafbb3b7fa4a3a67c1bb,14.939863403000118,storm,7016,24bfb8b9aac5b87f9f268595cf4462964bd3a01da9d8089f51ed740d780fee86,42,0.16691880988401409
,0.057252269288956124,0.0,49.0748313792234,0,0.0,0.29574840599956576,0.6585429273827533,0.08623298033282904,0.5208333333333333,4.130623518392869,0.9444444444444444,0.9444444444444444,34,36,490.9127294284441,5772c05e39ffe56db9fe4d550c615751b591862ac0732ff00bde5b9c136479f3,f000d324411431a807bac72657424c44472cc457a2b2f856442e941850c00046,0.2118003025718608,0.7066550050428643,,1946.7596344514004,9135,1.0,0.49286296262361035,adaptive,0.9293998991427129,0.17337783026550477,0.29706410741301054,22869f2d6cb23c2191adcc18,7.846803386999909,sensor_fault,7006,24bfb8b9aac5b87f9f268595cf4462964bd3a01da9d8089f51ed740d780fee86,1,0.0027735753908219867
,0.017957324760463942,0.0,35.28515821986888,0,0.0,0.4172980711476841,0.7017933686333837,0.06202723146747353,0.5416666666666666,0.8996533488170264,0.9722222222222222,0.9722222222222222,35,36,363.4317570522771,7bba1255199adfdb1a1ba0c529b8275f13780540abed81a608a55c16f4b1390f,f000d324411431a807bac72657424c44472cc457a2b2f856442e941850c00046,0.015128593040847202,0.806007312153303,,2496.2954051765723,4669,1.0,0.44114933422629987,fixed_ring,0.948310640443772,0.1904397270807535,0.4173127836611195,ba7678f7b754727c515c8583,5.644797085999926,sensor_fault,7003,24bfb8b9aac5b87f9f268595cf4462964bd3a01da9d8089f51ed740d780fee86,0,0.012355017650025215
,0.04107570600100857,0.0,45.412293557740796,0,0.0,0.3103014574032478,0.6670842788703983,0.0529500756429652,0.546875,7.880852348887992,1.0,0.9722222222222222,35,36,615.1069029296723,c0265f2f5da1b8f1e6334a7d1da15d24852be86831d4583cf0a020b238d73be2,f000d324411431a807bac72657424c44472cc457a2b2f856442e941850c00046,0.2481089258698941,0.7211138426626323,,1928.1827147868216,9647,1.0,0.26334142208187333,adaptive,0.9808371154815935,0.14801014670385204,0.31041193898134134,9dc531e3c36fcc595ddd7425,6.516499386000305,sensor_fault,7010,24bfb8b9aac5b87f9f268595cf4462964bd3a01da9d8089f51ed740d780fee86,5,0.008825012607160865
56,0.056531005467928656,0.0,45.537861207891645,0,0.0002521432173474533,0.4722330078543356,0.6874763132795746,0.2708018154311649,0.14015771675510108,13.98341294905369,0.9722222222222222,0.8888888888888888,32,36,509.92792084426367,5c27fd92e06c33f2542baf1700cf25e04b52092d15caab1ec4dc802b1a93834e,f000d324411431a807bac72657424c44472cc457a2b2f856442e941850c00046,0.21331316187594554,0.8102574525771935,5.6,1615.4502801381723,7303,1.0,0.23980435525337362,deadline_fusion,1.0,0.10213232453786254,0.471038371249312,cfaca9eb34d1b8ed516f1c5a,42.331892917999994,moving_front,7010,24bfb8b9aac5b87f9f268595cf4462964bd3a01da9d8089f51ed740d780fee86,56,0.07816439737771054
0,0.015183749369641954,0.0,29.227141641452345,0,0.0,0.39992906412312607,0.7697853630862329,0.01361573373676248,0.6145833333333333,3.083867270309672,1.0,1.0,36,36,443.0457233973564,7bba1255199adfdb1a1ba0c529b8275f13780540abed81a608a55c16f4b1390f,f000d324411431a807bac72657424c44472cc457a2b2f856442e941850c00046,0.2481089258698941,0.7994043116490166,0.0,2121.29542004999,9903,1.0,0.4344237195866658,static_tuned,0.9694906707009581,0.16954168086857863,0.3990875567322238,8a640668a053f3493c4dfe7a,6.2506220390000635,sensor_fault,7003,24bfb8b9aac5b87f9f268595cf4462964bd3a01da9d8089f51ed740d780fee86,0,0.0
56,0.0323180397869553,0.0,29.120157806645047,0,0.0,0.52339233626041,0.8103381738229058,0.10136157337367625,0.4994988402928957,13.631232528180833,0.9444444444444444,0.9444444444444444,34,36,509.1215069730943,358f3d3ac5e4c7943da7c4ded7230c7e4afe2570f3a3d3555871e5543b789f00,f000d324411431a807bac72657424c44472cc457a2b2f856442e941850c00046,0.3630862329803328,0.858732299106287,5.583333333333333,1279.108755672853,9901,1.0,0.3925743951828855,economic,1.0,0.13364559847066626,0.5221203121747314,801f8f6e4c0628c2bff61968,16.260536221999928,moving_front,7014,24bfb8b9aac5b87f9f268595cf4462964bd3a01da9d8089f51ed740d780fee86,56,0.008320726172465959
,0.01176405698436712,0.0,37.214408408976304,0,0.0,0.4247135701196217,0.657999243570348,0.15128593040847202,0.43749999999999994,0.8809362909268135,1.0,0.9714285714285714,34,35,363.4256357691253,9b5a428363b62ad024a6d518c6bdc283191d1cf8739502f5298786104f688bf6,f000d324411431a807bac72657424c44472cc457a2b2f856442e941850c00046,0.0030257186081694403,0.8131776348966211,,2496.9576518641916,4074,1.0,0.4884928528700747,fixed_ring,0.9500756429652042,0.19794656504388833,0.42450674483106404,224d2993034d401b32954434,5.040119845999925,sensor_fault,7001,24bfb8b9aac5b87f9f268595cf4462964bd3a01da9d8089f51ed740d780fee86,0,0.04891578416540594
53,0.06276041922787881,0.0,48.25342377092104,0,0.0,0.418711275779797,0.6802725154735221,0.3207261724659607,0.22764248035935816,14.668990561496605,1.0,0.9722222222222222,35,36,519.3166680504506,ab258b21f7221620284a3215d026dafd75f9efdf5bedb3e529bdff643d2065af,f000d324411431a807bac72657424c44472cc457a2b2f856442e941850c00046,0.18456883509833585,0.7743820246644179,5.216666666666667,1510.0992672264722,7064,1.0,0.29166221383227886,deadline_fusion,1.0,0.08511604337250117,0.4212063867102601,49b4dd81288c50f23f2e5afc,40.25645185500002,moving_front,7006,24bfb8b9aac5b87f9f268595cf4462964bd3a01da9d8089f51ed740d780fee86,53,0.052697932425617745
,0.0438965582450832,0.0,56.191691880988394,0,0.0,0.41928703257553773,0.48119169188098826,0.518910741301059,0.234375,0.8990930870305694,0.9722222222222222,0.9444444444444444,34,36,363.43358218768356,b549dfc41676c63078393edb7074f42e4f0927a271f4a7ecca93c1f6bdaa8078,f000d324411431a807bac72657424c44472cc457a2b2f856442e941850c00046,0.0015128593040847202,0.7816991301059,,2497.1785382493804,2339,1.0,0.42058724070689274,fixed_ring,0.9450327786182551,0.1851473152193607,0.4198657337367625,f415d38f05adb23d8ff7557f,9.145874170000297,sensor_fault,7015,24bfb8b9aac5b87f9f268595cf4462964bd3a01da9d8089f51ed740d780fee86,0,0.16364094805849722
0,0.04915637169157208,0.0,40.360274670537684,0,0.0,0.45862364435243014,0.7337536134676794,0.2329803328290469,0.3209381131460434,3.0894924001559465,0.8888888888888888,0.8611111111111112,31,36,443.4986391740273,6e2d005a512f8f795588b53a08d35435fd833e215d9a9396f9ada02b8104fa48,f000d324411431a807bac72657424c44472cc457a2b2f856442e941850c00046,0.3464447806354009,0.7973545164597905,0.0,2121.444969244024,9668,1.0,0.1930910768933565,static_tuned,1.0,0.10141516092045391,0.45828263452347556,c0441d1e003d6c5f71f1f959,4.835379883000087,moving_front,7009,24bfb8b9aac5b87f9f268595cf4462964bd3a01da9d8089f51ed740d780fee86,0,0.01815431164901664
,0.03197833033590188,0.0,45.891542405336956,0,0.005547150781643973,0.5177492217604006,0.6305372829433985,0.3857791225416036,0.08054599072648766,0.920606949235264,0.9166666666666666,0.8888888888888888,32,36,363.81282373101953,3112fe2c83524b2f2e2f68f6ce520bfc1f93a616346ad692daac26f7b11e5a4b,f000d324411431a807bac72657424c44472cc457a2b2f856442e941850c00046,0.0529500756429652,0.8544463020818616,,2496.2168253026653,4359,1.0,0.31371680769468807,fixed_ring,1.0,0.11816326090248892,0.5174474771188656,9497cc4d319d37dfd9a76542,4.325785762000123,moving_front,7005,24bfb8b9aac5b87f9f268595cf4462964bd3a01da9d8089f51ed740d780fee86,0,0.17876954109934443
0,0.260148764498235,0.0,120.57551689359555,0,0.020675743822491176,0.2847200040263591,0.3784433308119011,0.6792738275340393,0.03645833333333333,3.458435426208793,0.75,0.6388888888888888,23,36,443.2693936558819,c01d3e850dcea516d0864d501fedc94fd615e60fababbc941400707247a8bedb,f000d324411431a807bac72657424c44472cc457a2b2f856442e941850c00046,0.22239031770045387,0.5279878971255674,0.0,2119.087317078729,7209,1.0,0.19641367827109996,static_tuned,1.0,0.0535620606094617,0.28429147755925366,12c498666ad815df4a8a0af2,4.928662283999984,storm,7016,24bfb8b9aac5b87f9f268595cf4462964bd3a01da9d8089f51ed740d780fee86,0,0.26727181038830056
47,0.022007375189107413,0.0,33.28302288199698,0,0.0,0.3982508062491654,0.7509691754916792,0.015128593040847202,0.6354166666666665,6.078429487687078,0.9444444444444444,0.9444444444444444,34,36,419.1446826915238,956a9ceb80df2feb4bb3b76f79213a7f0cb93b60e4835d44d36852e549355e78,f000d324411431a807bac72657424c44472cc457a2b2f856442e941850c00046,0.16187594553706505,0.7966149773071104,1.5833333333333333,1936.6411305003987,8198,1.0,0.40142572976459867,recruitment,0.8978819969742814,0.19465534794128694,0.39888269036812907,cec310fc9fc34965d0dead23,14.450132884999675,sensor_fault,7009,24bfb8b9aac5b87f9f268595cf4462964bd3a01da9d8089f51ed740d780fee86,47,0.0010085728693898133
53,0.037632375189107406,0.0,40.194544251134644,0,0.0,0.41720773598868766,0.7087351865859807,0.05143721633888049,0.5624999999999999,6.440730835060882,0.9444444444444444,0.9444444444444444,34,36,421.0786300790358,5f8536aad221b558feae01abd9e48012ffd43f0d986448ef31076303591affbe,f000d324411431a807bac72657424c44472cc457a2b2f856442e941850c00046,0.0226928895612708,0.7946766263237519,1.9166666666666667,1918.7046522460194,5055,1.0,0.48786512873928883,greedy_sparse,1.0,0.19629637026886004,0.4147440746343923,9d14549f02da838727fb7ddb,17.825089257999934,sensor_fault,7000,24bfb8b9aac5b87f9f268595cf4462964bd3a01da9d8089f51ed740d780fee86,53,0.011850731215330307
26,0.041020549672213816,0.0,40.625472768532525,0,0.0,0.3772184779007125,0.7191124558749369,0.036308623298033284,0.5937499999999999,8.68127582115584,0.9722222222222222,0.9722222222222222,35,36,471.3331803039312,fb367cc0d79aa8d9c98eb2a529262d3fdb12211bf1a4b9a1df875515bb387ab8,f000d324411431a807bac72657424c44472cc457a2b2f856442e941850c00046,0.3328290468986384,0.7561065935451335,2.55,1897.3644036024866,10608,1.0,0.3512750605650538,fungal,0.9367120524457891,0.17278336665518412,0.37776569591527986,88f3c052bbc317c5157c2233,18.38184596999986,sensor_fault,7002,24bfb8b9aac5b87f9f268595cf4462964bd3a01da9d8089f51ed740d780fee86,26,0.0012607160867372667
,0.2854812783661119,0.0,123.09568835098335,0,0.00680786686838124,0.3013773101571872,0.40561964195663136,0.6747352496217852,0.06770833333333333,21.30529919002031,0.7222222222222222,0.6944444444444444,25,36,1128.3549060087917,ac5fa5d877e58450b21b5619aadcad71ab1db9e7cd210fd1cd516ef4a934c028,f000d324411431a807bac72657424c44472cc457a2b2f856442e941850c00046,0.1573373676248109,0.5186743570347957,,1699.7196228256264,6779,1.0,0.3795801054091128,adaptive,1.0,0.04294316037500129,0.3026821734745335,ec1552c64721f407d018a5a8,9.657782860999987,storm,7014,24bfb8b9aac5b87f9f268595cf4462964bd3a01da9d8089f51ed740d780fee86,13,0.14826021180030258
0,0.24468135400907715,0.0,120.1304841149773,0,0.026222894604135148,0.2959983636329635,0.36848367372667673,0.6838124054462935,0.0,3.425955260891223,0.8055555555555556,0.5833333333333334,21,36,443.273164457603,7bba1255199adfdb1a1ba0c529b8275f13780540abed81a608a55c16f4b1390f,f000d324411431a807bac72657424c44472cc457a2b2f856442e941850c00046,0.22087745839636913,0.5348272818961168,0.0,2119.494497676588,6748,1.0,0.2507963253780992,static_tuned,1.0,0.05125631296916157,0.2961106908724155,e5042383c6434a74bd11e7a4,4.2294136929999695,storm,7003,24bfb8b9aac5b87f9f268595cf4462964bd3a01da9d8089f51ed740d780fee86,0,0.32627332324760466
,0.31669188098840145,0.0,134.3899316061523,0,0.014372163388804841,0.2898092753382375,0.3617073247604639,0.6989409984871406,0.005208333333333333,13.635082033625293,0.45714285714285713,0.42857142857142855,15,35,827.6661322738476,9b5a428363b62ad024a6d518c6bdc283191d1cf8739502f5298786104f688bf6,f000d324411431a807bac72657424c44472cc457a2b2f856442e941850c00046,0.10287443267776097,0.5006382375189108,,1724.4423953268767,5480,1.0,0.3701960650372773,adaptive,1.0,0.08960213788401405,0.2887197428139182,52537da16ae45015d3f683ad,9.014188822999927,storm,7001,24bfb8b9aac5b87f9f268595cf4462964bd3a01da9d8089f51ed740d780fee86,9,0.1858295511850731
24,0.03613527483610691,0.0,39.12135968229954,0,0.0,0.41780663375101906,0.7204756051437216,0.0453857791225416,0.5729166666666666,9.140379563356062,0.9166666666666666,0.9166666666666666,33,36,468.4030641344964,5f8536aad221b558feae01abd9e48012ffd43f0d986448ef31076303591affbe,f000d324411431a807bac72657424c44472cc457a2b2f856442e941850c00046,0.025718608169440244,0.7967646873424103,2.35,2038.289959063597,5321,1.0,0.48844380242947805,fungal,1.0,0.18798429895752253,0.41672182299546134,6558abd762b3a5a7dba55a0b,18.647606642000028,sensor_fault,7000,24bfb8b9aac5b87f9f268595cf4462964bd3a01da9d8089f51ed740d780fee86,24,0.00680786686838124
0,0.055236465997464575,0.0,47.92600982836379,0,0.0010085728693898133,0.4554812367746175,0.6710761683370174,0.3358547655068079,0.1035407538457577,3.069478227944276,0.9166666666666666,0.8611111111111112,31,36,443.21533580551784,277879760b7636cf423ed8f2b038495b33a699b960bf9fcac3c05a45a91ae287,f000d324411431a807bac72657424c44472cc457a2b2f856442e941850c00046,0.1815431164901664,0.8018135610796732,0.0,2122.2348482083007,6748,1.0,0.3249580048103285,static_tuned,1.0,0.10472883845517462,0.45714833175856057,2c5dddb8cc4a7aa0ce0b4250,6.279315944000018,moving_front,7015,24bfb8b9aac5b87f9f268595cf4462964bd3a01da9d8089f51ed740d780fee86,0,0.10665658093797277
25,0.31872478567826523,0.0,147.88964006555722,0,0.154059505799294,0.2685860401416173,0.31481656580937967,0.7019667170953101,0.0,3.9879256342866465,0.5555555555555556,0.3611111111111111,13,36,395.8389182083638,5772c05e39ffe56db9fe4d550c615751b591862ac0732ff00bde5b9c136479f3,f000d324411431a807bac72657424c44472cc457a2b2f856442e941850c00046,0.08018154311649017,0.49673001765002517,0.9,1904.6106072505506,4252,1.0,0.2900355794979686,greedy_sparse,1.0,0.06215579911789095,0.26849312909732725,4b06e17a24c156d35c61507d,10.530137337000042,storm,7006,24bfb8b9aac5b87f9f268595cf4462964bd3a01da9d8089f51ed740d780fee86,25,0.4762985375693394
40,0.2644351991931417,0.0,124.1107617876954,0,0.013111447302067574,0.2914771739267763,0.3649536686838123,0.6928895612708018,0.020833333333333332,5.7329014480344265,0.7222222222222222,0.5555555555555556,20,36,419.92583905342985,7bba1255199adfdb1a1ba0c529b8275f13780540abed81a608a55c16f4b1390f,f000d324411431a807bac72657424c44472cc457a2b2f856442e941850c00046,0.15431164901664146,0.5153964952092789,1.4666666666666666,1669.2001113390959,5660,1.0,0.24521870189534353,greedy_sparse,1.0,0.11525378625761487,0.2921079172970247,d92a6653b3e1f3733b5537e2,12.970357461000049,storm,7003,24bfb8b9aac5b87f9f268595cf4462964bd3a01da9d8089f51ed740d780fee86,40,0.26752395360564796
50,0.014545511850731213,0.0,29.65338187090267,0,0.0,0.41037096220949876,0.75833648512355,0.036308623298033284,0.6354166666666665,6.433118364894694,0.9142857142857143,0.9142857142857143,32,35,416.58732340193006,9b5a428363b62ad024a6d518c6bdc283191d1cf8739502f5298786104f688bf6,f000d324411431a807bac72657424c44472cc457a2b2f856442e941850c00046,0.13313161875945537,0.8195521306101865,1.85,1964.629082877239,7948,1.0,0.4864537308358266,greedy_sparse,0.9649520927887039,0.1831421843358323,0.409606656580938,e09f4870a80531d27824d9b8,15.929323888999988,sensor_fault,7001,24bfb8b9aac5b87f9f268595cf4462964bd3a01da9d8089f51ed740d780fee86,50,0.015128593040847202
0,0.04166045004042893,0.0,41.529887211483526,0,0.0017650025214321732,0.4582071497211515,0.6942396844365264,0.2844175491679274,0.2418654684682208,3.068764927172937,0.9444444444444444,0.8888888888888888,32,36,443.34443564491374,4359898ad5beb32bbf1d8eff13ccc594cdb32a36c3aec06531a94f326fed618b,f000d324411431a807bac72657424c44472cc457a2b2f856442e941850c00046,0.22390317700453857,0.8157552668561451,0.0,2121.547375559905,7279,1.0,0.23350223369760403,static_tuned,1.0,0.0928065990973922,0.4579042204689448,0d12fa6e343d5a3366d04edb,4.82685662200015,moving_front,7007,24bfb8b9aac5b87f9f268595cf4462964bd3a01da9d8089f51ed740d780fee86,0,0.0832072617246596
53,0.05328159697261989,0.0,41.565458899187206,0,0.0002521432173474533,0.4782559735043217,0.7269334133253332,0.2723146747352496,0.2849155812069529,8.251983491283582,0.9444444444444444,0.9166666666666666,33,36,458.4872420639641,33909bb95a53710954872d70bc5591af92a450651324e9fef7a21e0a1cd4da1e,f000d324411431a807bac72657424c44472cc457a2b2f856442e941850c00046,0.31164901664145234,0.8148526613560918,1.75,1464.096639580033,8574,1.0,0.2578350802051041,greedy_sparse,1.0,0.09092205993323016,0.4797642389168472,b9d23423923cd97c14f5e302,15.647804212999972,moving_front,7004,24bfb8b9aac5b87f9f268595cf4462964bd3a01da9d8089f51ed740d780fee86,53,0.08144225920322744
29,0.2950075642965204,0.0,136.1651774457892,0,0.07236510337871911,0.27841745537403023,0.3464999369641956,0.7004538577912254,0.0,7.007815504279926,0.6666666666666666,0.4722222222222222,17,36,413.69488009129816,5f8536aad221b558feae01abd9e48012ffd43f0d986448ef31076303591affbe,f000d324411431a807bac72657424c44472cc457a2b2f856442e941850c00046,0.09531013615733737,0.48806259455370643,2.9,1261.9173218167707,4688,1.0,0.2786961734681105,deadline_fusion,1.0,0.05817823868745859,0.27742057488653554,bf41940ea092dc99bf25dfdf,38.399583733999975,storm,7000,24bfb8b9aac5b87f9f268595cf4462964bd3a01da9d8089f51ed740d780fee86,29,0.3323247604639435
41,0.03010991893617574,0.0,34.45422208132303,0,0.0,0.4675054727300964,0.7533200569610166,0.19667170953101362,0.42038474677323756,12.2760606099958,0.9428571428571428,0.9428571428571428,33,35,502.1095009960003,0eaaad553c80db6664d9a551f5b55b53a649071324c5a65ea020b06da777986c,f000d324411431a807bac72657424c44472cc457a2b2f856442e941850c00046,0.32829046898638425,0.8224548009136188,4.1,1427.0283066948507,9483,1.0,0.3606997710624085,fungal,1.0,0.08908136793568117,0.46627585792308857,d501e27da42d8d57be183410,15.038209959999904,moving_front,7001,24bfb8b9aac5b87f9f268595cf4462964bd3a01da9d8089f51ed740d780fee86,41,0.04286434694906707
23,0.30226456127080176,0.0,131.69310230711045,0,0.015380736258194654,0.2719640237756373,0.36976014876449814,0.6822995461422088,0.03645833333333333,6.508671957099306,0.8333333333333334,0.5555555555555556,20,36,424.85782376667237,50b7b3fbf7cedf803850a0428d40ee1ccc4080b783db00698cf7730c8a755b36,f000d324411431a807bac72657424c44472cc457a2b2f856442e941850c00046,0.17851739788199697,0.4795685199193141,2.25,1666.355770482977,6334,1.0,0.23790599886420524,deadline_fusion,1.0,0.08087262905444063,0.27225951840645485,698f4ee711733ce4ac3203b4,43.137194620999935,storm,7011,24bfb8b9aac5b87f9f268595cf4462964bd3a01da9d8089f51ed740d780fee86,23,0.20776601109430157
50,0.013678769541099343,0.0,24.737377080181542,0,0.0,0.4445287238896396,0.8173537569339384,0.006051437216338881,0.7135416666666666,8.614939524255279,0.9166666666666666,0.9166666666666666,33,36,414.3455875750902,ac5fa5d877e58450b21b5619aadcad71ab1db9e7cd210fd1cd516ef4a934c028,f000d324411431a807bac72657424c44472cc457a2b2f856442e941850c00046,0.17700453857791226,0.8519604135148763,5.0,1890.7879866867681,8880,1.0,0.4293997309041376,economic,1.0,0.19347965129516384,0.44479639435199186,678c8be30a458e808293f9ac,34.56645772599995,sensor_fault,7014,24bfb8b9aac5b87f9f268595cf4462964bd3a01da9d8089f51ed740d780fee86,50,0.0
54,0.016499621785173977,0.0,37.67878530005043,0,0.0,0.4051267314708276,0.6771542486132122,0.13313161875945537,0.46874999999999994,6.188998764279271,0.9722222222222222,0.9722222222222222,35,36,418.35962826675444,fded3c51bb367e0df8af6f8249b634fefe0cc389845c26618e90a9b29d9c3139,f000d324411431a807bac72657424c44472cc457a2b2f856442e941850c00046,0.028744326777609682,0.7920370020171457,2.0166666666666666,1924.302043327522,4944,1.0,0.3623904162431376,greedy_sparse,0.9619263741805344,0.16756972679318366,0.40546205244578915,9af64425bf170d84721b4514,18.061886846000107,sensor_fault,7017,24bfb8b9aac5b87f9f268595cf4462964bd3a01da9d8089f51ed740d780fee86,54,0.025970751386787692
47,0.03676563287947554,0.0,39.377127458396366,0,0.0,0.416863642845543,0.7173789712556732,0.04084720121028744,0.5781249999999999,9.450685524392162,0.9166666666666666,0.9166666666666666,33,36,442.613258845312,5f8536aad221b558feae01abd9e48012ffd43f0d986448ef31076303591affbe,f000d324411431a807bac72657424c44472cc457a2b2f856442e941850c00046,0.025718608169440244,0.796961674230963,4.683333333333334,2012.4279979386445,5287,1.0,0.48873936925125877,economic,1.0,0.18999055331296694,0.41557141956631366,eb3676b5b9e925b6840f9a77,18.46562297100013,sensor_fault,7000,24bfb8b9aac5b87f9f268595cf4462964bd3a01da9d8089f51ed740d780fee86,47,0.0073121533030761484
0,0.032944087241553205,0.0,39.854663073625815,0,0.0,0.39601418778833325,0.7015412254160363,0.08774583963691376,0.5364583333333333,3.0806521889342573,0.9444444444444444,0.9444444444444444,34,36,442.9271302196944,b9aa9c192ff362205c201c037cc4f3c7c2aba8b7e0c4fd0ef068255fea54f756,f000d324411431a807bac72657424c44472cc457a2b2f856442e941850c00046,0.05597579425113464,0.781911875945537,0.0,2121.6568966329846,6376,1.0,0.3928756644220628,static_tuned,0.9077155824508321,0.17331971191135373,0.39507690368129084,2279067fda53165e525f7099,4.540508589000183,sensor_fault,7007,24bfb8b9aac5b87f9f268595cf4462964bd3a01da9d8089f51ed740d780fee86,0,0.020927887039838628
30,0.042738275340393345,0.0,41.7995146243066,0,0.0,0.37533183044562823,0.7169771180030257,0.024205748865355523,0.6041666666666665,8.657510328648753,0.9444444444444444,0.9444444444444444,34,36,460.8601406860978,1ffbd60f44c9f81edacbd6236060262a241240e41dabbe8776c51fac2266503a,f000d324411431a807bac72657424c44472cc457a2b2f856442e941850c00046,0.11497730711043873,0.7619846822995461,2.966666666666667,1968.797231379062,7849,1.0,0.2976665774317708,deadline_fusion,0.8910741301059002,0.18972324118576384,0.3748187720625315,c4aad5e11f2dbdc193d1a328,45.78350488699971,sensor_fault,7004,24bfb8b9aac5b87f9f268595cf4462964bd3a01da9d8089f51ed740d780fee86,30,0.0002521432173474533
22,0.01335571104387292,0.0,28.806811018658596,0,0.0,0.408671761243551,0.7735517523953604,0.0045385779122541605,0.6249999999999999,7.2882551545927825,1.0,1.0,36,36,441.17962693400784,7bba1255199adfdb1a1ba0c529b8275f13780540abed81a608a55c16f4b1390f,f000d324411431a807bac72657424c44472cc457a2b2f856442e941850c00046,0.2087745839636914,0.80607034795764,2.15,2055.2170625549115,9210,1.0,0.43758215914203885,fungal,0.9679778113968733,0.1843269781123824,0.4083538199697428,58814e8cf79d311e3842f5d8,16.130721879999783,sensor_fault,7003,24bfb8b9aac5b87f9f268595cf4462964bd3a01da9d8089f51ed740d780fee86,22,0.0
37,0.29050838376197674,0.0,126.31870902672716,0,0.006555723651033787,0.26796926114843456,0.3864409984871406,0.6838124054462935,0.0625,9.902844735659146,0.8055555555555556,0.6944444444444444,25,36,466.37512618852526,c01d3e850dcea516d0864d501fedc94fd615e60fababbc941400707247a8bedb,f000d324411431a807bac72657424c44472cc457a2b2f856442e941850c00046,0.1800302571860817,0.489780320221886,3.6333333333333333,1380.6925574297163,7115,1.0,0.19850376587039728,deadline_fusion,1.0,0.09870447091005913,0.26806763741805345,5db368ef5bc8c182467dba04,38.94066996999982,storm,7016,24bfb8b9aac5b87f9f268595cf4462964bd3a01da9d8089f51ed740d780fee86,37,0.13313161875945537
47,0.03628116477872225,0.0,36.901242888896974,0,0.0020171457387796266,0.5102177296468494,0.7355341085625032,0.23903177004538578,0.2952737266978145,13.613263666115097,0.9444444444444444,0.9166666666666666,33,36,509.7810301413812,5bd218142e142fa4278b4a5cda21ab3f6b168aad1e4f87cf0725f2f9c148a9ed,f000d324411431a807bac72657424c44472cc457a2b2f856442e941850c00046,0.1815431164901664,0.8357672924008782,4.65,1499.0573830392545,6879,1.0,0.2808519723118433,fungal,1.0,0.11695907688714241,0.5099375092102546,bf3f3e1c4c455c09ed48f5b4,14.381075495999994,moving_front,7000,24bfb8b9aac5b87f9f268595cf4462964bd3a01da9d8089f51ed740d780fee86,47,0.058497226424609174
37,0.30114567574382245,0.0,140.38369106152294,0,0.06202723146747353,0.27161546136502795,0.314982034795764,0.7186081694402421,0.0,8.491282061799112,0.75,0.4444444444444444,16,36,449.6975914243216,b549dfc41676c63078393edb7074f42e4f0927a271f4a7ecca93c1f6bdaa8078,f000d324411431a807bac72657424c44472cc457a2b2f856442e941850c00046,0.07110438729198185,0.48783408976298526,3.7,1684.186579542665,3932,1.0,0.3160008340903698,economic,1.0,0.09222498729917322,0.27236983106404433,1c3e8e6892d893a0387199eb,19.42708184900016,storm,7015,24bfb8b9aac5b87f9f268595cf4462964bd3a01da9d8089f51ed740d780fee86,37,0.4178013111447301
,0.04310861069087241,0.0,46.98483988905698,0,0.0,0.41184105105065927,0.633549230963187,0.1664145234493192,0.42708333333333326,0.9136360514995779,0.9444444444444444,0.9444444444444444,34,36,363.43366689176486,7566b3dd58ba1b4b73cead9a88da4a0d93430742ea574afa5e3d674dbfd7a1c5,f000d324411431a807bac72657424c44472cc457a2b2f856442e941850c00046,0.01059001512859304,0.7731420196671709,,2497.3048137692767,4097,0.962178517397882,0.46753997412759024,fixed_ring,0.9359556227937468,0.20551248733371366,0.40979576399394857,f9385ff2dcc56ffe87d51f6a,5.500585730000239,sensor_fault,7013,24bfb8b9aac5b87f9f268595cf4462964bd3a01da9d8089f51ed740d780fee86,0,0.04336863338376197
,0.050333561885125624,0.0,35.67347208569848,0,0.0010085728693898133,0.5241437500203606,0.7886627796769026,0.09833585476550681,0.5070206647892292,40.14820331817411,0.8888888888888888,0.8888888888888888,32,36,2020.7451791177486,358f3d3ac5e4c7943da7c4ded7230c7e4afe2570f3a3d3555871e5543b789f00,f000d324411431a807bac72657424c44472cc457a2b2f856442e941850c00046,0.3494704992435703,0.8478071181621645,,966.8062169760375,10208,1.0,0.36844292377688836,adaptive,1.0,0.09447700909913628,0.5230684959024897,bb827380375a0fdbfda62bd7,8.761581693999915,moving_front,7014,24bfb8b9aac5b87f9f268595cf4462964bd3a01da9d8089f51ed740d780fee86,17,0.01664145234493192
30,0.2657037947554211,0.0,128.5388300554715,0,0.0685829551185073,0.2878122485164957,0.3537411749873928,0.6944024205748865,0.0,4.911126428936339,0.75,0.4444444444444444,16,36,408.39967149602273,7566b3dd58ba1b4b73cead9a88da4a0d93430742ea574afa5e3d674dbfd7a1c5,f000d324411431a807bac72657424c44472cc457a2b2f856442e941850c00046,0.13313161875945537,0.5274757312153303,1.0666666666666667,1686.5357865769986,5001,1.0,0.18965219801591493,recruitment,1.0,0.0502898069996074,0.2877899646999495,49affcfeb10b87bbfa98f51a,13.57975744800001,storm,7013,24bfb8b9aac5b87f9f268595cf4462964bd3a01da9d8089f51ed740d780fee86,30,0.35728693898134145
,0.07744615235615045,0.0,51.91220605722813,0,0.0035300050428643463,0.484393533900544,0.6759823043631309,0.2692889561270802,0.13978689982438636,51.15170376277958,1.0,0.9444444444444444,34,36,2471.049799649941,5c27fd92e06c33f2542baf1700cf25e04b52092d15caab1ec4dc802b1a93834e,f000d324411431a807bac72657424c44472cc457a2b2f856442e941850c00046,0.1346444780635401,0.8051934324011275,,1065.720917943257,6934,1.0,0.2562950905627008,adaptive,1.0,0.07692927823788799,0.4850942903769352,bfb94476851462b7be95614d,8.030123940999829,moving_front,7010,24bfb8b9aac5b87f9f268595cf4462964bd3a01da9d8089f51ed740d780fee86,24,0.07665153807362582
0,0.2638521180030257,0.0,135.42860407211293,0,0.1341401916288452,0.290814183379416,0.33284480584972265,0.7034795763993948,0.0,3.426295379906603,0.8333333333333334,0.6944444444444444,25,36,443.2631277888796,b9aa9c192ff362205c201c037cc4f3c7c2aba8b7e0c4fd0ef068255fea54f756,f000d324411431a807bac72657424c44472cc457a2b2f856442e941850c00046,0.17095310136157338,0.5342048033282903,0.0,2118.6651254018866,5525,1.0,0.2188373433279475,static_tuned,1.0,0.030857699727198883,0.28946041351487645,241cb8f958da8ab5b52bbf19,4.956254542000011,storm,7007,24bfb8b9aac5b87f9f268595cf4462964bd3a01da9d8089f51ed740d780fee86,0,0.46747352496217853
55,0.02768847705496722,0.0,33.75685514372164,0,0.0,0.4278897945512536,0.7603221129601613,0.04084720121028744,0.6145833333333333,11.12794790323027,0.9444444444444444,0.9166666666666666,33,36,455.8899958794989,e5eb0adce92def657b42daaff1168729498af6b7f7eacaec91555308393fbb04,f000d324411431a807bac72657424c44472cc457a2b2f856442e941850c00046,0.06656580937972768,0.8194575769036812,5.433333333333334,1832.047758298494,6845,1.0,0.42401065120357656,economic,0.8908219868885526,0.1993711292620789,0.427209404942007,f276a2290911a3d323dc145f,15.099280349999844,sensor_fault,7005,24bfb8b9aac5b87f9f268595cf4462964bd3a01da9d8089f51ed740d780fee86,55,0.009077155824508321
45,0.03451809280258889,0.0,35.751492451879955,0,0.0,0.4638138267020543,0.7528016269241284,0.19364599092284418,0.4153205599144097,12.981737197482417,0.9428571428571428,0.9428571428571428,33,35,521.1705733350357,0eaaad553c80db6664d9a551f5b55b53a649071324c5a65ea020b06da777986c,f000d324411431a807bac72657424c44472cc457a2b2f856442e941850c00046,0.3373676248108926,0.821627933726586,4.5,1454.6936871154758,9565,1.0,0.36122632238066105,deadline_fusion,1.0,0.09509637153114502,0.4629376743571749,9a6d122edc44b91f3d3644f3,38.24322328900007,moving_front,7001,24bfb8b9aac5b87f9f268595cf4462964bd3a01da9d8089f51ed740d780fee86,45,0.040090771558245086
,0.05300805085744481,0.0,60.11636585129223,0,0.03504790721129601,0.5202939943709871,0.5865961555170723,0.4281391830559758,0.04497052095316409,0.8931519493287617,0.9444444444444444,0.8611111111111112,31,36,363.79884945996434,5bd218142e142fa4278b4a5cda21ab3f6b168aad1e4f87cf0725f2f9c148a9ed,f000d324411431a807bac72657424c44472cc457a2b2f856442e941850c00046,0.03479576399394856,0.8343268723406373,,2496.9123129089376,3580,1.0,0.2789310900704548,fixed_ring,1.0,0.119612693905052,0.5195165621138417,9db2884c56d0275802b31a49,4.917439826999953,moving_front,7000,24bfb8b9aac5b87f9f268595cf4462964bd3a01da9d8089f51ed740d780fee86,0,0.2453353504790721
51,0.048484179627158334,0.0,37.16399050135675,0,0.0,0.49403923800058736,0.7669468820554572,0.18305597579425115,0.4098467231726469,13.872961656387231,0.9444444444444444,0.9444444444444444,34,36,517.226347001207,a045df01d14234cb96176801d87713dde0c5b1030233001228c3094e00dd4a73,f000d324411431a807bac72657424c44472cc457a2b2f856442e941850c00046,0.2708018154311649,0.8232355022998894,5.1,1463.6415200787021,8784,1.0,0.2380278514797661,deadline_fusion,0.9994957135653051,0.10019852998001458,0.49584682377480654,e25cd2d8ba90ee0d7cc75cd5,45.9157768,moving_front,7011,24bfb8b9aac5b87f9f268595cf4462964bd3a01da9d8089f51ed740d780fee86,51,0.015128593040847202
30,0.03748266515380736,0.0,39.768146432173474,0,0.0,0.41168021163470525,0.7160867372667674,0.046898638426626324,0.5677083333333333,6.894179939463195,0.9166666666666666,0.9166666666666666,33,36,428.57014853403723,5f8536aad221b558feae01abd9e48012ffd43f0d986448ef31076303591affbe,f000d324411431a807bac72657424c44472cc457a2b2f856442e941850c00046,0.02723146747352496,0.7914302824004033,2.9,1955.775895132146,5459,1.0,0.48868046037684176,deadline_fusion,1.0,0.1897167343488983,0.41080433686333834,a572bc9c2c6c72ea52a08186,47.51991328200006,sensor_fault,7000,24bfb8b9aac5b87f9f268595cf4462964bd3a01da9d8089f51ed740d780fee86,30,0.007564296520423601
0,0.24855017650025218,0.0,131.3427808245083,0,0.12708018154311648,0.3034104188243291,0.3241537443267775,0.7201210287443268,0.0,3.457077730761695,0.8333333333333334,0.6666666666666666,24,36,443.2451710480657,20cbee7be12f3041b6f80dfbab6cf06c7cd24e2dceeb098a373acea1952196d8,f000d324411431a807bac72657424c44472cc457a2b2f856442e941850c00046,0.18910741301059,0.5517208774583964,0.0,2116.1913451954406,5828,1.0,0.3915505955757101,static_tuned,1.0,0.054398307500503805,0.3034780005042864,d391969fb43e21ba4b81d8f8,4.505047443000194,storm,7018,24bfb8b9aac5b87f9f268595cf4462964bd3a01da9d8089f51ed740d780fee86,0,0.48814926878466963
39,0.30920637922339883,0.0,138.01937563035804,0,0.04589006555723651,0.2603059493176455,0.3404169818456883,0.7049924357034796,0.005208333333333333,9.39612744346126,0.7777777777777778,0.6388888888888888,23,36,450.35433036038046,12c2676d5d2da4bfdacb5c9a6312d12b90a39b080a71ade938e7b16bbaabf086,f000d324411431a807bac72657424c44472cc457a2b2f856442e941850c00046,0.10741301059001512,0.4804904185577407,3.8333333333333335,1270.0481280373208,4807,1.0,0.2366997104905138,economic,1.0,0.07977050770441356,0.26070820726172467,031f315da11c4ba917e8ec69,15.584291437000047,storm,7019,24bfb8b9aac5b87f9f268595cf4462964bd3a01da9d8089f51ed740d780fee86,39,0.28441754916792733
33,0.26858768280383255,0.0,134.96627584467976,0,0.11018658598083711,0.30733406702167815,0.3243586106908724,0.7201210287443268,0.0,4.961872722438466,0.6388888888888888,0.3888888888888889,14,36,408.23363868793007,5f8536aad221b558feae01abd9e48012ffd43f0d986448ef31076303591affbe,f000d324411431a807bac72657424c44472cc457a2b2f856442e941850c00046,0.08018154311649017,0.5436128971255674,1.1666666666666667,1767.833456308684,4079,1.0,0.2772506520380142,greedy_sparse,1.0,0.04580162091674493,0.30648796016137164,c885ac6fb8a590787f089ee4,13.15289962899999,storm,7000,24bfb8b9aac5b87f9f268595cf4462964bd3a01da9d8089f51ed740d780fee86,33,0.4556227937468482
,0.03239252395360564,0.0,40.35969805849722,0,0.0,0.4221303437649463,0.7015727433182046,0.05597579425113464,0.5572916666666666,0.8862015632266369,0.9166666666666666,0.8888888888888888,32,36,363.4273542521495,6ef10a6f8528f48913779ce02125f8ae67ac504fa24b04f7d539448adf330dc7,f000d324411431a807bac72657424c44472cc457a2b2f856442e941850c00046,0.024205748865355523,0.7922497478567825,,2497.1390410020736,5681,0.9667170953101362,0.5660216024602274,fixed_ring,0.9513363590519414,0.1947882069968916,0.42373455622793743,b7411d080f5a4eab4072bf2f,4.720819929999834,sensor_fault,7012,24bfb8b9aac5b87f9f268595cf4462964bd3a01da9d8089f51ed740d780fee86,0,0.019919314170448815
45,0.040882640312982915,0.0,34.99179928592876,0,0.0,0.46585684594590154,0.778900037465009,0.12708018154311648,0.4683682160326754,12.07554083160603,0.9722222222222222,0.9722222222222222,35,36,502.7310148984225,ddbf34503eff23fbcd394039890145ec197c5f33f339d9222c1ea54ac42702a6,f000d324411431a807bac72657424c44472cc457a2b2f856442e941850c00046,0.37367624810892586,0.8174325280350111,4.466666666666667,1533.5421101812929,10318,1.0,0.24726114041298333,fungal,1.0,0.09291801785200957,0.4651116860151797,5edfb422193a6f2292919a95,14.41820950500005,moving_front,7003,24bfb8b9aac5b87f9f268595cf4462964bd3a01da9d8089f51ed740d780fee86,45,0.005042864346949067
55,0.018910741301059002,0.0,31.476416729702468,0,0.0,0.4225030513638322,0.7558544503277861,0.03177004538577912,0.6354166666666665,11.216506179386954,1.0,1.0,36,36,457.3990861808459,50b7b3fbf7cedf803850a0428d40ee1ccc4080b783db00698cf7730c8a755b36,f000d324411431a807bac72657424c44472cc457a2b2f856442e941850c00046,0.1361573373676248,0.8089699949571354,5.433333333333334,2011.241159093123,7809,1.0,0.33518883121601584,economic,0.9664649520927886,0.19626491566690302,0.4231435955622793,31d4a4335600917142702c64,13.794131020999885,sensor_fault,7011,24bfb8b9aac5b87f9f268595cf4462964bd3a01da9d8089f51ed740d780fee86,55,0.007564296520423601
18,0.32123045890065555,0.0,142.6204771810388,0,0.04185577407967725,0.26237442132185507,0.317542864346949,0.7140695915279879,0.0,5.8320051045332475,0.6944444444444444,0.4444444444444444,16,36,403.9024988265408,b549dfc41676c63078393edb7074f42e4f0927a271f4a7ecca93c1f6bdaa8078,f000d324411431a807bac72657424c44472cc457a2b2f856442e941850c00046,0.09228441754916793,0.4669219616742309,1.7666666666666666,1821.0642353129542,4231,1.0,0.3164496364062927,deadline_fusion,1.0,0.09477560483509306,0.2624732097831568,82eda8fd6984c7509d551839,40.907461959999864,storm,7015,24bfb8b9aac5b87f9f268595cf4462964bd3a01da9d8089f51ed740d780fee86,18,0.37997982854261214
,0.02846066565809379,0.0,47.57761283408977,0,0.0,0.4098923108313788,0.5567085854765506,0.3267776096822995,0.2708333333333333,0.8969304467682054,0.9444444444444444,0.9444444444444444,34,36,363.4283889819212,12c2676d5d2da4bfdacb5c9a6312d12b90a39b080a71ade938e7b16bbaabf086,f000d324411431a807bac72657424c44472cc457a2b2f856442e941850c00046,0.007564296520423601,0.7820931038830055,,2496.934566449235,3219,0.9989914271306103,0.4586286352680072,fixed_ring,0.9982349974785679,0.21255384831943538,0.4110486006051437,88cdff5d40ddb70aef5eca0b,5.805583434000255,sensor_fault,7019,24bfb8b9aac5b87f9f268595cf4462964bd3a01da9d8089f51ed740d780fee86,0,0.09001512859304085
,0.32147472264246085,0.0,133.21979009077157,0,0.007312153303076147,0.2810776617462216,0.37715109682299536,0.6777609682299546,0.005208333333333333,18.499097546464974,0.6111111111111112,0.5555555555555556,20,36,1005.0135020550005,7bba1255199adfdb1a1ba0c529b8275f13780540abed81a608a55c16f4b1390f,f000d324411431a807bac72657424c44472cc457a2b2f856442e941850c00046,0.1588502269288956,0.4805928517397882,,1716.2541828349429,6592,1.0,0.24846337067755334,adaptive,1.0,0.10491381140838285,0.2816754916792738,1b53ccf8e127059d603445ff,6.91687695600001,storm,7003,24bfb8b9aac5b87f9f268595cf4462964bd3a01da9d8089f51ed740d780fee86,9,0.1389309127584468
47,0.044894210543815635,0.0,38.57034702393168,0,0.0,0.483131517141111,0.7554258274512338,0.21936459909228442,0.35898117034371746,13.222855812536954,0.9444444444444444,0.9444444444444444,34,36,500.7037997342661,a9dc4e7a83ea86ea436568b7b9e6ff3f12c69e20d2897f78617ebd8a5771ceb1,f000d324411431a807bac72657424c44472cc457a2b2f856442e941850c00046,0.3313161875945537,0.8169692140960767,4.7,1443.7426971227271,9100,1.0,0.3277406153555411,fungal,1.0,0.09678590308293457,0.48404346416587035,258f37bc3e0d5472ec9274d3,15.346494739999798,moving_front,7008,24bfb8b9aac5b87f9f268595cf4462964bd3a01da9d8089f51ed740d780fee86,47,0.024710035300050427
,0.02552950075642965,0.0,30.028523701462433,0,0.0,0.38277848104125745,0.7840078164397377,0.0015128593040847202,0.6770833333333333,6.0390657662509035,0.9444444444444444,0.9444444444444444,34,36,552.2637084973144,ac5fa5d877e58450b21b5619aadcad71ab1db9e7cd210fd1cd516ef4a934c028,f000d324411431a807bac72657424c44472cc457a2b2f856442e941850c00046,0.5204236006051437,0.8052587619768028,,1947.2520669905657,12963,1.0,0.4297799157175904,adaptive,0.9702471003530005,0.17702999624303206,0.38190242057488644,2961832d96227f88da85fc31,11.345321529000103,sensor_fault,7014,24bfb8b9aac5b87f9f268595cf4462964bd3a01da9d8089f51ed740d780fee86,3,0.0
,0.053982286938981335,0.0,48.14284701210287,0,0.0,0.3332191293835845,0.6707245965708521,0.039334341906202726,0.546875,8.122326746534586,0.9166666666666666,0.9166666666666666,33,36,632.858967051983,b549dfc41676c63078393edb7074f42e4f0927a271f4a7ecca93c1f6bdaa8078,f000d324411431a807bac72657424c44472cc457a2b2f856442e941850c00046,0.12254160363086233,0.7252899646999494,,1925.3398983012146,7835,1.0,0.4194339490720182,adaptive,0.9795763993948563,0.1625497373621317,0.3333727307110439,273d03692d735f65200f2c4c,18.29322397399983,sensor_fault,7015,24bfb8b9aac5b87f9f268595cf4462964bd3a01da9d8089f51ed740d780fee86,5,0.010337871911245588
48,0.05266577363034607,0.0,38.98540866003147,0,0.0,0.4544308260777922,0.7549923983434115,0.13161875945537066,0.45619948877500305,14.104341505148492,0.9722222222222222,0.9444444444444444,34,36,535.7270103063854,5b23548e342cd0e105b412e1f6ff973e8f388f6fbedb3fc9e75b3089b159ddd9,f000d324411431a807bac72657424c44472cc457a2b2f856442e941850c00046,0.4069591527987897,0.8043241152428554,4.783333333333333,1484.226885478448,10859,1.0,0.18687258621873956,fungal,1.0,0.09080118994715818,0.4548046464422334,00b51568492032d52adea019,14.250325042999975,moving_front,7002,24bfb8b9aac5b87f9f268595cf4462964bd3a01da9d8089f51ed740d780fee86,48,0.009329299041855775
43,0.26815431164901665,0.0,121.45750598840142,0,0.009077155824508321,0.288514432971101,0.3837698562783661,0.6853252647503782,0.026041666666666664,6.582143831049578,0.7222222222222222,0.7222222222222222,26,36,443.44800222099565,6ef10a6f8528f48913779ce02125f8ae67ac504fa24b04f7d539448adf330dc7,f000d324411431a807bac72657424c44472cc457a2b2f856442e941850c00046,0.1588502269288956,0.5211012355017649,1.5,1414.141555820744,6404,1.0,0.3470318437249358,recruitment,1.0,0.07772757911102258,0.2883809253656076,45eba3216435eb9a3d155367,16.04718227000012,storm,7012,24bfb8b9aac5b87f9f268595cf4462964bd3a01da9d8089f51ed740d780fee86,43,0.2158345940494201
41,0.2850085098335855,0.0,133.90762890821986,0,0.04815935451336359,0.2840843481643559,0.3407636787695411,0.7004538577912254,0.0,10.21455888489242,0.6666666666666666,0.5,18,36,465.5041708284069,5f8536aad221b558feae01abd9e48012ffd43f0d986448ef31076303591affbe,f000d324411431a807bac72657424c44472cc457a2b2f856442e941850c00046,0.07564296520423601,0.5022692889561271,4.083333333333333,1244.2914869245765,4330,1.0,0.27779198373274494,economic,1.0,0.05187767045480288,0.2836453605648008,79ca7b914a9ea59c47c539fa,13.183504330000005,storm,7000,24bfb8b9aac5b87f9f268595cf4462964bd3a01da9d8089f51ed740d780fee86,41,0.3454362077660111
31,0.024103315683308122,0.0,32.305337556732226,0,0.0,0.40411083967535905,0.7567448310640443,0.02118003025718608,0.6197916666666666,9.398941448735421,0.9428571428571428,0.9428571428571428,33,35,459.60854130892153,9b5a428363b62ad024a6d518c6bdc283191d1cf8739502f5298786104f688bf6,f000d324411431a807bac72657424c44472cc457a2b2f856442e941850c00046,0.1588502269288956,0.8059915532022186,3.1,1888.3210233080645,8560,1.0,0.4881049001509587,deadline_fusion,0.8973777105395865,0.21370011639533873,0.4035158219868885,bb9c93d222525bae8f9ce8ff,45.745418021000205,sensor_fault,7001,24bfb8b9aac5b87f9f268595cf4462964bd3a01da9d8089f51ed740d780fee86,31,0.0057992939989914265
32,0.29900245839636913,0.0,130.6710161371659,0,0.014624306606152293,0.2777893377145095,0.3685624684820978,0.6838124054462935,0.026041666666666664,9.790276133390682,0.5833333333333334,0.4166666666666667,15,36,466.8182551826878,e5eb0adce92def657b42daaff1168729498af6b7f7eacaec91555308393fbb04,f000d324411431a807bac72657424c44472cc457a2b2f856442e941850c00046,0.11649016641452345,0.48208995209278865,3.2,1242.5033011675366,5280,1.0,0.3107686718894604,deadline_fusion,1.0,0.03778070699181559,0.27801941502773575,1674818ecacfe5afd2b09bc8,39.11429176799993,storm,7005,24bfb8b9aac5b87f9f268595cf4462964bd3a01da9d8089f51ed740d780fee86,32,0.2160867372667675
,0.058729654178059594,0.0,39.521853616192224,0,0.0,0.4959284438807584,0.7699589609511812,0.11497730711043873,0.46437098982673025,41.6376180503016,0.9722222222222222,0.9722222222222222,35,36,2098.541169802835,760400fc1b0b776e9c52ee32311a1069b16aa52520e6f2d9a36a2dd8b57f7ebd,f000d324411431a807bac72657424c44472cc457a2b2f856442e941850c00046,0.2753403933434191,0.8136831048135335,,998.2446020323273,9770,1.0,0.3411411952499685,adaptive,1.0,0.0700029676870238,0.49748751557542314,311f1015cc971ca96a543420,10.136299687000019,moving_front,7012,24bfb8b9aac5b87f9f268595cf4462964bd3a01da9d8089f51ed740d780fee86,15,0.01210287443267776
,0.05457020678436144,0.0,43.13698954157941,0,0.0002521432173474533,0.4903939384477391,0.706514219933488,0.23751891074130105,0.23432548928541636,39.32267911510986,0.9722222222222222,0.9444444444444444,34,36,2004.450167343619,5bd218142e142fa4278b4a5cda21ab3f6b168aad1e4f87cf0725f2f9c148a9ed,f000d324411431a807bac72657424c44472cc457a2b2f856442e941850c00046,0.2254160363086233,0.8194035331004207,,704.653696320659,7814,1.0,0.2748306497604743,adaptive,1.0,0.09442387363957712,0.4898821412384552,b79cd3b55ca1ad9a010ded04,7.2992068769999605,moving_front,7000,24bfb8b9aac5b87f9f268595cf4462964bd3a01da9d8089f51ed740d780fee86,15,0.05950579929399898
,0.07009037714428205,0.0,43.550635870148845,0,0.0,0.5167658638294742,0.7545190568580217,0.12859304084720122,0.4661794501325591,42.69659110548158,0.9444444444444444,0.9444444444444444,34,36,2185.2841070202576,5b23548e342cd0e105b412e1f6ff973e8f388f6fbedb3fc9e75b3089b159ddd9,f000d324411431a807bac72657424c44472cc457a2b2f856442e941850c00046,0.2783661119515885,0.8192109051050607,,1012.4870176762101,9682,1.0,0.19438019201181714,adaptive,1.0,0.08780120484658747,0.5168982028454037,1ed3fe0c8b53215c5ead7094,8.182488644999921,moving_front,7002,24bfb8b9aac5b87f9f268595cf4462964bd3a01da9d8089f51ed740d780fee86,10,0.02370146243066061
47,0.05405444317959191,0.0,48.13210429322852,0,0.0027735753908219862,0.4684404145558683,0.6709350437952202,0.3267776096822995,0.09277625954525259,12.726758107282897,0.9444444444444444,0.8888888888888888,32,36,505.2925702167403,277879760b7636cf423ed8f2b038495b33a699b960bf9fcac3c05a45a91ae287,f000d324411431a807bac72657424c44472cc457a2b2f856442e941850c00046,0.1649016641452345,0.8055070743065387,4.616666666666666,1581.9587083933452,6680,1.0,0.32319931410176733,deadline_fusion,1.0,0.09454061405777935,0.4686448960899686,5554a552b6f308c82b34d2e6,47.46028078900008,moving_front,7015,24bfb8b9aac5b87f9f268595cf4462964bd3a01da9d8089f51ed740d780fee86,47,0.1031265758951084
0,0.26464006555723646,0.0,135.0894320474029,0,0.13968734241048913,0.3022161449726619,0.3379270675743821,0.6898638426626323,0.0,3.4337494750639865,0.7222222222222222,0.4166666666666667,15,36,443.31147518130757,5f8536aad221b558feae01abd9e48012ffd43f0d986448ef31076303591affbe,f000d324411431a807bac72657424c44472cc457a2b2f856442e941850c00046,0.1573373676248109,0.5452833459404941,0.0,2117.9997919016705,5421,1.0,0.2743600921788988,static_tuned,1.0,0.052488542557347855,0.30095656833081186,68ff0cfc12fb669e62a2bfaa,4.3838138260000505,storm,7000,24bfb8b9aac5b87f9f268595cf4462964bd3a01da9d8089f51ed740d780fee86,0,0.480584972264246
,0.02933528744326777,0.0,35.281848840141194,0,0.0,0.3516837831227187,0.7379837997982853,0.018154311649016642,0.6145833333333333,4.108174916429603,0.9428571428571428,0.9428571428571428,33,35,490.6780173709801,9b5a428363b62ad024a6d518c6bdc283191d1cf8739502f5298786104f688bf6,f000d324411431a807bac72657424c44472cc457a2b2f856442e941850c00046,0.4236006051437216,0.7719994957135653,,1946.9577361469367,11911,1.0,0.4998800710188363,adaptive,0.8908219868885526,0.1888919118005382,0.34950989662128085,3b34b0daa9e60f311aa21871,11.271380159000046,sensor_fault,7001,24bfb8b9aac5b87f9f268595cf4462964bd3a01da9d8089f51ed740d780fee86,1,0.004286434694906706
55,0.057139475532463346,0.0,49.093033776270296,0,0.017650025214321737,0.4657367197284281,0.6648649544230614,0.30257186081694404,0.07297811469069869,8.215524732333792,0.9166666666666666,0.8611111111111112,31,36,456.44313790607174,5c27fd92e06c33f2542baf1700cf25e04b52092d15caab1ec4dc802b1a93834e,f000d324411431a807bac72657424c44472cc457a2b2f856442e941850c00046,0.22390317700453857,0.8042165264314447,1.8333333333333333,1600.0646029614506,7133,1.0,0.2415254840884034,greedy_sparse,1.0,0.08711129954805942,0.46342429252136963,a144b66f54807e1b4147e8df,15.609496726000089,moving_front,7010,24bfb8b9aac5b87f9f268595cf4462964bd3a01da9d8089f51ed740d780fee86,55,0.15607665153807362
46,0.040130168935955626,0.0,39.670953101361576,0,0.0,0.38527480305526474,0.7249590267271809,0.030257186081694403,0.5989583333333333,8.87125984783086,0.9444444444444444,0.9444444444444444,34,36,433.0558505336169,fb367cc0d79aa8d9c98eb2a529262d3fdb12211bf1a4b9a1df875515bb387ab8,f000d324411431a807bac72657424c44472cc457a2b2f856442e941850c00046,0.2783661119515885,0.7656407589510842,4.6,1846.9899824221843,10180,1.0,0.3518809763855026,economic,0.9314170448814927,0.17682767205652086,0.3854718229954614,bca0d0f1f9f3014eb167018f,17.59635641199975,sensor_fault,7002,24bfb8b9aac5b87f9f268595cf4462964bd3a01da9d8089f51ed740d780fee86,46,0.0017650025214321732
37,0.25371911245587486,0.0,127.09058245083207,0,0.0675743822491175,0.30124502758982913,0.33960539586485117,0.697428139183056,0.0,5.623972053802671,0.6111111111111112,0.3888888888888889,14,36,421.19377090739715,e5eb0adce92def657b42daaff1168729498af6b7f7eacaec91555308393fbb04,f000d324411431a807bac72657424c44472cc457a2b2f856442e941850c00046,0.0907715582450832,0.5301783913262733,1.2666666666666666,1687.880177797512,4353,1.0,0.3094036066206773,greedy_sparse,1.0,0.03750044418660533,0.3012717473524962,a7efab5c24093971e428cba6,13.693802899000048,storm,7005,24bfb8b9aac5b87f9f268595cf4462964bd3a01da9d8089f51ed740d780fee86,37,0.39309127584467973
,0.3946829299041855,0.0,168.77840550932927,0,0.41200201714573875,0.34447991900241665,0.28183308119011596,0.735249621785174,0.0,1.2061932169634952,0.6944444444444444,0.3333333333333333,12,36,363.9333217290174,5f8536aad221b558feae01abd9e48012ffd43f0d986448ef31076303591affbe,f000d324411431a807bac72657424c44472cc457a2b2f856442e941850c00046,0.0529500756429652,0.5954677256681795,,2491.581333259361,3450,1.0,0.27967685890979255,fixed_ring,1.0,0.057991583522059055,0.34367120524457884,3f1fa01fb6200899d5ab35cc,3.8427264619999733,storm,7000,24bfb8b9aac5b87f9f268595cf4462964bd3a01da9d8089f51ed740d780fee86,0,0.6313666162380231
39,0.258320726172466,0.0,119.18360753908219,0,0.00605143721633888,0.28499711683479606,0.39867782400403423,0.6686838124054463,0.057291666666666664,9.48551193365793,0.8055555555555556,0.6944444444444444,25,36,468.0096830876065,ac5fa5d877e58450b21b5619aadcad71ab1db9e7cd210fd1cd516ef4a934c028,f000d324411431a807bac72657424c44472cc457a2b2f856442e941850c00046,0.1664145234493192,0.5049955874936963,3.7666666666666666,1829.5990138859875,6469,1.0,0.3779615091520349,deadline_fusion,1.0,0.04279444117034516,0.2856940242057488,cf8e9904959f9f025dff7dae,51.518210042999954,storm,7014,24bfb8b9aac5b87f9f268595cf4462964bd3a01da9d8089f51ed740d780fee86,39,0.17523953605648007
50,0.04156440450940185,0.0,36.55741863847668,0,0.0,0.48584459159720306,0.758439106047397,0.21331316187594554,0.4058256849959798,13.313999140482176,0.9444444444444444,0.9444444444444444,34,36,512.2343672208972,6e2d005a512f8f795588b53a08d35435fd833e215d9a9396f9ada02b8104fa48,f000d324411431a807bac72657424c44472cc457a2b2f856442e941850c00046,0.32223903177004537,0.8148324483252605,4.983333333333333,1473.9192528124336,9692,1.0,0.1927582530052663,deadline_fusion,1.0,0.08505356140015441,0.4852471356659936,3b46aec8ffba1c0f4eabe812,41.032500346999996,moving_front,7009,24bfb8b9aac5b87f9f268595cf4462964bd3a01da9d8089f51ed740d780fee86,50,0.020675743822491176
0,0.022141326273323245,0.0,37.996446356530505,0,0.0,0.39391921220587744,0.6903838880484114,0.10136157337367625,0.49999999999999994,3.0959928416734974,0.9722222222222222,0.9722222222222222,35,36,442.918501497535,fded3c51bb367e0df8af6f8249b634fefe0cc389845c26618e90a9b29d9c3139,f000d324411431a807bac72657424c44472cc457a2b2f856442e941850c00046,0.03479576399394856,0.7851109430156328,0.0,2121.9512126971326,5722,1.0,0.3618563595838509,static_tuned,0.9715078164397379,0.16493695360553548,0.39435987140695905,ffde7adbac87402b39d4717f,5.925888312000097,sensor_fault,7017,24bfb8b9aac5b87f9f268595cf4462964bd3a01da9d8089f51ed740d780fee86,0,0.0226928895612708
49,0.04406477322265252,0.0,37.70973118312423,0,0.0,0.46926973520165294,0.7464645630016227,0.19969742813918306,0.355581008208524,13.548775793878281,0.9444444444444444,0.9166666666666666,33,36,520.0920931635094,0aace0ec30ee371a7c2663e2411d8b6b713bd3c12b78091846cea85ee9e6f3b4,f000d324411431a807bac72657424c44472cc457a2b2f856442e941850c00046,0.31316187594553707,0.8106236248126212,4.866666666666666,1529.859275518962,9210,1.0,0.18278070795868992,fungal,1.0,0.12149969707033079,0.46755198786506746,e318f34c720c500f0e6bef0a,17.22918807500014,moving_front,7013,24bfb8b9aac5b87f9f268595cf4462964bd3a01da9d8089f51ed740d780fee86,49,0.022188603126575893
53,0.053599491175155736,0.0,41.686457652684226,0,0.0012607160867372667,0.48319640614091,0.723979763110649,0.2844175491679274,0.26894905565084537,7.966405372401008,0.9722222222222222,0.9166666666666666,33,36,461.9256258877383,33909bb95a53710954872d70bc5591af92a450651324e9fef7a21e0a1cd4da1e,f000d324411431a807bac72657424c44472cc457a2b2f856442e941850c00046,0.291981845688351,0.8159498626932326,1.7833333333333334,1697.7306280419004,8471,1.0,0.256263568580753,recruitment,1.0,0.08686469937224683,0.4836991052311453,64e193d210072e96d96e71b6,15.264413977000004,moving_front,7004,24bfb8b9aac5b87f9f268595cf4462964bd3a01da9d8089f51ed740d780fee86,53,0.09152798789712556
0,0.04210163112260938,0.0,40.69415140803934,0,0.0022692889561270802,0.4887421847671094,0.7112363507838807,0.291981845688351,0.2141313623904341,3.0749181936107863,0.9444444444444444,0.9444444444444444,34,36,443.70869154500605,5bd218142e142fa4278b4a5cda21ab3f6b168aad1e4f87cf0725f2f9c148a9ed,f000d324411431a807bac72657424c44472cc457a2b2f856442e941850c00046,0.2118003025718608,0.8279487083512234,0.0,2121.9713489266164,7120,1.0,0.28026425402627225,static_tuned,0.9959657085224406,0.12496853583130223,0.4886997950023516,912a18b876988a645198f26e,4.371178938000185,moving_front,7000,24bfb8b9aac5b87f9f268595cf4462964bd3a01da9d8089f51ed740d780fee86,0,0.08295511850731214
56,0.041022584202272706,0.0,35.5871722572414,0,0.0025214321734745334,0.4712887225471236,0.766802818684453,0.16187594553706505,0.42283791056149894,9.230499267123557,0.9722222222222222,0.9722222222222222,35,36,474.09154303173193,760400fc1b0b776e9c52ee32311a1069b16aa52520e6f2d9a36a2dd8b57f7ebd,f000d324411431a807bac72657424c44472cc457a2b2f856442e941850c00046,0.394856278366112,0.8164779451944509,1.9,1343.7754774513103,10222,1.0,0.3458159777424434,greedy_sparse,1.0,0.08419919984339592,0.46958455850442793,c06d043f566cce436f803244,17.017050186999995,moving_front,7012,24bfb8b9aac5b87f9f268595cf4462964bd3a01da9d8089f51ed740d780fee86,56,0.03706505295007564
40,0.29754475542107917,0.0,130.2623865355522,0,0.013867876954109933,0.2665587715404245,0.36621438477054963,0.686838124054463,0.03125,9.918746487792921,0.6388888888888888,0.5,18,36,456.3667600678834,7566b3dd58ba1b4b73cead9a88da4a0d93430742ea574afa5e3d674dbfd7a1c5,f000d324411431a807bac72657424c44472cc457a2b2f856442e941850c00046,0.1361573373676248,0.48729828542612197,4.0,1350.4073580080596,5602,1.0,0.18953400644763707,economic,1.0,0.04693194458087666,0.2672166540595058,2141436ef714aeeeec23cbbd,13.177760884000008,storm,7013,24bfb8b9aac5b87f9f268595cf4462964bd3a01da9d8089f51ed740d780fee86,40,0.20196671709531014
,0.05761419844136905,0.0,39.60859583107371,0,0.0,0.5098041753107952,0.7565140309290704,0.13767019667170954,0.4262376204219031,41.2977923302446,1.0,1.0,36,36,2082.3382000116594,5e29696557cda66a921641f993e950ae2ed95f14de01a827d8e1fe0231f9c807,f000d324411431a807bac72657424c44472cc457a2b2f856442e941850c00046,0.24205748865355523,0.8235288191829749,,1082.088327219307,9495,1.0,0.20842161990964697,adaptive,1.0,0.07727295399365121,0.5094945988537459,410572d53d188480fd5194ff,10.279621965999922,moving_front,7016,24bfb8b9aac5b87f9f268595cf4462964bd3a01da9d8089f51ed740d780fee86,15,0.030509329299041852
42,0.25636661623802315,0.0,121.52314201966718,0,0.018406454866364094,0.28280760462942617,0.37479513363590516,0.6944024205748865,0.03645833333333333,11.830775080564928,0.6571428571428571,0.6,21,35,494.736592450809,9b5a428363b62ad024a6d518c6bdc283191d1cf8739502f5298786104f688bf6,f000d324411431a807bac72657424c44472cc457a2b2f856442e941850c00046,0.11346444780635401,0.5138836359051941,4.183333333333334,1468.0465636798733,5403,1.0,0.3672763106628126,economic,1.0,0.08200952101648597,0.28222705496722134,3137c17cc950bfede3421b94,16.191689515999997,storm,7001,24bfb8b9aac5b87f9f268595cf4462964bd3a01da9d8089f51ed740d780fee86,42,0.21734745335350478
38,0.29730837115481595,0.0,138.31540752647504,0,0.062279374684820976,0.2711842703745288,0.32561932677760963,0.7140695915279879,0.0,5.305714334829029,0.7777777777777778,0.6944444444444444,25,36,419.6432732384168,12c2676d5d2da4bfdacb5c9a6312d12b90a39b080a71ade938e7b16bbaabf086,f000d324411431a807bac72657424c44472cc457a2b2f856442e941850c00046,0.1059001512859304,0.5024741553202219,1.4166666666666667,1701.446179953266,4503,1.0,0.23625036631565768,recruitment,1.0,0.08192502740014734,0.27190494200706,5504da8d3224ee23620ec1e7,12.840941136000083,storm,7019,24bfb8b9aac5b87f9f268595cf4462964bd3a01da9d8089f51ed740d780fee86,38,0.38527483610690877
0,0.301405698436712,0.0,144.630058623298,0,0.13212304589006557,0.26209354874110286,0.32193961169944524,0.697428139183056,0.0,3.4514989462269514,0.6388888888888888,0.3888888888888889,14,36,443.2692543657686,5772c05e39ffe56db9fe4d550c615751b591862ac0732ff00bde5b9c136479f3,f000d324411431a807bac72657424c44472cc457a2b2f856442e941850c00046,0.16792738275340394,0.49892839132627326,0.0,2118.8691896805003,5757,1.0,0.2968113815754282,static_tuned,1.0,0.044943401401439244,0.26263079929399896,e42393cd7c18404f31a39664,4.8234921830000985,storm,7006,24bfb8b9aac5b87f9f268595cf4462964bd3a01da9d8089f51ed740d780fee86,0,0.467725668179526
43,0.26831190115985876,0.0,124.58880956883507,0,0.010842158345940493,0.2929834095032448,0.3665925995965708,0.6898638426626323,0.010416666666666666,11.401286941510834,0.5833333333333334,0.3888888888888889,14,36,491.28906976383786,e5eb0adce92def657b42daaff1168729498af6b7f7eacaec91555308393fbb04,f000d324411431a807bac72657424c44472cc457a2b2f856442e941850c00046,0.09379727685325265,0.5148528113968733,4.283333333333333,1408.5834007170713,4732,1.0,0.3092316578267885,economic,1.0,0.03828569902495315,0.293597138174483,112956aa4e380de6d0ad4eae,15.410867191999955,storm,7005,24bfb8b9aac5b87f9f268595cf4462964bd3a01da9d8089f51ed740d780fee86,43,0.2793746848209783
46,0.27281108169440244,0.0,127.02770423600604,0,0.023197175995965706,0.28123508026421656,0.3524253025718608,0.7140695915279879,0.020833333333333332,6.372011827018695,0.6944444444444444,0.5,18,36,429.70222375266866,1ffbd60f44c9f81edacbd6236060262a241240e41dabbe8776c51fac2266503a,f000d324411431a807bac72657424c44472cc457a2b2f856442e941850c00046,0.13313161875945537,0.5147267397881997,1.7,1598.79026147286,5412,1.0,0.24580260035461812,greedy_sparse,1.0,0.06346525633709588,0.2817227685325265,7de2ed73bc14dfcf3a5fd06d,13.507118017999915,storm,7004,24bfb8b9aac5b87f9f268595cf4462964bd3a01da9d8089f51ed740d780fee86,46,0.2970247100353
,0.029327407967725663,0.0,40.963975037821484,0,0.0,0.34090468547209746,0.6889419440242056,0.06959152798789713,0.546875,14.774042781490959,0.9722222222222222,0.9722222222222222,35,36,908.8621093759748,fded3c51bb367e0df8af6f8249b634fefe0cc389845c26618e90a9b29d9c3139,f000d324411431a807bac72657424c44472cc457a2b2f856442e941850c00046,0.1361573373676248,0.7488889939485627,,1839.9251821545927,8072,1.0,0.3615544886738746,adaptive,0.9838628340897628,0.1573648779045228,0.3416619389813414,69dbece191668de89ea5f275,9.174305412999729,sensor_fault,7017,24bfb8b9aac5b87f9f268595cf4462964bd3a01da9d8089f51ed740d780fee86,11,0.008825012607160867
,0.021014561270801816,0.0,51.270565431164904,0,0.0035300050428643463,0.42711217718545713,0.4891499621785174,0.4720121028744327,0.19791666666666666,0.9046291549518344,0.9722222222222222,0.9722222222222222,35,36,363.4350259420793,fded3c51bb367e0df8af6f8249b634fefe0cc389845c26618e90a9b29d9c3139,f000d324411431a807bac72657424c44472cc457a2b2f856442e941850c00046,0.0,0.7871832450832073,,2495.799618313338,2359,1.0,0.3632194597050551,fixed_ring,0.948310640443772,0.17264906362074112,0.42695726172465953,b7860a62e0e6c65b0f0bf0c5,5.600954686000023,sensor_fault,7017,24bfb8b9aac5b87f9f268595cf4462964bd3a01da9d8089f51ed740d780fee86,0,0.17650025214321732
,0.01679116238023197,0.0,37.70589069591528,0,0.0007564296520423601,0.44492541672920455,0.6391909354513362,0.19364599092284418,0.37499999999999994,0.9205069469829179,0.9722222222222222,0.9722222222222222,35,36,363.4398335052346,e5eb0adce92def657b42daaff1168729498af6b7f7eacaec91555308393fbb04,f000d324411431a807bac72657424c44472cc457a2b2f856442e941850c00046,0.0030257186081694403,0.8299136409480583,,2496.7146585008295,3400,1.0,0.42225069491703443,fixed_ring,0.8908219868885526,0.2332838099216526,0.44474123802319726,b030400b335f018bc3bd840a,5.445148695000171,sensor_fault,7005,24bfb8b9aac5b87f9f268595cf4462964bd3a01da9d8089f51ed740d780fee86,0,0.061775088250126065
49,0.027530887544125058,0.0,40.09691754916792,0,0.0,0.38913000192712105,0.6824886535552194,0.0832072617246596,0.5260416666666666,6.346533845775214,1.0,1.0,36,36,423.99138198424475,c0265f2f5da1b8f1e6334a7d1da15d24852be86831d4583cf0a020b238d73be2,f000d324411431a807bac72657424c44472cc457a2b2f856442e941850c00046,0.036308623298033284,0.7835902042360059,1.6666666666666667,1869.7665914230874,5724,1.0,0.2630984983073751,recruitment,0.9576399394856279,0.179585963021875,0.3894194402420575,c788fa2aae3eea2ac87ecc92,13.488551161000032,sensor_fault,7010,24bfb8b9aac5b87f9f268595cf4462964bd3a01da9d8089f51ed740d780fee86,49,0.026727181038830056
,0.08992045628305541,0.0,51.41847560457474,0,0.008068582955118506,0.465581059012018,0.7019466665625733,0.2042360060514372,0.14777011824618472,37.313656580508834,0.9722222222222222,0.9166666666666666,33,36,1964.1476629084686,a045df01d14234cb96176801d87713dde0c5b1030233001228c3094e00dd4a73,f000d324411431a807bac72657424c44472cc457a2b2f856442e941850c00046,0.3827534039334342,0.7959702758893971,,737.6007969452825,10944,1.0,0.23999532473595153,adaptive,1.0,0.07301450421963486,0.46494958409750414,7af48dd14327e9debbe98944,9.801077278000093,moving_front,7011,24bfb8b9aac5b87f9f268595cf4462964bd3a01da9d8089f51ed740d780fee86,10,0.0718608169440242
34,0.2715346066565809,0.0,125.27483610690871,0,0.00302571860816944,0.2705207657031143,0.3713045259707513,0.6883509833585476,0.03645833333333333,9.529458610060765,0.6285714285714286,0.6,21,35,449.25736362314217,9b5a428363b62ad024a6d518c6bdc283191d1cf8739502f5298786104f688bf6,f000d324411431a807bac72657424c44472cc457a2b2f856442e941850c00046,0.12708018154311648,0.4912695410993444,3.3333333333333335,1631.9722172719262,5627,1.0,0.36656064776154046,fungal,1.0,0.0770720369843145,0.2694150277357539,69339c733bbe9a64eda85c12,17.300216485000078,storm,7001,24bfb8b9aac5b87f9f268595cf4462964bd3a01da9d8089f51ed740d780fee86,34,0.20146243066061523
57,0.044946499079338904,0.0,35.35786982102105,0,0.0,0.47753577883221504,0.7799480078584609,0.1422087745839637,0.44162251386311524,14.066117237382977,0.9444444444444444,0.9444444444444444,34,36,518.7345385223449,760400fc1b0b776e9c52ee32311a1069b16aa52520e6f2d9a36a2dd8b57f7ebd,f000d324411431a807bac72657424c44472cc457a2b2f856442e941850c00046,0.4462934947049924,0.8170924552012451,5.666666666666667,1500.5880034862328,11117,1.0,0.34554758440882544,economic,1.0,0.09016186305823194,0.47506246239198613,e1f081403801806346129938,17.634713622999925,moving_front,7012,24bfb8b9aac5b87f9f268595cf4462964bd3a01da9d8089f51ed740d780fee86,57,0.007060010085728693
0,0.028665532022188606,0.0,37.70120240796772,0,0.0,0.37445976601731423,0.7269604135148763,0.015128593040847202,0.609375,3.0981691969197183,0.9444444444444444,0.9444444444444444,34,36,443.14070766727815,1ffbd60f44c9f81edacbd6236060262a241240e41dabbe8776c51fac2266503a,f000d324411431a807bac72657424c44472cc457a2b2f856442e941850c00046,0.12556732223903178,0.7678470121028743,0.0,2121.755581043551,8244,1.0,0.2957211853371022,static_tuned,0.9087241553202219,0.18064356744347146,0.3754018532526474,f20d747412a136213dd0a92b,6.971768303000317,sensor_fault,7004,24bfb8b9aac5b87f9f268595cf4462964bd3a01da9d8089f51ed740d780fee86,0,0.0002521432173474533
35,0.3155257186081694,0.0,132.8641893595562,0,0.0,0.2629992003964191,0.3814454109934442,0.6792738275340393,0.046875,10.169704485419528,0.5833333333333334,0.4722222222222222,17,36,459.16762681033475,61fbc2c3c47ea0b2f394bf19d5d944ff33916305affd279efd1232b2237e443b,f000d324411431a807bac72657424c44472cc457a2b2f856442e941850c00046,0.14069591527987896,0.4722800050428643,3.4833333333333334,1108.481377467616,6310,1.0,0.32373947786998575,deadline_fusion,1.0,0.09139300280372968,0.26281202723146746,cae4f299528e2f7f5a242b64,37.334037540000054,storm,7008,24bfb8b9aac5b87f9f268595cf4462964bd3a01da9d8089f51ed740d780fee86,35,0.15305093292990418
,0.30654311649016636,0.0,131.08843135400906,0,0.014876449823499746,0.28996323761591386,0.368578227433182,0.6777609682299546,0.0,21.807723024058983,0.6944444444444444,0.4444444444444444,16,36,1182.8992585565557,e5eb0adce92def657b42daaff1168729498af6b7f7eacaec91555308393fbb04,f000d324411431a807bac72657424c44472cc457a2b2f856442e941850c00046,0.11346444780635401,0.5043021936459909,,1718.5368282290513,5390,1.0,0.3090217602793545,adaptive,1.0,0.051152877870014345,0.29047686585980836,54e447af3776410395c3580f,7.584028125000032,storm,7005,24bfb8b9aac5b87f9f268595cf4462964bd3a01da9d8089f51ed740d780fee86,16,0.19944528492183558
40,0.2877584467977811,0.0,129.56832293242562,0,0.005042864346949067,0.26299573205688814,0.3710760211800302,0.6853252647503782,0.041666666666666664,9.944735381263921,0.5555555555555556,0.4166666666666667,15,36,456.5842966227886,61fbc2c3c47ea0b2f394bf19d5d944ff33916305affd279efd1232b2237e443b,f000d324411431a807bac72657424c44472cc457a2b2f856442e941850c00046,0.1346444780635401,0.4768107034795764,3.9833333333333334,1240.5388881845738,5928,1.0,0.3239145882831187,economic,1.0,0.08827209794279645,0.263213880484115,4b75f2c77e0356de9b72f115,13.562759115999938,storm,7008,24bfb8b9aac5b87f9f268595cf4462964bd3a01da9d8089f51ed740d780fee86,40,0.1880988401412002
