accepted_moves,aoi_cap_fraction,calibration_fraction,capped_aoi_s,collision_steps,command_stale,conditional_expected,delivered,delivered_below_half_fraction,delivered_p10,distance_km,early_local_rate,early_report_rate,early_reports,eligible_targets,energy_wh,exogenous_sha256,extension_sha256,graph_connected,local_fresh,mean_recruited_vessels,min_separation_m,observations,offset_interval90,offset_rmse,policy,range_interval90,range_rmse,raw_scan,run_id,runtime_s,scenario,seed,source_sha256,switches,telemetry_stale
,0.011133698940998487,0.0,24.997714952092785,0,0.0,0.4247135701196217,0.7946608673726676,0.01361573373676248,0.6666666666666665,0.8809362909268135,1.0,1.0,35,35,363.4256357691253,9b5a428363b62ad024a6d518c6bdc283191d1cf8739502f5298786104f688bf6,f000d324411431a807bac72657424c44472cc457a2b2f856442e941850c00046,0.7670196671709532,0.8131776348966211,,2496.9576518641916,16428,1.0,0.4896665850363832,fixed_ring,0.9536056480080685,0.19246523500571353,0.42450674483106404,6515319156b5e517c6a60f53,6.357220049999796,sensor_fault,7001,24bfb8b9aac5b87f9f268595cf4462964bd3a01da9d8089f51ed740d780fee86,0,0.0020171457387796266
51,0.028945467481962896,0.0,24.77575859029418,0,0.0,0.5545341041796905,0.8475981161042546,0.028744326777609682,0.6332615233365718,13.06766232722989,0.9722222222222222,0.9722222222222222,35,36,505.2553422799497,5bd218142e142fa4278b4a5cda21ab3f6b168aad1e4f87cf0725f2f9c148a9ed,f000d324411431a807bac72657424c44472cc457a2b2f856442e941850c00046,0.6172465960665658,0.866183869222585,5.066666666666666,1562.3736131269707,14831,1.0,0.2808693924693917,deadline_fusion,1.0,0.11085247329050986,0.5530634007746407,782fb4cca9f901d93436e9f5,37.70699428800003,moving_front,7000,24bfb8b9aac5b87f9f268595cf4462964bd3a01da9d8089f51ed740d780fee86,51,0.0020171457387796266
,0.032274331820474025,0.0,34.455646432173474,0,0.0,0.407760687451766,0.7560277987897124,0.018154311649016642,0.65625,1.9627638887539725,0.9444444444444444,0.9444444444444444,34,36,378.94239159359495,12c2676d5d2da4bfdacb5c9a6312d12b90a39b080a71ade938e7b16bbaabf086,f000d324411431a807bac72657424c44472cc457a2b2f856442e941850c00046,0.6293494704992436,0.7834247352496218,,2405.7127830494164,14365,0.9992435703479576,0.4581826466101285,adaptive,0.9997478567826527,0.20987306394444882,0.40937815179021675,e77fce7b5cfc67d68f1cb633,11.333597120999912,sensor_fault,7019,24bfb8b9aac5b87f9f268595cf4462964bd3a01da9d8089f51ed740d780fee86,5,0.0030257186081694403
28,0.21646495209278868,0.0,96.06006524205748,0,0.0,0.3119375789103054,0.5263174483106404,0.6338880484114977,0.234375,7.511651271896632,0.7777777777777778,0.7777777777777778,28,36,437.3349929399508,956a9ceb80df2feb4bb3b76f79213a7f0cb93b60e4835d44d36852e549355e78,f000d324411431a807bac72657424c44472cc457a2b2f856442e941850c00046,0.31316187594553707,0.5713959278870399,2.7333333333333334,1964.469259601559,10816,1.0,0.1920113097432727,fungal,1.0,0.07413938777244304,0.3113968734241049,744ede6e5ae3511051f8dbd9,15.24457329300003,storm,7009,24bfb8b9aac5b87f9f268595cf4462964bd3a01da9d8089f51ed740d780fee86,28,0.009077155824508321
58,0.043411028043250116,0.0,28.6539331549947,0,0.0,0.5115476965116214,0.8395327714960032,0.028744326777609682,0.6482773903820107,9.241451579604474,0.9444444444444444,0.9444444444444444,34,36,482.71420170956674,5e29696557cda66a921641f993e950ae2ed95f14de01a827d8e1fe0231f9c807,f000d324411431a807bac72657424c44472cc457a2b2f856442e941850c00046,0.7367624810892587,0.8525239832329262,1.9333333333333333,1556.3676640390333,17074,1.0,0.2028617075848897,recruitment,1.0,0.11938043824518377,0.5098136755117545,b3d8ca27130eca4eadefd593,17.701504440999997,moving_front,7016,24bfb8b9aac5b87f9f268595cf4462964bd3a01da9d8089f51ed740d780fee86,58,0.0005042864346949066
30,0.04069749117498739,0.0,32.86363779626828,0,0.0,0.43725241741079424,0.7867262355017649,0.007564296520423601,0.6666666666666666,3.8360287675841764,0.9166666666666666,0.9166666666666666,33,36,392.37093462688824,5f8536aad221b558feae01abd9e48012ffd43f0d986448ef31076303591affbe,f000d324411431a807bac72657424c44472cc457a2b2f856442e941850c00046,0.7760968229954615,0.7999007186081695,1.0,2137.5356667848255,16252,0.9984871406959153,0.490693472108513,greedy_sparse,0.9571356530509328,0.20160259014511978,0.43604229702471,328d7d2897e7f16f4e17cccb,16.99438843300004,sensor_fault,7000,24bfb8b9aac5b87f9f268595cf4462964bd3a01da9d8089f51ed740d780fee86,30,0.0005042864346949066
,0.04473042034217242,0.0,36.52383128374239,0,0.0,0.4695227519665487,0.7652365537552951,0.13010590015128592,0.46658012369441804,0.8993043887827371,0.9444444444444444,0.9444444444444444,34,36,363.80302461570096,897c3ea0ca4def7c92d6c5bc4c681216da15d36377736736da162a96b99c0650,f000d324411431a807bac72657424c44472cc457a2b2f856442e941850c00046,0.47806354009077157,0.80678682784664,,2495.0845927483397,12434,1.0,0.32965675177361337,fixed_ring,1.0,0.09290038842700124,0.4708251133894934,d6201c29ef47400a9614089c,5.855119337999895,moving_front,7017,24bfb8b9aac5b87f9f268595cf4462964bd3a01da9d8089f51ed740d780fee86,0,0.007816439737771052
33,0.20938918305597576,0.0,97.15373644730207,0,0.0002521432173474533,0.3197756978695261,0.4904894730206757,0.6747352496217852,0.13020833333333331,9.154898334144574,0.8333333333333334,0.7777777777777778,28,36,453.44410217168877,b9aa9c192ff362205c201c037cc4f3c7c2aba8b7e0c4fd0ef068255fea54f756,f000d324411431a807bac72657424c44472cc457a2b2f856442e941850c00046,0.27685325264750377,0.580386409480585,3.283333333333333,1841.9877094120827,9344,1.0,0.22780536267986967,deadline_fusion,1.0,0.035147589096952606,0.31988306858295507,3b1df07476224b4403ec7115,37.89845112100011,storm,7007,24bfb8b9aac5b87f9f268595cf4462964bd3a01da9d8089f51ed740d780fee86,33,0.07438224911749873
24,0.21214699949571356,0.0,93.49947207513868,0,0.0,0.32982504816256486,0.5319197554210792,0.653555219364599,0.23437499999999997,9.117341323721929,0.8333333333333334,0.8055555555555556,29,36,450.2435768713752,50b7b3fbf7cedf803850a0428d40ee1ccc4080b783db00698cf7730c8a755b36,f000d324411431a807bac72657424c44472cc457a2b2f856442e941850c00046,0.31316187594553707,0.5942464069591528,2.4,1495.6115904022606,10839,1.0,0.24065703082581016,deadline_fusion,1.0,0.052178580113953495,0.32977181038830056,9e9f351243ad7df109a6c2e5,40.53568052900005,storm,7011,24bfb8b9aac5b87f9f268595cf4462964bd3a01da9d8089f51ed740d780fee86,24,0.03277861825516893
,0.02236195158850227,0.0,23.87697774836107,0,0.0,0.4654196628169984,0.838131933938477,0.0,0.7604166666666666,0.8890907870337975,0.9166666666666666,0.9166666666666666,33,36,363.4294735185483,ac5fa5d877e58450b21b5619aadcad71ab1db9e7cd210fd1cd516ef4a934c028,f000d324411431a807bac72657424c44472cc457a2b2f856442e941850c00046,0.848714069591528,0.8470672592032273,,2497.251910300427,17443,1.0,0.42863116664375456,fixed_ring,1.0,0.2069299398847549,0.4648575390821987,7584cd93d8f17c548b066cdc,14.308283071000005,sensor_fault,7014,24bfb8b9aac5b87f9f268595cf4462964bd3a01da9d8089f51ed740d780fee86,0,0.0
40,0.2151963565305093,0.0,95.5674798285426,0,0.0,0.32029129008672513,0.5262701714573876,0.6641452344931922,0.234375,5.628429758015387,0.7777777777777778,0.75,27,36,421.9176625376162,1ffbd60f44c9f81edacbd6236060262a241240e41dabbe8776c51fac2266503a,f000d324411431a807bac72657424c44472cc457a2b2f856442e941850c00046,0.2859304084720121,0.5861147881996972,1.45,1894.6173805025833,10232,1.0,0.2487988099059575,greedy_sparse,1.0,0.05664309017743859,0.3209152798789713,6bb5a9403a2b14db176d544b,15.78784288099996,storm,7004,24bfb8b9aac5b87f9f268595cf4462964bd3a01da9d8089f51ed740d780fee86,40,0.014624306606152293
14,0.022220121028744325,0.0,30.072491174987388,0,0.0,0.4139450015116449,0.7762465330307614,0.019667170953101363,0.6666666666666666,4.911579985834958,0.9444444444444444,0.9444444444444444,34,36,406.5200274430095,b9aa9c192ff362205c201c037cc4f3c7c2aba8b7e0c4fd0ef068255fea54f756,f000d324411431a807bac72657424c44472cc457a2b2f856442e941850c00046,0.7518910741301059,0.7953700201714573,1.4,2131.837589579986,16134,1.0,0.3948901462892269,deadline_fusion,0.9641956631366615,0.17816887184277166,0.41410583711548155,67427e2c1a6a59ae487b13da,36.74290360699979,sensor_fault,7007,24bfb8b9aac5b87f9f268595cf4462964bd3a01da9d8089f51ed740d780fee86,14,0.0005042864346949066
0,0.037639779456305096,0.0,28.56566421683836,0,0.0,0.5125121421350556,0.8261006299740654,0.02723146747352496,0.5771019728889827,2.344396866897279,0.9444444444444444,0.9444444444444444,34,36,409.3066984916998,5bd218142e142fa4278b4a5cda21ab3f6b168aad1e4f87cf0725f2f9c148a9ed,f000d324411431a807bac72657424c44472cc457a2b2f856442e941850c00046,0.6686838124054463,0.839953887664939,0.0,2246.9132550819763,15667,1.0,0.2783261731171972,static_tuned,1.0,0.12042662576468148,0.5119478494039202,888d88eda296d511b205e828,6.088826057000006,moving_front,7000,24bfb8b9aac5b87f9f268595cf4462964bd3a01da9d8089f51ed740d780fee86,0,0.0012607160867372667
43,0.2409622415532022,0.0,107.84488464447806,0,0.0,0.2843515980542011,0.44767240292486127,0.670196671709531,0.11458333333333333,5.7568884380181435,0.6388888888888888,0.5555555555555556,20,36,415.14947526528573,5772c05e39ffe56db9fe4d550c615751b591862ac0732ff00bde5b9c136479f3,f000d324411431a807bac72657424c44472cc457a2b2f856442e941850c00046,0.26777609682299547,0.5329046898638427,1.6833333333333333,1874.6885391910607,9369,1.0,0.2913490241221581,greedy_sparse,1.0,0.05951586470132639,0.2851582198688855,510fb7db5fbf1cf11689fe63,13.638782452999976,storm,7006,24bfb8b9aac5b87f9f268595cf4462964bd3a01da9d8089f51ed740d780fee86,43,0.06303580433686333
27,0.03217189863842663,0.0,33.905028681290965,0,0.0,0.3823220557296058,0.7586359051941501,0.01059001512859304,0.6354166666666666,4.623941578048939,0.9722222222222222,0.9722222222222222,35,36,387.61918440234206,5772c05e39ffe56db9fe4d550c615751b591862ac0732ff00bde5b9c136479f3,f000d324411431a807bac72657424c44472cc457a2b2f856442e941850c00046,0.7957639939485628,0.7745209278870397,2.65,2206.552271209375,16516,1.0,0.4941178320720996,economic,0.8908219868885526,0.19212092893522179,0.3839747226424609,56bd59045ef52fa4b29e0988,17.633687789000305,sensor_fault,7006,24bfb8b9aac5b87f9f268595cf4462964bd3a01da9d8089f51ed740d780fee86,27,0.0
51,0.035864318332945004,0.0,25.74212314971231,0,0.0,0.5379444568774273,0.8537446223037847,0.030257186081694403,0.6685463852068348,12.741832213750907,0.9444444444444444,0.9444444444444444,34,36,508.1471706643031,a045df01d14234cb96176801d87713dde0c5b1030233001228c3094e00dd4a73,f000d324411431a807bac72657424c44472cc457a2b2f856442e941850c00046,0.6898638426626323,0.8651089201601438,5.066666666666666,1423.896074503984,16278,1.0,0.23951940536488336,fungal,1.0,0.09247220812947562,0.5385555910523792,dd5450d497c52124639fe59f,15.968348948000084,moving_front,7011,24bfb8b9aac5b87f9f268595cf4462964bd3a01da9d8089f51ed740d780fee86,51,0.0
42,0.24370429904185575,0.0,109.01565651790214,0,0.0,0.2843410604572566,0.443267776096823,0.6626323751891074,0.11458333333333331,5.129042910458311,0.5833333333333334,0.5277777777777778,19,36,414.15764337121686,5772c05e39ffe56db9fe4d550c615751b591862ac0732ff00bde5b9c136479f3,f000d324411431a807bac72657424c44472cc457a2b2f856442e941850c00046,0.264750378214826,0.5336532400403429,1.6166666666666667,2073.669827387565,9312,1.0,0.2906296495529665,recruitment,1.0,0.062222262875312004,0.28452786182551687,6707b124707644710380e0cc,13.848856284000021,storm,7006,24bfb8b9aac5b87f9f268595cf4462964bd3a01da9d8089f51ed740d780fee86,42,0.06782652546646495
25,0.21531454866364094,0.0,95.34709089762984,0,0.0,0.31880736412629557,0.5297765380736258,0.6611195158850227,0.24479166666666663,8.386945937811543,0.75,0.6944444444444444,25,36,454.2712806057898,1ffbd60f44c9f81edacbd6236060262a241240e41dabbe8776c51fac2266503a,f000d324411431a807bac72657424c44472cc457a2b2f856442e941850c00046,0.29652042360060515,0.5847437594553706,2.5,2041.7798485156954,10502,1.0,0.2483649136126934,fungal,1.0,0.059432706066547734,0.31941817952597074,f876bc64ff30d7650ed0b6a1,15.63569565299997,storm,7004,24bfb8b9aac5b87f9f268595cf4462964bd3a01da9d8089f51ed740d780fee86,25,0.011346444780635399
,0.022322554210791726,0.0,26.947451777609682,0,0.0,0.4473737859939165,0.8070395234493192,0.0030257186081694403,0.7083333333333333,9.218225383764047,0.9444444444444444,0.9444444444444444,34,36,484.6371683718836,e5eb0adce92def657b42daaff1168729498af6b7f7eacaec91555308393fbb04,f000d324411431a807bac72657424c44472cc457a2b2f856442e941850c00046,0.632375189107413,0.8245083207261724,,2343.8304504180487,14758,1.0,0.42009009071460846,adaptive,0.8908219868885526,0.21247483110860602,0.4463644099848714,35c279167a88e781b2ed2052,8.455635652999717,sensor_fault,7005,24bfb8b9aac5b87f9f268595cf4462964bd3a01da9d8089f51ed740d780fee86,18,0.0002521432173474533
0,0.22573909480584972,0.0,100.54632343671206,0,0.0,0.2994925066488175,0.4993775214321734,0.6611195158850227,0.20833333333333331,2.682439145132822,0.8333333333333334,0.8333333333333334,30,36,409.23376595283906,12c2676d5d2da4bfdacb5c9a6312d12b90a39b080a71ade938e7b16bbaabf086,f000d324411431a807bac72657424c44472cc457a2b2f856442e941850c00046,0.27987897125567324,0.5582450832072617,0.0,2244.421682798537,10011,1.0,0.2363842964566172,static_tuned,1.0,0.07247858334811622,0.29994799546142203,1d8abfd58c9ae6baf124a49b,4.486341412999991,storm,7019,24bfb8b9aac5b87f9f268595cf4462964bd3a01da9d8089f51ed740d780fee86,0,0.023953605648008067
,0.027247226424609174,0.0,33.33116647755925,0,0.0,0.4207443222982397,0.7556338250126071,0.0226928895612708,0.6354166666666665,0.8909579291080255,0.9444444444444444,0.9444444444444444,34,36,363.4278124919241,b9aa9c192ff362205c201c037cc4f3c7c2aba8b7e0c4fd0ef068255fea54f756,f000d324411431a807bac72657424c44472cc457a2b2f856442e941850c00046,0.5385779122541604,0.7831568330811901,,2496.656888371053,13438,1.0,0.395181546543728,fixed_ring,0.953857791225416,0.1767409576299533,0.4200706001008572,d83ab7d5c8acdd750f87c4c6,5.658376087999841,sensor_fault,7007,24bfb8b9aac5b87f9f268595cf4462964bd3a01da9d8089f51ed740d780fee86,0,0.0020171457387796266
34,0.01437216338880484,0.0,20.241427130610184,0,0.0,0.46885261522760946,0.8527326021180031,0.0,0.7708333333333333,3.985464447455346,0.9444444444444444,0.9444444444444444,34,36,390.49968227777543,ac5fa5d877e58450b21b5619aadcad71ab1db9e7cd210fd1cd516ef4a934c028,f000d324411431a807bac72657424c44472cc457a2b2f856442e941850c00046,0.9304084720121029,0.8595877458396369,1.1333333333333333,2166.9054899717003,19160,1.0,0.42853623274600344,recruitment,1.0,0.1987513808871411,0.4679226550680787,591f1abc56a2821cbe4b3e1b,36.799760006999804,sensor_fault,7014,24bfb8b9aac5b87f9f268595cf4462964bd3a01da9d8089f51ed740d780fee86,34,0.0
28,0.21488905698436706,0.0,99.41904626828038,0,0.0,0.3225237188015485,0.48045102118003025,0.6611195158850227,0.13541666666666666,8.537315052177147,0.7222222222222222,0.7222222222222222,26,36,450.60895435926864,fded3c51bb367e0df8af6f8249b634fefe0cc389845c26618e90a9b29d9c3139,f000d324411431a807bac72657424c44472cc457a2b2f856442e941850c00046,0.2481089258698941,0.5771637039838629,2.7666666666666666,2071.160422669514,8780,1.0,0.32673617725195264,deadline_fusion,1.0,0.07784400950613383,0.3234603504790721,5890ba40ac7c3eefb24b8df2,37.01235825999993,storm,7017,24bfb8b9aac5b87f9f268595cf4462964bd3a01da9d8089f51ed740d780fee86,28,0.06732223903177005
,0.02081757438224912,0.0,31.29290374432678,0,0.0,0.4155323067288607,0.7720388930912757,0.0015128593040847202,0.6822916666666666,1.1259749572774744,0.9444444444444444,0.9444444444444444,34,36,363.5402580623966,1ffbd60f44c9f81edacbd6236060262a241240e41dabbe8776c51fac2266503a,f000d324411431a807bac72657424c44472cc457a2b2f856442e941850c00046,0.75642965204236,0.7837950706001007,,2488.7921028739265,16300,1.0,0.29151334207889124,adaptive,1.0,0.1525814495609408,0.41557141956631366,a187064256ff4a53e1abe402,7.343046105999747,sensor_fault,7004,24bfb8b9aac5b87f9f268595cf4462964bd3a01da9d8089f51ed740d780fee86,28,0.0
,0.22892240292486132,0.0,107.42813918305598,0,0.00151285930408472,0.3226077549616764,0.41196261976802817,0.6838124054462935,0.06249999999999999,1.2161776711045638,0.8055555555555556,0.7777777777777778,28,36,363.939676789972,b549dfc41676c63078393edb7074f42e4f0927a271f4a7ecca93c1f6bdaa8078,f000d324411431a807bac72657424c44472cc457a2b2f856442e941850c00046,0.22995461422087746,0.5773370524457891,,2495.0953423207648,7613,1.0,0.31644368960651126,fixed_ring,1.0,0.07778504578247919,0.3235627836611195,4394179d49d878f48f4df98f,4.886079718000019,storm,7015,24bfb8b9aac5b87f9f268595cf4462964bd3a01da9d8089f51ed740d780fee86,0,0.20574886535552195
23,0.03225857286938981,0.0,33.52452880736258,0,0.0,0.4154286889546936,0.7656722768532526,0.01059001512859304,0.6666666666666665,2.7892995103711655,0.9722222222222222,0.9722222222222222,35,36,376.91397823523573,fb367cc0d79aa8d9c98eb2a529262d3fdb12211bf1a4b9a1df875515bb387ab8,f000d324411431a807bac72657424c44472cc457a2b2f856442e941850c00046,0.8835098335854765,0.7765301941502772,0.7666666666666667,2219.87239760007,18666,1.0,0.3527604392955357,greedy_sparse,1.0,0.16930384375779642,0.4161545007564297,2370877ea22ed68e95a79ba0,17.004110847999982,sensor_fault,7002,24bfb8b9aac5b87f9f268595cf4462964bd3a01da9d8089f51ed740d780fee86,23,0.0
0,0.20944433938477053,0.0,94.41435798033282,0,0.0,0.3166153589738509,0.5330937972768532,0.6338880484114977,0.23958333333333331,2.6786940679482862,0.75,0.75,27,36,409.2226660230362,7bba1255199adfdb1a1ba0c529b8275f13780540abed81a608a55c16f4b1390f,f000d324411431a807bac72657424c44472cc457a2b2f856442e941850c00046,0.34795763993948564,0.5649977937468481,0.0,2244.4944570155258,11826,1.0,0.24875411036860068,static_tuned,1.0,0.057358256760640755,0.31769257438224907,8af56641952a5e24c114b7e5,5.641825098999902,storm,7003,24bfb8b9aac5b87f9f268595cf4462964bd3a01da9d8089f51ed740d780fee86,0,0.0017650025214321732
,0.033235627836611194,0.0,33.563689800806856,0,0.0,0.41624196763845484,0.770518154311649,0.0030257186081694403,0.6927083333333333,1.0708919421059213,0.9444444444444444,0.9444444444444444,34,36,363.5006373457614,c01d3e850dcea516d0864d501fedc94fd615e60fababbc941400707247a8bedb,f000d324411431a807bac72657424c44472cc457a2b2f856442e941850c00046,0.8804841149773072,0.7829125693393847,,2492.5936936035787,17877,1.0,0.4019085793994835,adaptive,1.0,0.16508877334859992,0.4161623802319717,6bbb80465999f4f156e40f59,9.937792204999823,sensor_fault,7016,24bfb8b9aac5b87f9f268595cf4462964bd3a01da9d8089f51ed740d780fee86,19,0.0
41,0.20828605648008067,0.0,96.32946451084217,0,0.0,0.3370906845548134,0.4994799546142209,0.6505295007564297,0.16145833333333331,5.810567804964076,0.75,0.6388888888888888,23,36,417.56208379298937,5f8536aad221b558feae01abd9e48012ffd43f0d986448ef31076303591affbe,f000d324411431a807bac72657424c44472cc457a2b2f856442e941850c00046,0.2617246596066566,0.5904169818456884,1.6,1968.1747184674107,9007,1.0,0.27982521696275897,greedy_sparse,1.0,0.05056036515612442,0.3364142082702975,bbfebe0238f88d8e0997592c,16.960754017,storm,7000,24bfb8b9aac5b87f9f268595cf4462964bd3a01da9d8089f51ed740d780fee86,41,0.05622793746848209
55,0.0375772751971223,0.0,27.1123662284975,0,0.0,0.5214019961406666,0.8412943679665161,0.039334341906202726,0.6273295363764644,12.34407222987484,0.9722222222222222,0.9722222222222222,35,36,505.5389528009662,6e2d005a512f8f795588b53a08d35435fd833e215d9a9396f9ada02b8104fa48,f000d324411431a807bac72657424c44472cc457a2b2f856442e941850c00046,0.7291981845688351,0.8525223082802319,5.483333333333333,1548.441050194093,16878,1.0,0.19671208809009047,economic,1.0,0.10369414281694066,0.5204771676644426,a5f61b2fec5ac626e4da3395,17.71460427199986,moving_front,7009,24bfb8b9aac5b87f9f268595cf4462964bd3a01da9d8089f51ed740d780fee86,55,0.0
,0.03146274583963691,0.0,32.10236226676752,0,0.0,0.4221303437649463,0.7836374810892586,0.0015128593040847202,0.6927083333333333,0.8862015632266369,0.9166666666666666,0.8888888888888888,32,36,363.4273542521495,6ef10a6f8528f48913779ce02125f8ae67ac504fa24b04f7d539448adf330dc7,f000d324411431a807bac72657424c44472cc457a2b2f856442e941850c00046,0.8472012102874432,0.7922497478567825,,2497.1390410020736,18206,0.9667170953101362,0.566400235943424,fixed_ring,0.9523449319213313,0.18463106221040512,0.42373455622793743,29c012dd93c17d64d8498049,15.403799294000237,sensor_fault,7012,24bfb8b9aac5b87f9f268595cf4462964bd3a01da9d8089f51ed740d780fee86,0,0.0
,0.05065790207051629,0.0,30.72064213128859,0,0.0,0.5373148230477522,0.8347884007801178,0.037821482602118005,0.6170392800902696,36.54883574793833,0.9722222222222222,0.9444444444444444,34,36,1889.9630148558,3112fe2c83524b2f2e2f68f6ce520bfc1f93a616346ad692daac26f7b11e5a4b,f000d324411431a807bac72657424c44472cc457a2b2f856442e941850c00046,0.6611195158850227,0.8501740217744127,,1090.7484654688722,15889,1.0,0.3048580303665433,adaptive,1.0,0.07336250019512823,0.5375889258557414,e97672f6ece3a2f417c4634f,8.991135473999975,moving_front,7005,24bfb8b9aac5b87f9f268595cf4462964bd3a01da9d8089f51ed740d780fee86,9,0.0005042864346949066
,0.01833553958648512,0.0,27.87132028492184,0,0.0,0.4408523220331787,0.7947160237014625,0.0015128593040847202,0.703125,1.4270169463598106,1.0,1.0,36,36,370.4286023196312,50b7b3fbf7cedf803850a0428d40ee1ccc4080b783db00698cf7730c8a755b36,f000d324411431a807bac72657424c44472cc457a2b2f856442e941850c00046,0.7413010590015129,0.8086154185577408,,2400.9835670552475,16206,1.0,0.33325888986726815,adaptive,0.9531013615733737,0.19471382842747903,0.4408724155320221,691aef9ed89113017f486474,18.745264216000123,sensor_fault,7011,24bfb8b9aac5b87f9f268595cf4462964bd3a01da9d8089f51ed740d780fee86,5,0.0
,0.03370895284307778,0.0,30.559485748834245,0,0.0,0.46433762071005313,0.8081861679430636,0.0529500756429652,0.5779602951895941,0.8842052119540936,0.9722222222222222,0.9722222222222222,35,36,363.79685155755425,760400fc1b0b776e9c52ee32311a1069b16aa52520e6f2d9a36a2dd8b57f7ebd,f000d324411431a807bac72657424c44472cc457a2b2f856442e941850c00046,0.7110438729198184,0.8188398132071488,,2495.8782363401533,16687,1.0,0.3473443576396371,fixed_ring,1.0,0.09571266634581996,0.4644707659772173,cdb40e8752b476c78310f426,6.16429848000007,moving_front,7012,24bfb8b9aac5b87f9f268595cf4462964bd3a01da9d8089f51ed740d780fee86,0,0.0
0,0.04007007860999745,0.0,30.578830551322856,0,0.0,0.4709452115909106,0.8121468629258507,0.03328290468986384,0.5756560706311203,2.3490046704906224,1.0,1.0,36,36,409.2540620348938,5e29696557cda66a921641f993e950ae2ed95f14de01a827d8e1fe0231f9c807,f000d324411431a807bac72657424c44472cc457a2b2f856442e941850c00046,0.8547655068078669,0.8220738868925569,0.0,2245.9821560886458,18454,1.0,0.20130110606388688,static_tuned,1.0,0.10753728840716029,0.47029941133593084,346333e659dfb87bdaf58a6f,7.158657277999964,moving_front,7016,24bfb8b9aac5b87f9f268595cf4462964bd3a01da9d8089f51ed740d780fee86,0,0.0
38,0.20924735249621784,0.0,94.8747557362582,0,0.0,0.33440029875998656,0.5112834089762984,0.6611195158850227,0.21875,5.573513801609041,0.8333333333333334,0.8333333333333334,30,36,415.45985900896636,20cbee7be12f3041b6f80dfbab6cf06c7cd24e2dceeb098a373acea1952196d8,f000d324411431a807bac72657424c44472cc457a2b2f856442e941850c00046,0.25113464447806355,0.5945852244074634,1.4333333333333333,1731.9294678218516,9170,1.0,0.3955246364418843,greedy_sparse,1.0,0.045753835053197675,0.3342709909228441,44e12bc4fcacf32b7187afae,13.777039152000043,storm,7018,24bfb8b9aac5b87f9f268595cf4462964bd3a01da9d8089f51ed740d780fee86,38,0.032274331820474025
,0.04150119768028239,0.0,36.087210035300046,0,0.0,0.41184105105065927,0.7583837619768028,0.0045385779122541605,0.6458333333333333,0.9136360514995779,0.9444444444444444,0.9444444444444444,34,36,363.43366689176486,7566b3dd58ba1b4b73cead9a88da4a0d93430742ea574afa5e3d674dbfd7a1c5,f000d324411431a807bac72657424c44472cc457a2b2f856442e941850c00046,0.7488653555219364,0.7731420196671709,,2497.3048137692767,16448,0.9629349470499243,0.4670279003663808,fixed_ring,0.940494200706001,0.2014177167381956,0.40979576399394857,85b979afc38f8779faeb6f9d,6.705434406000222,sensor_fault,7013,24bfb8b9aac5b87f9f268595cf4462964bd3a01da9d8089f51ed740d780fee86,0,0.0002521432173474533
0,0.045066884518816464,0.0,33.9056451605878,0,0.0,0.46763841977220333,0.7951254108723692,0.025718608169440244,0.5776165350240849,2.3327343697823446,0.9166666666666666,0.9166666666666666,33,36,409.2773310753796,5b23548e342cd0e105b412e1f6ff973e8f388f6fbedb3fc9e75b3089b159ddd9,f000d324411431a807bac72657424c44472cc457a2b2f856442e941850c00046,0.8275340393343419,0.8061336913267336,0.0,2246.278690943653,18309,1.0,0.18550320615998583,static_tuned,1.0,0.08894536522138173,0.4685222985458016,6d9778de00189abb23767245,6.157925056000067,moving_front,7002,24bfb8b9aac5b87f9f268595cf4462964bd3a01da9d8089f51ed740d780fee86,0,0.0
33,0.022881996974281393,0.0,31.002584467977808,0,0.0,0.40343048118002073,0.7670827029752898,0.0226928895612708,0.65625,3.729889932311552,0.9444444444444444,0.9444444444444444,34,36,384.7536588292167,12c2676d5d2da4bfdacb5c9a6312d12b90a39b080a71ade938e7b16bbaabf086,f000d324411431a807bac72657424c44472cc457a2b2f856442e941850c00046,0.773071104387292,0.7905635400907716,1.1,2131.81664535447,16426,0.9997478567826527,0.45909592800605253,recruitment,1.0,0.20020765050678846,0.4044928769541099,ca410b42003b28909bb23ca5,23.937825779999912,sensor_fault,7019,24bfb8b9aac5b87f9f268595cf4462964bd3a01da9d8089f51ed740d780fee86,33,0.0020171457387796266
37,0.2376292233988906,0.0,100.69363023197175,0,0.0,0.31531179636207674,0.5231105017650025,0.642965204236006,0.23958333333333331,4.853118705839103,0.7222222222222222,0.7222222222222222,26,36,406.2990776523541,fb367cc0d79aa8d9c98eb2a529262d3fdb12211bf1a4b9a1df875515bb387ab8,f000d324411431a807bac72657424c44472cc457a2b2f856442e941850c00046,0.3101361573373676,0.5638710287443267,1.3,1860.8646589322536,11194,1.0,0.18075702544838043,recruitment,1.0,0.053191921138589546,0.3162191124558749,bc85885a0c05cd31ccfb5c3b,14.552214067000023,storm,7002,24bfb8b9aac5b87f9f268595cf4462964bd3a01da9d8089f51ed740d780fee86,37,0.010085728693898134
,0.03730143721633888,0.0,37.61992561775087,0,0.0,0.38037112060482775,0.742924230963187,0.015128593040847202,0.6197916666666666,1.405890655171296,0.9722222222222222,0.9722222222222222,35,36,363.7138799676195,5772c05e39ffe56db9fe4d550c615751b591862ac0732ff00bde5b9c136479f3,f000d324411431a807bac72657424c44472cc457a2b2f856442e941850c00046,0.5506807866868382,0.7657274331820474,,2476.4431059565422,13929,1.0,0.49456473782248406,adaptive,0.8908219868885526,0.2038989905539324,0.38237518910741297,89c27d04fa0626b017143d84,10.328167027999825,sensor_fault,7006,24bfb8b9aac5b87f9f268595cf4462964bd3a01da9d8089f51ed740d780fee86,25,0.0
53,0.05006897263196271,0.0,35.89927031844225,0,0.0,0.444384144931661,0.7790011624123284,0.09984871406959153,0.5062850267640051,8.67586089659549,1.0,1.0,36,36,470.71840903454245,ab258b21f7221620284a3215d026dafd75f9efdf5bedb3e529bdff643d2065af,f000d324411431a807bac72657424c44472cc457a2b2f856442e941850c00046,0.5809379727685325,0.7984827574178663,1.7666666666666666,1577.903956373409,14408,1.0,0.29172704575038266,greedy_sparse,1.0,0.08972183834535068,0.4454751776058672,3a763a964d42bfaf505dde52,15.05508531999999,moving_front,7006,24bfb8b9aac5b87f9f268595cf4462964bd3a01da9d8089f51ed740d780fee86,53,0.0017650025214321732
23,0.22046772566817951,0.0,99.24317637418052,0,0.0,0.302056520461414,0.49758100100857283,0.6626323751891074,0.19791666666666666,6.805136321716045,0.8055555555555556,0.8055555555555556,29,36,434.2595160002516,12c2676d5d2da4bfdacb5c9a6312d12b90a39b080a71ade938e7b16bbaabf086,f000d324411431a807bac72657424c44472cc457a2b2f856442e941850c00046,0.27382753403933435,0.5653996469994956,2.216666666666667,2036.8476805775836,9571,1.0,0.23755806564936016,fungal,1.0,0.06776422947030374,0.30213061018658594,6f6ea377e1f602d27928d30b,14.23131241100009,storm,7019,24bfb8b9aac5b87f9f268595cf4462964bd3a01da9d8089f51ed740d780fee86,23,0.02798789712556732
8,0.009896621280887545,0.0,22.636354324256175,0,0.0,0.42622516999195736,0.8127048663640948,0.006051437216338881,0.6822916666666666,3.507185301516657,0.9428571428571428,0.9428571428571428,33,35,391.7265842760709,9b5a428363b62ad024a6d518c6bdc283191d1cf8739502f5298786104f688bf6,f000d324411431a807bac72657424c44472cc457a2b2f856442e941850c00046,0.8835098335854765,0.8275261598587997,0.8,2200.081976930522,18288,1.0,0.48912284319781574,fungal,0.959909228441755,0.19249164024501972,0.42611415784165413,381fc6ff601ce3d1e68cf183,21.1075541109999,sensor_fault,7001,24bfb8b9aac5b87f9f268595cf4462964bd3a01da9d8089f51ed740d780fee86,8,0.0020171457387796266
48,0.03429303077948943,0.0,26.057020296555706,0,0.0,0.5095438819880348,0.8445112429999131,0.046898638426626324,0.6220404565770862,11.521372750192997,1.0,1.0,36,36,498.7324738108953,ddbf34503eff23fbcd394039890145ec197c5f33f339d9222c1ea54ac42702a6,f000d324411431a807bac72657424c44472cc457a2b2f856442e941850c00046,0.7337367624810892,0.853897505067171,4.8,1542.984109542651,17017,1.0,0.24382780167334595,fungal,1.0,0.0969741290221761,0.5102145046602957,cedbe0c1bb7d3fca8ac6876f,17.183867767000038,moving_front,7003,24bfb8b9aac5b87f9f268595cf4462964bd3a01da9d8089f51ed740d780fee86,48,0.0
41,0.21033472012102875,0.0,94.12226582198689,0,0.0,0.3220362890053693,0.5351424609178013,0.6369137670196672,0.24999999999999997,5.007953661931362,0.75,0.75,27,36,404.2628678066792,7bba1255199adfdb1a1ba0c529b8275f13780540abed81a608a55c16f4b1390f,f000d324411431a807bac72657424c44472cc457a2b2f856442e941850c00046,0.3101361573373676,0.5739252395360565,1.4333333333333333,1925.8922256049345,11032,1.0,0.24643212736353323,greedy_sparse,1.0,0.08825711247465755,0.32295606404437716,a30627a1a7776e57df369392,14.452547465000066,storm,7003,24bfb8b9aac5b87f9f268595cf4462964bd3a01da9d8089f51ed740d780fee86,41,0.004286434694906706
0,0.228457513867877,0.0,99.29447175995965,0,0.0,0.3096223286845181,0.5231735375693394,0.642965204236006,0.23958333333333331,2.6975315947045724,0.7222222222222222,0.7222222222222222,26,36,409.26703229889125,956a9ceb80df2feb4bb3b76f79213a7f0cb93b60e4835d44d36852e549355e78,f000d324411431a807bac72657424c44472cc457a2b2f856442e941850c00046,0.3161875945537065,0.5606404437720625,0.0,2245.111496386053,11221,1.0,0.1924690363548764,static_tuned,1.0,0.0527241049142669,0.30969490670700955,fe5e8cd42b61d580e10d8810,4.515911428000209,storm,7009,24bfb8b9aac5b87f9f268595cf4462964bd3a01da9d8089f51ed740d780fee86,0,0.007060010085728693
0,0.020589069591527988,0.0,30.691226991931412,0,0.0,0.39974702346687374,0.7680046016137165,0.02118003025718608,0.6666666666666666,2.3444989499024294,0.9444444444444444,0.9444444444444444,34,36,408.8845356207888,12c2676d5d2da4bfdacb5c9a6312d12b90a39b080a71ade938e7b16bbaabf086,f000d324411431a807bac72657424c44472cc457a2b2f856442e941850c00046,0.7972768532526475,0.7895155698436711,0.0,2246.934566547099,17103,0.9997478567826527,0.46077735114396484,static_tuned,1.0,0.17684706907000702,0.40046646495209276,b3b4746698c4533e89e02f9b,7.225802909999857,sensor_fault,7019,24bfb8b9aac5b87f9f268595cf4462964bd3a01da9d8089f51ed740d780fee86,0,0.0012607160867372667
51,0.038783809935095045,0.0,27.07740449191081,0,0.0,0.5220771305159075,0.8453237439404502,0.046898638426626324,0.6047652802228387,12.970391983483632,0.9722222222222222,0.9722222222222222,35,36,514.5203166127947,33909bb95a53710954872d70bc5591af92a450651324e9fef7a21e0a1cd4da1e,f000d324411431a807bac72657424c44472cc457a2b2f856442e941850c00046,0.6913767019667171,0.8554724094797297,5.033333333333333,1429.629165695464,16532,1.0,0.2452842284941792,fungal,1.0,0.06548890224338318,0.5220259415510713,a6a0fb19aba45bad3a581a5a,15.157871305000072,moving_front,7004,24bfb8b9aac5b87f9f268595cf4462964bd3a01da9d8089f51ed740d780fee86,51,0.0
21,0.016649331820474025,0.0,25.138363590519415,0,0.0,0.4492776956209065,0.8130358043368633,0.0015128593040847202,0.7239583333333333,3.244413052784605,1.0,1.0,36,36,389.5185123351173,50b7b3fbf7cedf803850a0428d40ee1ccc4080b783db00698cf7730c8a755b36,f000d324411431a807bac72657424c44472cc457a2b2f856442e941850c00046,0.8638426626323752,0.8238228063540091,0.7,2188.249028025987,18005,1.0,0.33447950592822506,recruitment,0.959909228441755,0.1821576497791306,0.45012291981845687,de27794a95f08724d55aeb09,41.03655702800006,sensor_fault,7011,24bfb8b9aac5b87f9f268595cf4462964bd3a01da9d8089f51ed740d780fee86,21,0.0
0,0.033542927382753406,0.0,34.90540689611699,0,0.0,0.37422553037206446,0.7563035804336863,0.01361573373676248,0.6302083333333333,2.3528603367558616,0.9722222222222222,0.9722222222222222,35,36,408.87421121731074,5772c05e39ffe56db9fe4d550c615751b591862ac0732ff00bde5b9c136479f3,f000d324411431a807bac72657424c44472cc457a2b2f856442e941850c00046,0.8366111951588502,0.771542486132123,0.0,2246.759634042772,17204,1.0,0.49335095870884504,static_tuned,0.8946041351487644,0.19144124590945202,0.3760006933938477,2828d5a63128a0e8996156c8,5.365168478000214,sensor_fault,7006,24bfb8b9aac5b87f9f268595cf4462964bd3a01da9d8089f51ed740d780fee86,0,0.0
28,0.18951714573877962,0.0,87.83405036560767,0,0.0,0.3409419812748054,0.5430455748865356,0.642965204236006,0.2552083333333333,9.378329435586497,0.6666666666666666,0.6388888888888888,23,36,468.83997999956887,e5eb0adce92def657b42daaff1168729498af6b7f7eacaec91555308393fbb04,f000d324411431a807bac72657424c44472cc457a2b2f856442e941850c00046,0.2708018154311649,0.6046709531013615,2.7666666666666666,1351.220938645177,9878,1.0,0.3134854266426523,deadline_fusion,1.0,0.04708867645072033,0.34132312153303074,8c0601431f92ede9ee307b00,38.048061233,storm,7005,24bfb8b9aac5b87f9f268595cf4462964bd3a01da9d8089f51ed740d780fee86,28,0.016893595562279373
55,0.039537143923539145,0.0,26.83082085427076,0,0.0,0.5361452031351956,0.8483399822830656,0.037821482602118005,0.6569409329437939,12.316690056517022,0.9444444444444444,0.9444444444444444,34,36,498.53464489431394,a045df01d14234cb96176801d87713dde0c5b1030233001228c3094e00dd4a73,f000d324411431a807bac72657424c44472cc457a2b2f856442e941850c00046,0.6838124054462935,0.8599094538573143,5.433333333333334,1449.112952986602,16109,1.0,0.24322530086450003,economic,1.0,0.10150480956310674,0.536784367720716,8b34b85ed6b0e7554ad8aef9,16.547099649999836,moving_front,7011,24bfb8b9aac5b87f9f268595cf4462964bd3a01da9d8089f51ed740d780fee86,55,0.0
52,0.0365445693946694,0.0,28.25177579844441,0,0.0,0.4930119744106518,0.8256334187258845,0.05143721633888049,0.5809368951882512,8.249096411391703,0.8888888888888888,0.8888888888888888,32,36,468.24066613017555,0aace0ec30ee371a7c2663e2411d8b6b713bd3c12b78091846cea85ee9e6f3b4,f000d324411431a807bac72657424c44472cc457a2b2f856442e941850c00046,0.659606656580938,0.8412076802846172,1.7333333333333334,1652.564492285269,16008,1.0,0.18669013415187938,recruitment,1.0,0.11386113199835012,0.4915394061523476,353e16faf5debdbf6cb2c242,17.058704311999918,moving_front,7013,24bfb8b9aac5b87f9f268595cf4462964bd3a01da9d8089f51ed740d780fee86,52,0.0002521432173474533
,0.04073688855269793,0.0,37.2233910110943,0,0.0,0.417991456775583,0.752781454866364,0.006051437216338881,0.6562499999999999,0.8938367877359078,0.9166666666666666,0.9166666666666666,33,36,363.434175823121,fb367cc0d79aa8d9c98eb2a529262d3fdb12211bf1a4b9a1df875515bb387ab8,f000d324411431a807bac72657424c44472cc457a2b2f856442e941850c00046,0.8260211800302572,0.7666493318204739,,2496.7762359994845,17439,1.0,0.3524990562170177,fixed_ring,0.9992435703479576,0.1774511246649341,0.41819528492183555,41096e0c972178085a6fcc7d,6.752084811999794,sensor_fault,7002,24bfb8b9aac5b87f9f268595cf4462964bd3a01da9d8089f51ed740d780fee86,0,0.0
30,0.02483610690872416,0.0,28.982917297024713,0,0.0,0.4389393091739227,0.7918163767019667,0.015128593040847202,0.6874999999999999,5.131259861406047,0.9722222222222222,0.9722222222222222,35,36,397.1244536565784,20cbee7be12f3041b6f80dfbab6cf06c7cd24e2dceeb098a373acea1952196d8,f000d324411431a807bac72657424c44472cc457a2b2f856442e941850c00046,0.8245083207261724,0.8112235249621785,2.9166666666666665,2175.1516630633487,17321,1.0,0.3965683003026742,economic,0.9583963691376702,0.16541820754519818,0.4395092662632375,de3b9a1c412c286974549c09,17.67517355400014,sensor_fault,7018,24bfb8b9aac5b87f9f268595cf4462964bd3a01da9d8089f51ed740d780fee86,30,0.005799293998991427
35,0.011677382753403933,0.0,23.153011535552192,0,0.0,0.42882865490253297,0.8095530761472515,0.0045385779122541605,0.671875,5.173099305013911,0.9722222222222222,0.9722222222222222,35,36,390.3437510768529,7bba1255199adfdb1a1ba0c529b8275f13780540abed81a608a55c16f4b1390f,f000d324411431a807bac72657424c44472cc457a2b2f856442e941850c00046,0.9273827534039334,0.8171094931921331,3.4,2134.1079607587276,19214,1.0,0.4388953585601085,economic,0.9568835098335855,0.18563957004730203,0.42771369137670195,700e60b348c54a92972c4252,15.19484455499969,sensor_fault,7003,24bfb8b9aac5b87f9f268595cf4462964bd3a01da9d8089f51ed740d780fee86,35,0.0
,0.04559946129780429,0.0,32.85261272172321,0,0.0,0.47839412514540713,0.8033974373173994,0.04084720121028744,0.5700921210910245,0.9037594509004766,0.9722222222222222,0.9722222222222222,35,36,363.8049473192901,5e29696557cda66a921641f993e950ae2ed95f14de01a827d8e1fe0231f9c807,f000d324411431a807bac72657424c44472cc457a2b2f856442e941850c00046,0.7049924357034796,0.8184958204003578,,2495.9662260406017,16452,1.0,0.19908768702979815,fixed_ring,1.0,0.11109332247186136,0.47709221633866883,337172922c3e0f7583bc09e5,6.855037832999869,moving_front,7016,24bfb8b9aac5b87f9f268595cf4462964bd3a01da9d8089f51ed740d780fee86,0,0.0002521432173474533
34,0.013639372163388805,0.0,24.041579992435704,0,0.0,0.4253126839289803,0.8066455496722137,0.0045385779122541605,0.671875,3.9672276650096836,0.9722222222222222,0.9444444444444444,34,36,394.0544618884265,7bba1255199adfdb1a1ba0c529b8275f13780540abed81a608a55c16f4b1390f,f000d324411431a807bac72657424c44472cc457a2b2f856442e941850c00046,0.9304084720121029,0.81410741301059,1.2,2162.0585371541515,19185,1.0,0.4390034719762714,recruitment,0.9571356530509328,0.18533660828562815,0.4248061649016641,63439603b7cb0ae97b2ec037,15.113158553000176,sensor_fault,7003,24bfb8b9aac5b87f9f268595cf4462964bd3a01da9d8089f51ed740d780fee86,34,0.0
28,0.01574319213313162,0.0,25.784519982349973,0,0.0,0.4156468121820325,0.8013741805345435,0.0,0.6979166666666666,4.208466710001238,1.0,1.0,36,36,392.0656205762724,956a9ceb80df2feb4bb3b76f79213a7f0cb93b60e4835d44d36852e549355e78,f000d324411431a807bac72657424c44472cc457a2b2f856442e941850c00046,0.8910741301059002,0.8105852874432677,0.9333333333333333,2044.7524129757078,18703,1.0,0.40136504954542807,greedy_sparse,0.8908219868885526,0.18045317533883426,0.41587871911245583,aa3e56f78a99af52ee6889e7,17.812972100000025,sensor_fault,7009,24bfb8b9aac5b87f9f268595cf4462964bd3a01da9d8089f51ed740d780fee86,28,0.0
27,0.027475731215330305,0.0,30.263765443772062,0,0.0,0.42693410875040644,0.7873644730206757,0.0045385779122541605,0.6822916666666665,3.4678919672830024,0.9722222222222222,0.9722222222222222,35,36,386.26475995714475,61fbc2c3c47ea0b2f394bf19d5d944ff33916305affd279efd1232b2237e443b,f000d324411431a807bac72657424c44472cc457a2b2f856442e941850c00046,0.8714069591527988,0.8009250504286434,0.9,2166.8002244324766,17924,1.0,0.486474776260515,recruitment,0.9591527987897126,0.2069472910091388,0.4265317700453858,e45470e9337c1da6be0a9046,16.41071600799978,sensor_fault,7008,24bfb8b9aac5b87f9f268595cf4462964bd3a01da9d8089f51ed740d780fee86,27,0.0
,0.018390695915279875,0.0,31.649016641452345,0,0.0,0.42711219404969936,0.7613070474029248,0.030257186081694403,0.609375,0.9044878449741813,0.9722222222222222,0.9722222222222222,35,36,363.4349810001071,fded3c51bb367e0df8af6f8249b634fefe0cc389845c26618e90a9b29d9c3139,f000d324411431a807bac72657424c44472cc457a2b2f856442e941850c00046,0.49016641452344933,0.7871832450832073,,2495.799618313338,13068,1.0,0.3629171951835721,fixed_ring,0.9548663640948057,0.16822590628372916,0.42695726172465953,d44876a7048b3a08f94fc55f,6.298999004000052,sensor_fault,7017,24bfb8b9aac5b87f9f268595cf4462964bd3a01da9d8089f51ed740d780fee86,0,0.0005042864346949066
,0.019714447806354007,0.0,28.26789428895613,0,0.0,0.4393904554682021,0.793589258698941,0.0015128593040847202,0.703125,0.90584085885223,1.0,1.0,36,36,363.43347228938705,50b7b3fbf7cedf803850a0428d40ee1ccc4080b783db00698cf7730c8a755b36,f000d324411431a807bac72657424c44472cc457a2b2f856442e941850c00046,0.7428139183055976,0.8072522692889561,,2496.5683637640127,16206,1.0,0.33333279860286974,fixed_ring,0.9531013615733737,0.19508416778528648,0.4398953605648008,9b6b501b231e56912b2252f0,9.868555862999983,sensor_fault,7011,24bfb8b9aac5b87f9f268595cf4462964bd3a01da9d8089f51ed740d780fee86,0,0.0
,0.0699157004493616,0.0,37.1137417514483,0,0.0,0.5272304642190644,0.8192745812989276,0.01059001512859304,0.6099811313371633,39.42552007492993,0.9444444444444444,0.9444444444444444,34,36,1987.6649517556548,5b23548e342cd0e105b412e1f6ff973e8f388f6fbedb3fc9e75b3089b159ddd9,f000d324411431a807bac72657424c44472cc457a2b2f856442e941850c00046,0.8078668683812406,0.8286206910123783,,1037.9043316184345,17842,1.0,0.20348510290900898,adaptive,1.0,0.09180830326326528,0.5281189945813777,3c4e9b7178abae238f4107b6,8.981877686999951,moving_front,7002,24bfb8b9aac5b87f9f268595cf4462964bd3a01da9d8089f51ed740d780fee86,9,0.0
0,0.013410867372667676,0.0,24.128766389309128,0,0.0,0.421145603373792,0.8062121785173977,0.0,0.671875,2.3438021065789854,0.9722222222222222,0.9444444444444444,34,36,408.88485888473633,7bba1255199adfdb1a1ba0c529b8275f13780540abed81a608a55c16f4b1390f,f000d324411431a807bac72657424c44472cc457a2b2f856442e941850c00046,0.9379727685325264,0.8133509833585476,0.0,2246.2954145404074,19591,1.0,0.43854295523033376,static_tuned,0.9596570852244074,0.18496388509397169,0.42052760968229946,6e6dce44c0e1bedfc9ff352f,6.313438260000112,sensor_fault,7003,24bfb8b9aac5b87f9f268595cf4462964bd3a01da9d8089f51ed740d780fee86,0,0.0
7,0.022125567322239033,0.0,30.951092095310138,0,0.0,0.40630387225813736,0.7668935955622793,0.02723146747352496,0.6510416666666665,3.0814781578669828,1.0,1.0,36,36,387.4554582175956,c0265f2f5da1b8f1e6334a7d1da15d24852be86831d4583cf0a020b238d73be2,f000d324411431a807bac72657424c44472cc457a2b2f856442e941850c00046,0.7700453857791225,0.7890191628845182,0.7,2175.7754355090215,16484,1.0,0.2620436938710912,deadline_fusion,0.9604135148764497,0.17159425778935933,0.4064942637418053,977f6e6d3cb64cef51fc67ca,93.36712189800028,sensor_fault,7010,24bfb8b9aac5b87f9f268595cf4462964bd3a01da9d8089f51ed740d780fee86,7,0.0032778618255168935
0,0.20827029752899645,0.0,96.45762418053454,0,0.0,0.3274945267331961,0.5091874684820977,0.6459909228441755,0.19791666666666666,2.6852744775399424,0.6666666666666666,0.6388888888888888,23,36,409.2353679948887,5f8536aad221b558feae01abd9e48012ffd43f0d986448ef31076303591affbe,f000d324411431a807bac72657424c44472cc457a2b2f856442e941850c00046,0.2692889561270802,0.5799136409480584,0.0,2244.755268931294,9584,1.0,0.27620796373737977,static_tuned,1.0,0.03842513762360974,0.3262496848209783,dc9eadcc3513fa29c8945d45,6.514521062999961,storm,7000,24bfb8b9aac5b87f9f268595cf4462964bd3a01da9d8089f51ed740d780fee86,0,0.029248613212304587
39,0.21388836359051938,0.0,95.46918337115481,0,0.0,0.329297522273364,0.5224486258194654,0.649016641452345,0.203125,5.247653632480226,0.8333333333333334,0.7777777777777778,28,36,411.1655183107571,50b7b3fbf7cedf803850a0428d40ee1ccc4080b783db00698cf7730c8a755b36,f000d324411431a807bac72657424c44472cc457a2b2f856442e941850c00046,0.30559757942511345,0.5907400403429147,1.4333333333333333,1751.604898319128,10406,1.0,0.24007149275651662,recruitment,1.0,0.05070204849744623,0.32922812657589506,9d737a7437615e08826e6051,14.224554982999962,storm,7011,24bfb8b9aac5b87f9f268595cf4462964bd3a01da9d8089f51ed740d780fee86,39,0.03933434190620272
40,0.20503971255673217,0.0,93.36429967221382,0,0.0,0.3358758153060595,0.5191628845184064,0.6520423600605144,0.22916666666666663,9.937127862882104,0.8611111111111112,0.8611111111111112,31,36,443.2839542973294,20cbee7be12f3041b6f80dfbab6cf06c7cd24e2dceeb098a373acea1952196d8,f000d324411431a807bac72657424c44472cc457a2b2f856442e941850c00046,0.25718608169440244,0.5954677256681795,4.0,1636.5017631526175,9427,1.0,0.39561624362400205,economic,1.0,0.0453864797285698,0.3360044755421079,e0271afecdcd161daed7aff5,14.25538362899988,storm,7018,24bfb8b9aac5b87f9f268595cf4462964bd3a01da9d8089f51ed740d780fee86,40,0.02521432173474534
39,0.2245729324256177,0.0,101.75479860060513,0,0.0,0.3131318239814979,0.4714053832576903,0.6732223903177005,0.16145833333333331,8.760072953521135,0.7777777777777778,0.7777777777777778,28,36,440.91322142865147,b549dfc41676c63078393edb7074f42e4f0927a271f4a7ecca93c1f6bdaa8078,f000d324411431a807bac72657424c44472cc457a2b2f856442e941850c00046,0.24357034795763993,0.5665500504286435,3.8833333333333333,1803.9449904469361,8717,1.0,0.3165336019043006,economic,1.0,0.08271401517773788,0.31375283661119513,07ef50d0a71484f8dbdc9d6b,13.489314025999875,storm,7015,24bfb8b9aac5b87f9f268595cf4462964bd3a01da9d8089f51ed740d780fee86,39,0.04790721129601613
8,0.0336374810892587,0.0,34.662522062531515,0,0.0,0.3806971721364463,0.7568236258194654,0.01361573373676248,0.625,3.8170270341083743,0.9722222222222222,0.9722222222222222,35,36,393.9325860800998,5772c05e39ffe56db9fe4d550c615751b591862ac0732ff00bde5b9c136479f3,f000d324411431a807bac72657424c44472cc457a2b2f856442e941850c00046,0.7912254160363086,0.7739063287947554,0.8,2180.7552837901644,16462,1.0,0.49409698129558893,fungal,0.8923348461926373,0.19226301066807833,0.38304494452849225,812899ac7f521439e114ba13,17.188889326000208,sensor_fault,7006,24bfb8b9aac5b87f9f268595cf4462964bd3a01da9d8089f51ed740d780fee86,8,0.0
0,0.2340677004538578,0.0,104.02467851739789,0,0.0,0.30375231178926665,0.48220814422592023,0.6732223903177005,0.171875,2.7083217039732213,0.7222222222222222,0.7222222222222222,26,36,409.25244308066976,c0265f2f5da1b8f1e6334a7d1da15d24852be86831d4583cf0a020b238d73be2,f000d324411431a807bac72657424c44472cc457a2b2f856442e941850c00046,0.27382753403933435,0.551839069591528,0.0,2244.435768412563,9828,1.0,0.23812280580029116,static_tuned,1.0,0.050421105352683515,0.3038483358547655,7aa2ee6c7e4971ba04dc6e5b,6.239971403000027,storm,7010,24bfb8b9aac5b87f9f268595cf4462964bd3a01da9d8089f51ed740d780fee86,0,0.025970751386787692
0,0.014175176500252143,0.0,22.49704519667171,0,0.0,0.44048875578198105,0.8326241805345435,0.0,0.7552083333333333,2.370360336551379,0.9722222222222222,0.9722222222222222,35,36,408.96273696446946,e5eb0adce92def657b42daaff1168729498af6b7f7eacaec91555308393fbb04,f000d324411431a807bac72657424c44472cc457a2b2f856442e941850c00046,0.875945537065053,0.8428359808371154,0.0,2247.194134596758,17799,1.0,0.4182853502358394,static_tuned,0.8918305597579426,0.19072857202140747,0.4400450706001008,59d52fb1eaaecb9d708da8c6,5.760651443999905,sensor_fault,7005,24bfb8b9aac5b87f9f268595cf4462964bd3a01da9d8089f51ed740d780fee86,0,0.0
21,0.0300601991931417,0.0,31.064123171961675,0,0.0,0.4256770772631213,0.7851188224911749,0.0045385779122541605,0.6614583333333333,2.9740282897506196,0.9722222222222222,0.9722222222222222,35,36,381.7174096946234,61fbc2c3c47ea0b2f394bf19d5d944ff33916305affd279efd1232b2237e443b,f000d324411431a807bac72657424c44472cc457a2b2f856442e941850c00046,0.8668683812405447,0.7988369894099848,0.7,2242.85253944293,17882,1.0,0.4864997183752823,greedy_sparse,0.9591527987897126,0.20703940275417612,0.4252474155320221,66dfd4556abb84f4b99b1f3c,15.590060860999984,sensor_fault,7008,24bfb8b9aac5b87f9f268595cf4462964bd3a01da9d8089f51ed740d780fee86,21,0.0
54,0.03783975177943558,0.0,28.205819364978304,0,0.0,0.4931438593511933,0.8269567746008366,0.06505295007564296,0.5667610600103484,8.552552476061884,0.9166666666666666,0.9166666666666666,33,36,469.34951076526596,0aace0ec30ee371a7c2663e2411d8b6b713bd3c12b78091846cea85ee9e6f3b4,f000d324411431a807bac72657424c44472cc457a2b2f856442e941850c00046,0.6656580937972768,0.8416776990114746,1.8,1657.428695030075,16019,1.0,0.18552572573631454,greedy_sparse,1.0,0.1013116011096071,0.4920473986208941,c0bef7da2fc3e85c19b811f8,16.91046486999994,moving_front,7013,24bfb8b9aac5b87f9f268595cf4462964bd3a01da9d8089f51ed740d780fee86,54,0.0002521432173474533
,0.20474817196167422,0.0,95.92977811396874,0,0.0,0.31788614393222403,0.5180597579425114,0.6475037821482602,0.21354166666666666,31.403144287973703,0.7222222222222222,0.7222222222222222,26,36,1538.588902719722,7bba1255199adfdb1a1ba0c529b8275f13780540abed81a608a55c16f4b1390f,f000d324411431a807bac72657424c44472cc457a2b2f856442e941850c00046,0.2874432677760968,0.5616490166414524,,1387.2344205636005,10829,1.0,0.24649555231960962,adaptive,1.0,0.08840038911034938,0.31885873676248105,fb6893a9ab3faf10597a0831,7.885720017999915,storm,7003,24bfb8b9aac5b87f9f268595cf4462964bd3a01da9d8089f51ed740d780fee86,32,0.009077155824508321
,0.045740473622544915,0.0,32.97249457273412,0,0.0,0.5202950652867072,0.8047445684191391,0.07866868381240545,0.5278243116841344,0.896857924503409,0.9444444444444444,0.9444444444444444,34,36,363.80103570319295,5bd218142e142fa4278b4a5cda21ab3f6b168aad1e4f87cf0725f2f9c148a9ed,f000d324411431a807bac72657424c44472cc457a2b2f856442e941850c00046,0.49924357034795763,0.8343268723406373,,2496.91234309056,12915,1.0,0.27862117990640994,fixed_ring,1.0,0.1182890051982129,0.5195165621138417,a7ad306ba33e64eda1c5e7ae,5.219885440000098,moving_front,7000,24bfb8b9aac5b87f9f268595cf4462964bd3a01da9d8089f51ed740d780fee86,0,0.003277861825516894
40,0.22950548411497732,0.0,98.3717063792234,0,0.0,0.3178461275326798,0.5296268280383257,0.6414523449319214,0.25,7.970624402272079,0.6944444444444444,0.6944444444444444,25,36,413.15791737108555,fb367cc0d79aa8d9c98eb2a529262d3fdb12211bf1a4b9a1df875515bb387ab8,f000d324411431a807bac72657424c44472cc457a2b2f856442e941850c00046,0.3146747352496218,0.5711359051941501,3.9833333333333334,1584.2157162198093,11259,1.0,0.181762859151638,economic,1.0,0.059206616724839504,0.3189138930912758,1e08e1da15ccbcc2be24eb05,13.20374368399996,storm,7002,24bfb8b9aac5b87f9f268595cf4462964bd3a01da9d8089f51ed740d780fee86,40,0.010085728693898134
,0.05598221397259509,0.0,33.5318294571317,0,0.0,0.5167483919485485,0.8162673250297171,0.048411497730711045,0.5674999736991533,39.782351367396,0.9444444444444444,0.9444444444444444,34,36,1975.6584806132885,5bd218142e142fa4278b4a5cda21ab3f6b168aad1e4f87cf0725f2f9c148a9ed,f000d324411431a807bac72657424c44472cc457a2b2f856442e941850c00046,0.6444780635400907,0.8352805056134353,,940.9592761696567,15434,1.0,0.27831442699405257,adaptive,1.0,0.08815643611947171,0.5160842045515094,ecbe16569468fc65fee33bf3,8.495231131999844,moving_front,7000,24bfb8b9aac5b87f9f268595cf4462964bd3a01da9d8089f51ed740d780fee86,13,0.0012607160867372667
0,0.16782494957135652,0.0,81.38958490922843,0,0.0,0.3462633900391446,0.5710649899142712,0.5779122541603631,0.3020833333333333,2.693906600534603,0.8333333333333334,0.8055555555555556,29,36,409.23514919633925,ac5fa5d877e58450b21b5619aadcad71ab1db9e7cd210fd1cd516ef4a934c028,f000d324411431a807bac72657424c44472cc457a2b2f856442e941850c00046,0.34493192133131617,0.6188224911749873,0.0,2244.7956226991864,11615,1.0,0.3790464234613589,static_tuned,1.0,0.05162087010323037,0.34690966969238524,cc530e8683436a19a3a62b90,5.835218801999872,storm,7014,24bfb8b9aac5b87f9f268595cf4462964bd3a01da9d8089f51ed740d780fee86,0,0.004034291477559253
28,0.22412380231971757,0.0,101.40577723146747,0,0.0,0.3139597233847427,0.4784811522945032,0.6671709531013615,0.17708333333333331,10.045798699917922,0.75,0.75,27,36,470.3001342625999,b549dfc41676c63078393edb7074f42e4f0927a271f4a7ecca93c1f6bdaa8078,f000d324411431a807bac72657424c44472cc457a2b2f856442e941850c00046,0.24508320726172467,0.5676925743822491,2.8,1474.0586628337621,8880,1.0,0.31658536541684956,deadline_fusion,1.0,0.0837837643929273,0.3143674357034795,2365ef01aa2f08f86180eb58,39.20870156299998,storm,7015,24bfb8b9aac5b87f9f268595cf4462964bd3a01da9d8089f51ed740d780fee86,28,0.04841149773071104
52,0.05193950066510289,0.0,34.81519606100805,0,0.0,0.46493911246889946,0.7940474472927249,0.09531013615733737,0.5260227651082741,12.751071604257962,0.9444444444444444,0.9444444444444444,34,36,502.65394901132106,ab258b21f7221620284a3215d026dafd75f9efdf5bedb3e529bdff643d2065af,f000d324411431a807bac72657424c44472cc457a2b2f856442e941850c00046,0.6066565809379728,0.8123976497420896,5.15,1439.8077380948953,14772,1.0,0.2921293909763311,deadline_fusion,1.0,0.08424365284323919,0.46685494231152486,c3a8c9ce78c49facb4c23f68,40.063168742000016,moving_front,7006,24bfb8b9aac5b87f9f268595cf4462964bd3a01da9d8089f51ed740d780fee86,52,0.00151285930408472
40,0.21330528240040342,0.0,94.1480711043873,0,0.0,0.3177133202519751,0.5417848587997982,0.6475037821482602,0.27604166666666663,5.684010849376639,0.6944444444444444,0.6944444444444444,25,36,420.6916642388358,6ef10a6f8528f48913779ce02125f8ae67ac504fa24b04f7d539448adf330dc7,f000d324411431a807bac72657424c44472cc457a2b2f856442e941850c00046,0.32829046898638425,0.5793935955622793,1.45,1969.8153875557891,11907,1.0,0.34618778003757744,recruitment,1.0,0.07767954826165986,0.3172986006051437,26ed503abbee992f590ac405,18.419101055999818,storm,7012,24bfb8b9aac5b87f9f268595cf4462964bd3a01da9d8089f51ed740d780fee86,40,0.011094301563287945
10,0.015695915279878972,0.0,26.254412506303577,0,0.0,0.41609299046101433,0.7982381492687846,0.0045385779122541605,0.7031249999999999,3.8332268981511817,0.9444444444444444,0.9444444444444444,34,36,395.9013236888307,956a9ceb80df2feb4bb3b76f79213a7f0cb93b60e4835d44d36852e549355e78,f000d324411431a807bac72657424c44472cc457a2b2f856442e941850c00046,0.897125567322239,0.8075044125063033,1.0,2127.599374839852,18796,1.0,0.4012258241839275,deadline_fusion,0.8908219868885526,0.17994192977099868,0.41600479072112956,747a5f2c5efaf6180e18ee04,84.5969354230001,sensor_fault,7009,24bfb8b9aac5b87f9f268595cf4462964bd3a01da9d8089f51ed740d780fee86,10,0.0
24,0.03297560514372164,0.0,33.47934001512859,0,0.0,0.4164013092040775,0.7675554715078163,0.01059001512859304,0.6718749999999999,2.6754880053421384,0.9722222222222222,0.9722222222222222,35,36,377.1047492854962,fb367cc0d79aa8d9c98eb2a529262d3fdb12211bf1a4b9a1df875515bb387ab8,f000d324411431a807bac72657424c44472cc457a2b2f856442e941850c00046,0.8819969742813918,0.7779957766011093,0.85,2222.7629814737534,18691,1.0,0.3528792011277807,recruitment,1.0,0.1699393516212712,0.4168478946041351,bfa3a055a94c1aed24f1926b,15.408814386000358,sensor_fault,7002,24bfb8b9aac5b87f9f268595cf4462964bd3a01da9d8089f51ed740d780fee86,24,0.0
,0.22410016389309126,0.0,99.63718954866364,0,0.0,0.32158134580948233,0.49173443015632884,0.6399394856278366,0.16145833333333331,1.2156489090863027,0.6388888888888888,0.6388888888888888,23,36,363.93164434387245,7566b3dd58ba1b4b73cead9a88da4a0d93430742ea574afa5e3d674dbfd7a1c5,f000d324411431a807bac72657424c44472cc457a2b2f856442e941850c00046,0.26021180030257185,0.5781171205244577,,2495.008620539365,9195,1.0,0.1901235173439134,fixed_ring,1.0,0.05348567494869018,0.3219317322239032,b747212d4b13a94ec4d567d2,5.969751293999934,storm,7013,24bfb8b9aac5b87f9f268595cf4462964bd3a01da9d8089f51ed740d780fee86,0,0.056732223903177004
,0.20215582450832073,0.0,101.42618507312153,0,0.0010085728693898133,0.3144828589286994,0.44473335854765506,0.6838124054462935,0.13020833333333331,30.15506601800724,0.5833333333333334,0.5833333333333334,21,36,1507.4688911540748,b549dfc41676c63078393edb7074f42e4f0927a271f4a7ecca93c1f6bdaa8078,f000d324411431a807bac72657424c44472cc457a2b2f856442e941850c00046,0.22844175491679275,0.5698121533030761,,1651.5998849703226,8247,1.0,0.31653143092850267,adaptive,1.0,0.07948710339945761,0.3156833081190116,8ee8de900f9a349e1a1177b0,7.579222720999951,storm,7015,24bfb8b9aac5b87f9f268595cf4462964bd3a01da9d8089f51ed740d780fee86,25,0.10816944024205749
16,0.017988842662632374,0.0,27.15247573121533,0,0.0,0.41302219413867314,0.795133635905194,0.0045385779122541605,0.6927083333333333,4.611198867662264,0.9444444444444444,0.9444444444444444,34,36,410.65643759317334,956a9ceb80df2feb4bb3b76f79213a7f0cb93b60e4835d44d36852e549355e78,f000d324411431a807bac72657424c44472cc457a2b2f856442e941850c00046,0.8940998487140696,0.8042186712052445,1.5166666666666666,2115.9290516224532,18831,1.0,0.4016192232308885,fungal,0.8908219868885526,0.18114883991013553,0.41249842410489146,0b459436eb33dc2eb4796140,15.981934785999783,sensor_fault,7009,24bfb8b9aac5b87f9f268595cf4462964bd3a01da9d8089f51ed740d780fee86,16,0.0
41,0.21903366111951583,0.0,100.48553328290468,0,0.0,0.3241347799435647,0.4765112834089762,0.6611195158850227,0.13020833333333331,6.138610546858928,0.7222222222222222,0.7222222222222222,26,36,424.9365017093285,fded3c51bb367e0df8af6f8249b634fefe0cc389845c26618e90a9b29d9c3139,f000d324411431a807bac72657424c44472cc457a2b2f856442e941850c00046,0.2405446293494705,0.5742010211800301,1.5833333333333333,1903.192734967772,8648,1.0,0.3280971586198847,greedy_sparse,1.0,0.07254031595019025,0.324405887544125,da17b6abc61248ae2583c016,15.03367022700013,storm,7017,24bfb8b9aac5b87f9f268595cf4462964bd3a01da9d8089f51ed740d780fee86,41,0.07362581946545636
39,0.20854607917297022,0.0,94.36712052445789,0,0.0,0.320217056379715,0.521258825012607,0.649016641452345,0.21874999999999997,5.096608528762477,0.6944444444444444,0.6666666666666666,24,36,409.1873370162257,61fbc2c3c47ea0b2f394bf19d5d944ff33916305affd279efd1232b2237e443b,f000d324411431a807bac72657424c44472cc457a2b2f856442e941850c00046,0.30257186081694404,0.5808906959152799,1.45,1725.0165044010002,10522,1.0,0.3251696327823501,greedy_sparse,1.0,0.07806323517404588,0.320095814422592,a02b26c77928beec8744af85,13.875270225999884,storm,7008,24bfb8b9aac5b87f9f268595cf4462964bd3a01da9d8089f51ed740d780fee86,39,0.02899646999495713
47,0.03858825886954214,0.0,26.560219857826123,0,0.0,0.5385994090670102,0.839973183823151,0.06202723146747353,0.5706560004518052,11.766998856600903,0.9722222222222222,0.9722222222222222,35,36,493.4272157895317,43e354cb1fa0a5fed03587ccc8ef089b630912d128abf8941ac224ef282c99e3,f000d324411431a807bac72657424c44472cc457a2b2f856442e941850c00046,0.680786686838124,0.8612978695902741,4.683333333333334,1470.6106167355995,16021,1.0,0.4008960818315333,deadline_fusion,1.0,0.08792340061030267,0.5387009592831826,205cbf2e512491f58be936cb,44.63021010800003,moving_front,7018,24bfb8b9aac5b87f9f268595cf4462964bd3a01da9d8089f51ed740d780fee86,47,0.005547150781643973
49,0.031030972328651995,0.0,26.455288506356087,0,0.0,0.5237636301650824,0.8408561089062032,0.04387291981845688,0.5931059856973248,12.484443186216025,1.0,1.0,36,36,499.48126617847515,a9dc4e7a83ea86ea436568b7b9e6ff3f12c69e20d2897f78617ebd8a5771ceb1,f000d324411431a807bac72657424c44472cc457a2b2f856442e941850c00046,0.6565809379727685,0.8547448009703782,4.85,1458.3964397015213,16079,1.0,0.3239462432032461,fungal,1.0,0.10836077249784343,0.5257687182685028,2d6bfdba0c75dc431345d99b,17.15833854000016,moving_front,7008,24bfb8b9aac5b87f9f268595cf4462964bd3a01da9d8089f51ed740d780fee86,49,0.0
55,0.048656308709095,0.0,34.58038702940319,0,0.0,0.4596906343086799,0.7906661730761827,0.0907715582450832,0.5265233955314292,13.09767193841573,1.0,1.0,36,36,506.42568461576536,ab258b21f7221620284a3215d026dafd75f9efdf5bedb3e529bdff643d2065af,f000d324411431a807bac72657424c44472cc457a2b2f856442e941850c00046,0.5990922844175491,0.8076892413236445,5.5,1477.5851234667473,14688,1.0,0.29266284844641005,economic,1.0,0.08308061902414725,0.4617795136282556,6d31b7758cb32181670fa626,15.116182098999843,moving_front,7006,24bfb8b9aac5b87f9f268595cf4462964bd3a01da9d8089f51ed740d780fee86,55,0.00151285930408472
,0.05909646223393652,0.0,40.28823714256997,0,0.0,0.45715513175092415,0.7595168962011235,0.11043872919818457,0.4886926527325636,0.9020373986000637,0.9444444444444444,0.9166666666666666,33,36,363.80309017338766,5c27fd92e06c33f2542baf1700cf25e04b52092d15caab1ec4dc802b1a93834e,f000d324411431a807bac72657424c44472cc457a2b2f856442e941850c00046,0.5234493192133132,0.7989246409160073,,2496.3470673188476,13409,1.0,0.24172777111775323,fixed_ring,1.0,0.0968456918216426,0.455885698413168,005444f8ab4a84e1b559ccfb,6.264661973999864,moving_front,7010,24bfb8b9aac5b87f9f268595cf4462964bd3a01da9d8089f51ed740d780fee86,0,0.016893595562279373
11,0.025600416036308624,0.0,28.9339069591528,0,0.0,0.4243097969729705,0.7965834594049419,0.0,0.7135416666666666,4.006508624351129,0.9166666666666666,0.9166666666666666,33,36,396.963427242648,6ef10a6f8528f48913779ce02125f8ae67ac504fa24b04f7d539448adf330dc7,f000d324411431a807bac72657424c44472cc457a2b2f856442e941850c00046,0.9167927382753404,0.801917864346949,1.1,2172.351274763957,19495,0.967221381744831,0.5665536804665771,fungal,0.9581442259203227,0.18231124336195267,0.4255389561270802,0ec52a6a71f878a0116dc9fc,37.607769350000126,sensor_fault,7012,24bfb8b9aac5b87f9f268595cf4462964bd3a01da9d8089f51ed740d780fee86,11,0.0
0,0.026798096318709025,0.0,30.389049104891576,0,0.0,0.4236551184486294,0.7875063035804336,0.0030257186081694403,0.671875,2.3240809356984173,0.9722222222222222,0.9722222222222222,35,36,408.81837349577876,61fbc2c3c47ea0b2f394bf19d5d944ff33916305affd279efd1232b2237e443b,f000d324411431a807bac72657424c44472cc457a2b2f856442e941850c00046,0.8940998487140696,0.8003104513363589,0.0,2246.6487261598354,18473,1.0,0.4853640196965922,static_tuned,0.9641956631366615,0.19792136231169302,0.42364000252143214,79106bc99627496931877b3b,5.517048871000043,sensor_fault,7008,24bfb8b9aac5b87f9f268595cf4462964bd3a01da9d8089f51ed740d780fee86,0,0.0
50,0.037531711903077684,0.0,27.707991089364906,0,0.0,0.5167586277698352,0.8383694602208691,0.0529500756429652,0.6297524241125912,12.75089512192199,0.9166666666666666,0.9166666666666666,33,36,494.89860581393975,4359898ad5beb32bbf1d8eff13ccc594cdb32a36c3aec06531a94f326fed618b,f000d324411431a807bac72657424c44472cc457a2b2f856442e941850c00046,0.5476550680786687,0.8633916716782698,5.0,1397.176503907038,14182,1.0,0.23114224943849423,fungal,1.0,0.09902597834517136,0.5159196094274812,a897f8c4ac1bd41408e3db08,16.443506554999885,moving_front,7007,24bfb8b9aac5b87f9f268595cf4462964bd3a01da9d8089f51ed740d780fee86,50,0.0012607160867372667
28,0.21765475289964697,0.0,96.85683780887545,0,0.0,0.3095324741927579,0.5231183812405447,0.6354009077155824,0.22395833333333331,7.759831849892839,0.6944444444444444,0.6944444444444444,25,36,440.96480715796065,956a9ceb80df2feb4bb3b76f79213a7f0cb93b60e4835d44d36852e549355e78,f000d324411431a807bac72657424c44472cc457a2b2f856442e941850c00046,0.3161875945537065,0.5675665027735752,2.75,2033.0396448963656,10915,1.0,0.19491807979971038,deadline_fusion,1.0,0.07412134937249612,0.3091669818456883,3fc1b48a7699aeac53fb54ef,40.31230881500005,storm,7009,24bfb8b9aac5b87f9f268595cf4462964bd3a01da9d8089f51ed740d780fee86,28,0.006555723651033787
30,0.023118381240544626,0.0,27.92155194150277,0,0.0,0.4236930586251915,0.8008068582955117,0.0,0.7187499999999999,4.023435052171672,0.9444444444444444,0.9444444444444444,34,36,388.4306892146145,6ef10a6f8528f48913779ce02125f8ae67ac504fa24b04f7d539448adf330dc7,f000d324411431a807bac72657424c44472cc457a2b2f856442e941850c00046,0.9167927382753404,0.8069843671205243,1.05,2132.350260140773,19489,0.9677256681795261,0.5658513820601939,greedy_sparse,0.9601613716591023,0.17939531328192346,0.42512134392334844,62f1b113b3a9a42e51524cca,19.197769262000293,sensor_fault,7012,24bfb8b9aac5b87f9f268595cf4462964bd3a01da9d8089f51ed740d780fee86,30,0.0
52,0.047371010654722136,0.0,30.96100932520077,0,0.0,0.49556304555741376,0.8217317163417291,0.018154311649016642,0.6231428031933837,8.12831899883724,0.9444444444444444,0.9444444444444444,34,36,465.98454921391965,5b23548e342cd0e105b412e1f6ff973e8f388f6fbedb3fc9e75b3089b159ddd9,f000d324411431a807bac72657424c44472cc457a2b2f856442e941850c00046,0.7443267776096822,0.8351092713673257,1.7333333333333334,1595.9488223116612,16988,1.0,0.18669901966606875,recruitment,1.0,0.10014512306870743,0.49442997863839616,59b63e979bdcffd272c6b02d,17.38944148900009,moving_front,7002,24bfb8b9aac5b87f9f268595cf4462964bd3a01da9d8089f51ed740d780fee86,52,0.0
,0.053895750470740064,0.0,31.21054593623669,0,0.0,0.5428614046995733,0.842346606896148,0.012102874432677761,0.6480412478358701,34.73845534426012,0.9166666666666666,0.9166666666666666,33,36,1792.7980852065314,358f3d3ac5e4c7943da7c4ded7230c7e4afe2570f3a3d3555871e5543b789f00,f000d324411431a807bac72657424c44472cc457a2b2f856442e941850c00046,0.7745839636913767,0.8490160390011918,,956.1758849125424,17656,1.0,0.3851980657726484,adaptive,1.0,0.0946659151841869,0.5418114992026055,1b5b21263ab50638a78bfbea,8.966369465999833,moving_front,7014,24bfb8b9aac5b87f9f268595cf4462964bd3a01da9d8089f51ed740d780fee86,6,0.0
50,0.03700226573665255,0.0,27.360967272459714,0,0.0,0.5010494789263041,0.8341776443402877,0.06202723146747353,0.5993691924535037,11.937744094549952,0.9166666666666666,0.9166666666666666,33,36,498.42151524899305,0aace0ec30ee371a7c2663e2411d8b6b713bd3c12b78091846cea85ee9e6f3b4,f000d324411431a807bac72657424c44472cc457a2b2f856442e941850c00046,0.708018154311649,0.848409729487417,5.0,1620.262865058011,16525,1.0,0.18614723526536553,deadline_fusion,1.0,0.11008027775427214,0.4996833952913845,15e103bc233ee5c10ea136cf,44.97361285300008,moving_front,7013,24bfb8b9aac5b87f9f268595cf4462964bd3a01da9d8089f51ed740d780fee86,50,0.0002521432173474533
39,0.22209877710539586,0.0,97.80903303076147,0,0.0,0.3141260821920025,0.5124101739788199,0.6354009077155824,0.19270833333333334,5.334918206260855,0.7222222222222222,0.6944444444444444,25,36,418.4492142767941,7566b3dd58ba1b4b73cead9a88da4a0d93430742ea574afa5e3d674dbfd7a1c5,f000d324411431a807bac72657424c44472cc457a2b2f856442e941850c00046,0.27987897125567324,0.5732712430660615,1.4833333333333334,1988.5935142047015,10378,1.0,0.18949481665091977,greedy_sparse,1.0,0.062427162559757846,0.3143753151790216,5f9c581786cec6677885c4aa,19.36190407800018,storm,7013,24bfb8b9aac5b87f9f268595cf4462964bd3a01da9d8089f51ed740d780fee86,39,0.02697932425617751
,0.21646495209278868,0.0,99.44292107917296,0,0.0,0.34340437305667765,0.4585224407463438,0.680786686838124,0.13541666666666666,1.2312379634845514,0.8333333333333334,0.8333333333333334,30,36,363.9350346218992,20cbee7be12f3041b6f80dfbab6cf06c7cd24e2dceeb098a373acea1952196d8,f000d324411431a807bac72657424c44472cc457a2b2f856442e941850c00046,0.24357034795763993,0.5987298285426121,,2493.9316318934552,8228,1.0,0.3954582896512959,fixed_ring,1.0,0.046050078441914125,0.3436160489157841,ce5d24bc7359674fb7960ea6,5.313381220999872,storm,7018,24bfb8b9aac5b87f9f268595cf4462964bd3a01da9d8089f51ed740d780fee86,0,0.10514372163388805
0,0.011480395864851235,0.0,23.299254601613715,0,0.0,0.42242775634058033,0.8106562027231468,0.0045385779122541605,0.6979166666666665,2.3261660285807313,1.0,1.0,35,35,408.84217334811945,9b5a428363b62ad024a6d518c6bdc283191d1cf8739502f5298786104f688bf6,f000d324411431a807bac72657424c44472cc457a2b2f856442e941850c00046,0.903177004538578,0.8254065809379726,0.0,2246.9576850595704,18832,1.0,0.4906701379547855,static_tuned,0.9165405950579928,0.19996434459152118,0.42189863842662634,698dedbce6bfb6b5a977fb52,7.131337904000247,sensor_fault,7001,24bfb8b9aac5b87f9f268595cf4462964bd3a01da9d8089f51ed740d780fee86,0,0.0020171457387796266
0,0.22789807110438728,0.0,98.17385274836107,0,0.0,0.3068676140089278,0.5284843040847201,0.6641452344931922,0.2708333333333333,2.7115131245060438,0.75,0.75,27,36,409.2497930319026,c01d3e850dcea516d0864d501fedc94fd615e60fababbc941400707247a8bedb,f000d324411431a807bac72657424c44472cc457a2b2f856442e941850c00046,0.3585476550680787,0.5644147125567323,0.0,2245.067099711826,12286,1.0,0.19940680019607324,static_tuned,1.0,0.0843912833485829,0.30727590771558244,59c117f738df967290b73d76,5.434654462999788,storm,7016,24bfb8b9aac5b87f9f268595cf4462964bd3a01da9d8089f51ed740d780fee86,0,0.004034291477559253
,0.1943709026727181,0.0,93.61439422592032,0,0.0,0.32922676763663034,0.4997163388804841,0.642965204236006,0.16145833333333331,1.1781213871902292,0.6857142857142857,0.6571428571428571,23,35,363.913412468455,9b5a428363b62ad024a6d518c6bdc283191d1cf8739502f5298786104f688bf6,f000d324411431a807bac72657424c44472cc457a2b2f856442e941850c00046,0.24205748865355523,0.5880688981341401,,2495.0936667415494,8762,1.0,0.3701934921988972,fixed_ring,1.0,0.08598420407531542,0.3287317196167423,84527ed0b09d06a7109ffbf1,6.005593936000082,storm,7001,24bfb8b9aac5b87f9f268595cf4462964bd3a01da9d8089f51ed740d780fee86,0,0.06202723146747353
44,0.2229970373171961,0.0,98.1201935199193,0,0.0,0.3107422522683876,0.5230947428139182,0.6399394856278366,0.22916666666666663,8.475186045066202,0.75,0.75,27,36,422.4333435283334,956a9ceb80df2feb4bb3b76f79213a7f0cb93b60e4835d44d36852e549355e78,f000d324411431a807bac72657424c44472cc457a2b2f856442e941850c00046,0.30257186081694404,0.5673379979828542,4.4,2017.7904798994189,10770,1.0,0.19482064358000453,economic,1.0,0.07653798330535035,0.3104907337367625,b38b8b1349374485c641087b,15.50095146800004,storm,7009,24bfb8b9aac5b87f9f268595cf4462964bd3a01da9d8089f51ed740d780fee86,44,0.005799293998991426
26,0.023709341906202722,0.0,28.27699508320726,0,0.0,0.42509438471397715,0.7997510085728693,0.0,0.7187499999999999,5.48037040228674,0.9444444444444444,0.9444444444444444,34,36,388.53658215936844,6ef10a6f8528f48913779ce02125f8ae67ac504fa24b04f7d539448adf330dc7,f000d324411431a807bac72657424c44472cc457a2b2f856442e941850c00046,0.9198184568835098,0.8051484493192134,2.6,2078.3730223696552,19542,0.9674735249621785,0.5658628501291728,economic,0.9601613716591023,0.1794641818639554,0.42612991679273826,17e22b0d58a07c19f428baf1,19.943507472999954,sensor_fault,7012,24bfb8b9aac5b87f9f268595cf4462964bd3a01da9d8089f51ed740d780fee86,26,0.0
6,0.030871785173978827,0.0,33.20407053706505,0,0.0,0.4114077282017084,0.767523953605648,0.0030257186081694403,0.6718749999999999,2.6552035556407616,0.9722222222222222,0.9722222222222222,35,36,383.47098322776594,fb367cc0d79aa8d9c98eb2a529262d3fdb12211bf1a4b9a1df875515bb387ab8,f000d324411431a807bac72657424c44472cc457a2b2f856442e941850c00046,0.8895612708018155,0.777168431669188,0.6,2225.1251978104174,18980,1.0,0.35348313409957305,deadline_fusion,1.0,0.1687811033592794,0.41172623550176496,23e142cff0e46c068ecdc508,40.9207790610003,sensor_fault,7002,24bfb8b9aac5b87f9f268595cf4462964bd3a01da9d8089f51ed740d780fee86,6,0.0
59,0.053264515835756386,0.0,33.658754257193756,0,0.0,0.49951751342634015,0.801352612786401,0.08925869894099848,0.581083193858588,9.944548800952502,1.0,0.9722222222222222,35,36,485.4156833822859,5c27fd92e06c33f2542baf1700cf25e04b52092d15caab1ec4dc802b1a93834e,f000d324411431a807bac72657424c44472cc457a2b2f856442e941850c00046,0.5809379727685325,0.8369329382345556,1.9666666666666666,1446.6226176995358,14437,1.0,0.2400577479663369,greedy_sparse,1.0,0.09893738664866936,0.4991396205279764,16d1a8054923d6a037ca0166,17.30742759000009,moving_front,7010,24bfb8b9aac5b87f9f268595cf4462964bd3a01da9d8089f51ed740d780fee86,59,0.01361573373676248
34,0.013599974785678266,0.0,19.83520076903681,0,0.0,0.4700041138813405,0.8549230963187088,0.0,0.7812499999999999,3.8659586587080663,0.9444444444444444,0.9444444444444444,34,36,384.572985638622,ac5fa5d877e58450b21b5619aadcad71ab1db9e7cd210fd1cd516ef4a934c028,f000d324411431a807bac72657424c44472cc457a2b2f856442e941850c00046,0.9288956127080181,0.8612818330811899,1.1333333333333333,2147.5027304833925,19182,1.0,0.42860008663048405,greedy_sparse,1.0,0.19951009875483636,0.46902578164397374,7a9835c653656cf12de4f570,18.37839775500015,sensor_fault,7014,24bfb8b9aac5b87f9f268595cf4462964bd3a01da9d8089f51ed740d780fee86,34,0.0
,0.0247809505799294,0.0,31.20390506807867,0,0.0,0.44343756469313067,0.7730159480584972,0.01361573373676248,0.671875,0.9143229596451434,1.0,1.0,36,36,363.4338798460465,20cbee7be12f3041b6f80dfbab6cf06c7cd24e2dceeb098a373acea1952196d8,f000d324411431a807bac72657424c44472cc457a2b2f856442e941850c00046,0.6686838124054463,0.7968277231467473,,2496.6669100035497,15267,1.0,0.3949330300075646,fixed_ring,0.959909228441755,0.16806200842891347,0.4431811018658598,6cc9213e217825a8c0401f17,6.804391669999859,sensor_fault,7018,24bfb8b9aac5b87f9f268595cf4462964bd3a01da9d8089f51ed740d780fee86,0,0.00680786686838124
43,0.16648543872919816,0.0,81.38757564296519,0,0.0,0.35082618419488415,0.5686932677760967,0.5779122541603631,0.2864583333333333,5.3286254199993,0.8055555555555556,0.8055555555555556,29,36,410.03482918694584,ac5fa5d877e58450b21b5619aadcad71ab1db9e7cd210fd1cd516ef4a934c028,f000d324411431a807bac72657424c44472cc457a2b2f856442e941850c00046,0.3101361573373676,0.6204062657589511,1.5166666666666666,2000.5505039166164,10968,1.0,0.3791289907104836,recruitment,1.0,0.053956129924437345,0.35134581442259194,97c0df452d30192edf2dc492,14.818122781000056,storm,7014,24bfb8b9aac5b87f9f268595cf4462964bd3a01da9d8089f51ed740d780fee86,43,0.006051437216338879
0,0.02425302571860817,0.0,30.72991521684317,0,0.0,0.4156498951907636,0.7744578920827029,0.019667170953101363,0.6614583333333333,2.339340467464601,0.9444444444444444,0.9444444444444444,34,36,408.8229126610962,b9aa9c192ff362205c201c037cc4f3c7c2aba8b7e0c4fd0ef068255fea54f756,f000d324411431a807bac72657424c44472cc457a2b2f856442e941850c00046,0.7745839636913767,0.7924073373676248,0.0,2246.6568935725545,16512,1.0,0.39551550482276693,static_tuned,0.9649520927887039,0.1751720831462652,0.41489378466969234,52196b033d9e01da6bf65465,5.038654190000216,sensor_fault,7007,24bfb8b9aac5b87f9f268595cf4462964bd3a01da9d8089f51ed740d780fee86,0,0.0005042864346949066
,0.06407843372745367,0.0,35.045475361107776,0,0.0,0.5327448515759551,0.8226006335712314,0.05597579425113464,0.5809447648512626,36.520011266926005,0.9444444444444444,0.9444444444444444,34,36,1881.1668236169553,43e354cb1fa0a5fed03587ccc8ef089b630912d128abf8941ac224ef282c99e3,f000d324411431a807bac72657424c44472cc457a2b2f856442e941850c00046,0.7019667170953101,0.8409605143249507,,1005.6920428830321,16219,1.0,0.3958719993095347,adaptive,1.0,0.07529684411984748,0.5341244193372682,556c115bbc58550eb19248bf,10.660976899000161,moving_front,7018,24bfb8b9aac5b87f9f268595cf4462964bd3a01da9d8089f51ed740d780fee86,9,0.006051437216338881
,0.033188350983358546,0.0,33.51928895612708,0,0.0,0.41623147431421215,0.7706048285426121,0.0030257186081694403,0.6927083333333333,0.906298851515332,0.9444444444444444,0.9444444444444444,34,36,363.4354048300562,c01d3e850dcea516d0864d501fedc94fd615e60fababbc941400707247a8bedb,f000d324411431a807bac72657424c44472cc457a2b2f856442e941850c00046,0.8804841149773072,0.783015002521432,,2496.9812993656305,17873,1.0,0.4019044993876837,fixed_ring,1.0,0.16509500226913912,0.4161623802319717,021329c26b177b7cc1c1febc,7.168692194999949,sensor_fault,7016,24bfb8b9aac5b87f9f268595cf4462964bd3a01da9d8089f51ed740d780fee86,0,0.0
51,0.04055198170168424,0.0,27.163683268492093,0,0.0,0.5204648710334548,0.8487974191757537,0.0226928895612708,0.6792393956186077,12.579407611073178,1.0,1.0,36,36,504.66631026335915,5e29696557cda66a921641f993e950ae2ed95f14de01a827d8e1fe0231f9c807,f000d324411431a807bac72657424c44472cc457a2b2f856442e941850c00046,0.7685325264750378,0.8605451935000173,5.083333333333333,1571.7391286497111,17467,1.0,0.20516564009767682,deadline_fusion,1.0,0.11677872585155363,0.5193306079470857,c9983f3d4dd010b887f791ae,44.90197825700011,moving_front,7016,24bfb8b9aac5b87f9f268595cf4462964bd3a01da9d8089f51ed740d780fee86,51,0.0002521432173474533
0,0.22101928895612705,0.0,98.69539523449318,0,0.0,0.3031241179078316,0.5117325390821986,0.6354009077155824,0.19270833333333331,2.6919814426629145,0.7222222222222222,0.7222222222222222,26,36,409.22562384427613,7566b3dd58ba1b4b73cead9a88da4a0d93430742ea574afa5e3d674dbfd7a1c5,f000d324411431a807bac72657424c44472cc457a2b2f856442e941850c00046,0.3177004538577912,0.5589227181038829,0.0,2245.0086844403254,11086,1.0,0.19137826289941892,static_tuned,1.0,0.058395238699722726,0.3027136913767019,dc99b59615c15dfa39f41f9f,6.307812242999944,storm,7013,24bfb8b9aac5b87f9f268595cf4462964bd3a01da9d8089f51ed740d780fee86,0,0.018406454866364094
15,0.2363921457387796,0.0,104.19018690115986,0,0.0,0.3059037432030893,0.4789145234493191,0.6732223903177005,0.18229166666666666,5.554433577638781,0.8333333333333334,0.7777777777777778,28,36,411.6457363093379,c0265f2f5da1b8f1e6334a7d1da15d24852be86831d4583cf0a020b238d73be2,f000d324411431a807bac72657424c44472cc457a2b2f856442e941850c00046,0.25718608169440244,0.5571655950579929,1.4666666666666666,2092.5212737368593,9389,1.0,0.23822390779054942,fungal,1.0,0.06926108844271578,0.3057236510337872,1838423a555d97bcf94c4470,14.658858199000179,storm,7010,24bfb8b9aac5b87f9f268595cf4462964bd3a01da9d8089f51ed740d780fee86,15,0.037821482602118005
16,0.028192763489662126,0.0,30.8492892713061,0,0.0,0.4093142347116679,0.7811081694402421,0.0,0.6927083333333333,4.450684635402913,0.9444444444444444,0.9444444444444444,34,36,401.7800989362534,1ffbd60f44c9f81edacbd6236060262a241240e41dabbe8776c51fac2266503a,f000d324411431a807bac72657424c44472cc457a2b2f856442e941850c00046,0.8986384266263238,0.7894998108925868,1.6,2091.975200247252,18551,1.0,0.2924733391324531,deadline_fusion,0.9596570852244074,0.15733064756582993,0.4097248487140696,36bd96041fe3796a1b53b793,34.91441747199997,sensor_fault,7004,24bfb8b9aac5b87f9f268595cf4462964bd3a01da9d8089f51ed740d780fee86,16,0.0
,0.03977559253656076,0.0,35.64863842662633,0,0.0,0.4132269503538336,0.7612912884518406,0.0030257186081694403,0.6510416666666666,2.850337561493232,0.9722222222222222,0.9722222222222222,35,36,379.9233300987734,7566b3dd58ba1b4b73cead9a88da4a0d93430742ea574afa5e3d674dbfd7a1c5,f000d324411431a807bac72657424c44472cc457a2b2f856442e941850c00046,0.7518910741301059,0.7761834972264245,,2396.0955597117895,16443,0.9626828038325768,0.4670205942241628,adaptive,0.9392334846192636,0.20042049139402018,0.411655320221886,2d4b58bfad86fd317b654141,11.497532100000171,sensor_fault,7013,24bfb8b9aac5b87f9f268595cf4462964bd3a01da9d8089f51ed740d780fee86,9,0.0002521432173474533
44,0.21153240040342913,0.0,94.34600353000504,0,0.0,0.32293504500274844,0.5315494200706,0.6641452344931922,0.23958333333333331,9.983701327928959,0.8333333333333334,0.75,27,36,456.75720008876783,1ffbd60f44c9f81edacbd6236060262a241240e41dabbe8776c51fac2266503a,f000d324411431a807bac72657424c44472cc457a2b2f856442e941850c00046,0.29652042360060515,0.5901175617750881,4.4,1765.4388596261535,10517,1.0,0.24861803456989862,economic,1.0,0.059281408289203696,0.323381555723651,fd4ed1046667eddf36fbfb90,14.796530264000012,storm,7004,24bfb8b9aac5b87f9f268595cf4462964bd3a01da9d8089f51ed740d780fee86,44,0.01588502269288956
55,0.03289733267378526,0.0,21.976538258367906,0,0.0,0.5608714146132965,0.8807389073998351,0.01361573373676248,0.7038147665642669,9.584779107349176,1.0,1.0,36,36,487.0653689739111,358f3d3ac5e4c7943da7c4ded7230c7e4afe2570f3a3d3555871e5543b789f00,f000d324411431a807bac72657424c44472cc457a2b2f856442e941850c00046,0.7034795763993948,0.8891477721630331,1.8333333333333333,1542.2075128097506,16932,1.0,0.3909832696501511,greedy_sparse,1.0,0.15030285381770497,0.5600700092017377,021e9eb2a041400a64b88fa2,17.88884012099993,moving_front,7014,24bfb8b9aac5b87f9f268595cf4462964bd3a01da9d8089f51ed740d780fee86,55,0.0
11,0.023354765506807866,0.0,30.467607476046396,0,0.0,0.4161441512024719,0.7742924230963186,0.019667170953101363,0.6718749999999999,4.071827832419113,0.9444444444444444,0.9444444444444444,34,36,399.46093018719415,b9aa9c192ff362205c201c037cc4f3c7c2aba8b7e0c4fd0ef068255fea54f756,f000d324411431a807bac72657424c44472cc457a2b2f856442e941850c00046,0.7488653555219364,0.7934080307614724,1.1,2165.4214108673173,16058,1.0,0.39472928197117857,fungal,0.9636913767019667,0.1791975729936259,0.4153665532022188,84f619cf6c035ef62ced50ee,13.828297623999788,sensor_fault,7007,24bfb8b9aac5b87f9f268595cf4462964bd3a01da9d8089f51ed740d780fee86,11,0.0005042864346949066
18,0.014230332829046899,0.0,28.463581064044376,0,0.0,0.4247643884584474,0.7814942637418052,0.01664145234493192,0.6458333333333333,5.3087900185004555,1.0,1.0,36,36,418.801108836447,fded3c51bb367e0df8af6f8249b634fefe0cc389845c26618e90a9b29d9c3139,f000d324411431a807bac72657424c44472cc457a2b2f856442e941850c00046,0.7337367624810892,0.7981435955622793,1.8,2140.3642207161247,15837,1.0,0.3622093977760617,fungal,0.9646999495713566,0.16466724510554842,0.4253734871406959,b953dd04b933400d92db41f3,20.800447556999643,sensor_fault,7017,24bfb8b9aac5b87f9f268595cf4462964bd3a01da9d8089f51ed740d780fee86,18,0.0005042864346949066
0,0.03744326777609682,0.0,33.750866742309626,0,0.0,0.415424349424406,0.7688161875945536,0.006051437216338881,0.6562499999999999,2.345653266521095,0.9722222222222222,0.9722222222222222,35,36,408.8354669042925,b549dfc41676c63078393edb7074f42e4f0927a271f4a7ecca93c1f6bdaa8078,f000d324411431a807bac72657424c44472cc457a2b2f856442e941850c00046,0.7609682299546142,0.786143154311649,0.0,2247.5087878923755,16181,1.0,0.41963519252802756,static_tuned,0.9624306606152294,0.16903181112570462,0.4154847453353504,eeedb41a02ba5dcac1d6e25f,12.907711462000407,sensor_fault,7015,24bfb8b9aac5b87f9f268595cf4462964bd3a01da9d8089f51ed740d780fee86,0,0.0012607160867372667
50,0.037720118361458915,0.0,28.62752568371377,0,0.0,0.500566901903762,0.8290179246403244,0.06354009077155824,0.5704150685002052,8.080643753611998,1.0,1.0,36,36,466.44773943204154,ddbf34503eff23fbcd394039890145ec197c5f33f339d9222c1ea54ac42702a6,f000d324411431a807bac72657424c44472cc457a2b2f856442e941850c00046,0.708018154311649,0.8383306340788317,1.6666666666666667,1595.3398722640318,16555,1.0,0.24724975899183835,recruitment,1.0,0.08579566064294412,0.5006189687344647,c2c0112ae70a9dfddd4fa77a,16.47897226100008,moving_front,7003,24bfb8b9aac5b87f9f268595cf4462964bd3a01da9d8089f51ed740d780fee86,50,0.0
14,0.011961043872919817,0.0,23.627277168431668,0,0.0,0.44434798345215426,0.8156360312657589,0.0015128593040847202,0.7343749999999999,4.312506093080786,1.0,1.0,36,36,400.9162861774196,50b7b3fbf7cedf803850a0428d40ee1ccc4080b783db00698cf7730c8a755b36,f000d324411431a807bac72657424c44472cc457a2b2f856442e941850c00046,0.869894099848714,0.8259345057992938,1.4,2145.76286797252,18251,1.0,0.3350003171114693,deadline_fusion,0.962178517397882,0.17469608905011746,0.44523764498234986,2d548592948d2aa2ba65c133,48.320978295999794,sensor_fault,7011,24bfb8b9aac5b87f9f268595cf4462964bd3a01da9d8089f51ed740d780fee86,14,0.0
0,0.02932857063959403,0.0,28.39251715286998,0,0.0,0.4677970453182032,0.8157824185524728,0.05446293494704992,0.5721189717856905,2.3305787076297855,0.9722222222222222,0.9722222222222222,35,36,409.3126084784473,760400fc1b0b776e9c52ee32311a1069b16aa52520e6f2d9a36a2dd8b57f7ebd,f000d324411431a807bac72657424c44472cc457a2b2f856442e941850c00046,0.8472012102874432,0.8217377740823346,0.0,2245.878242437496,18679,1.0,0.3479277478525992,static_tuned,1.0,0.09098565579674153,0.46729789735766386,cc3af6b6c0b8f31bde9036b2,6.287785514999996,moving_front,7012,24bfb8b9aac5b87f9f268595cf4462964bd3a01da9d8089f51ed740d780fee86,0,0.0
,0.017374243570347957,0.0,26.208238779626825,0,0.0,0.4172980711476841,0.7954566944024204,0.0,0.6822916666666666,0.8996533488170264,0.9722222222222222,0.9722222222222222,35,36,363.4317570522771,7bba1255199adfdb1a1ba0c529b8275f13780540abed81a608a55c16f4b1390f,f000d324411431a807bac72657424c44472cc457a2b2f856442e941850c00046,0.8335854765506808,0.806007312153303,,2496.2954051765723,17406,1.0,0.44002158981852457,fixed_ring,0.9500756429652042,0.18458062922279808,0.4173127836611195,6732eb8932cef03a2bdca51b,6.424082830999851,sensor_fault,7003,24bfb8b9aac5b87f9f268595cf4462964bd3a01da9d8089f51ed740d780fee86,0,0.0
,0.19574193141704488,0.0,95.20092662632375,0,0.0,0.3439301384232874,0.4716417675239536,0.6580937972768532,0.125,1.2460881671246629,0.6388888888888888,0.6388888888888888,23,36,363.9476153288737,e5eb0adce92def657b42daaff1168729498af6b7f7eacaec91555308393fbb04,f000d324411431a807bac72657424c44472cc457a2b2f856442e941850c00046,0.24357034795763993,0.5986352748361069,,2494.870140049163,8300,1.0,0.31301912948916566,fixed_ring,1.0,0.04904931813516175,0.3446561396873424,12bddb42a320ac4e924319ea,5.104864912000039,storm,7005,24bfb8b9aac5b87f9f268595cf4462964bd3a01da9d8089f51ed740d780fee86,0,0.11800302571860817
0,0.03076935199193142,0.0,30.242884833585478,0,0.0,0.43330017185139236,0.7922261094301563,0.009077155824508321,0.6822916666666665,2.346721270328875,0.9166666666666666,0.9166666666666666,33,36,408.8672197504983,5f8536aad221b558feae01abd9e48012ffd43f0d986448ef31076303591affbe,f000d324411431a807bac72657424c44472cc457a2b2f856442e941850c00046,0.8184568835098336,0.8040216843166917,0.0,2247.1341233655844,17069,1.0,0.4903046848290183,static_tuned,0.9644478063540091,0.18783330253781164,0.432465015128593,c6f5f9d0524d829da1d81e2d,6.781004410999685,sensor_fault,7000,24bfb8b9aac5b87f9f268595cf4462964bd3a01da9d8089f51ed740d780fee86,0,0.0005042864346949066
33,0.22957639939485627,0.0,101.9617924230963,0,0.0,0.30816065989380775,0.4845010716086737,0.6656580937972768,0.171875,9.329539687095142,0.8333333333333334,0.8333333333333334,30,36,456.31701973547945,c0265f2f5da1b8f1e6334a7d1da15d24852be86831d4583cf0a020b238d73be2,f000d324411431a807bac72657424c44472cc457a2b2f856442e941850c00046,0.2586989409984871,0.5632564296520423,3.283333333333333,1604.0530173149891,9488,1.0,0.23830292262900615,deadline_fusion,1.0,0.06927473347588202,0.30870997226424607,a16d66062a8b257245f056f3,44.748931688000084,storm,7010,24bfb8b9aac5b87f9f268595cf4462964bd3a01da9d8089f51ed740d780fee86,33,0.03328290468986384
0,0.21217063792233987,0.0,98.08268721633888,0,0.0002521432173474533,0.31363649916119174,0.4919786938981341,0.6732223903177005,0.13020833333333331,2.682098327364138,0.8333333333333334,0.7777777777777778,28,36,409.2144862162151,b9aa9c192ff362205c201c037cc4f3c7c2aba8b7e0c4fd0ef068255fea54f756,f000d324411431a807bac72657424c44472cc457a2b2f856442e941850c00046,0.2874432677760968,0.5726408850226928,0.0,2243.8610698342604,9835,1.0,0.22362703159900163,static_tuned,1.0,0.04037287019840546,0.31344553706505296,a6efc1a9fa454a608586532c,5.290297191000036,storm,7007,24bfb8b9aac5b87f9f268595cf4462964bd3a01da9d8089f51ed740d780fee86,0,0.061522945032778616
,0.03748266515380736,0.0,37.62591401916288,0,0.0,0.3805647744308295,0.7429557488653553,0.015128593040847202,0.6197916666666666,0.9021525809303287,0.9722222222222222,0.9722222222222222,35,36,363.43287373227435,5772c05e39ffe56db9fe4d550c615751b591862ac0732ff00bde5b9c136479f3,f000d324411431a807bac72657424c44472cc457a2b2f856442e941850c00046,0.5521936459909228,0.7657983484619263,,2496.75963377726,13944,1.0,0.49459945920981835,fixed_ring,0.8908219868885526,0.2039970786690631,0.3825091401916288,4a741d9762748c4027f2b24e,5.713799683000161,sensor_fault,7006,24bfb8b9aac5b87f9f268595cf4462964bd3a01da9d8089f51ed740d780fee86,0,0.0
29,0.026183497226424605,0.0,30.297607791225417,0,0.0,0.4094879200134831,0.7818567196167423,0.0015128593040847202,0.6927083333333333,5.410669117068907,0.9444444444444444,0.9444444444444444,34,36,398.27910374321505,1ffbd60f44c9f81edacbd6236060262a241240e41dabbe8776c51fac2266503a,f000d324411431a807bac72657424c44472cc457a2b2f856442e941850c00046,0.903177004538578,0.7899016641452344,2.8833333333333333,2186.2771161777814,18600,1.0,0.29241181101609875,economic,0.961169944528492,0.15588198683849216,0.40958301815431164,fd998e1e9c3d52dde1c7b7c8,13.992111403000308,sensor_fault,7004,24bfb8b9aac5b87f9f268595cf4462964bd3a01da9d8089f51ed740d780fee86,29,0.0
23,0.02061270801815431,0.0,31.0690872415532,0,0.0,0.40595925650879155,0.7632611573373677,0.02723146747352496,0.65625,2.863080566215401,1.0,1.0,36,36,379.36570722036936,c0265f2f5da1b8f1e6334a7d1da15d24852be86831d4583cf0a020b238d73be2,f000d324411431a807bac72657424c44472cc457a2b2f856442e941850c00046,0.7579425113464447,0.7869074634392333,0.7833333333333333,2235.542212631508,16175,1.0,0.26207874458457425,recruitment,0.9578920827029752,0.17244008343803402,0.40580874936964195,0bec75269a5a7022399130af,22.821128183999917,sensor_fault,7010,24bfb8b9aac5b87f9f268595cf4462964bd3a01da9d8089f51ed740d780fee86,23,0.0037821482602118004
53,0.04079334186887004,0.0,31.25923520657457,0,0.0,0.5018649029632726,0.8059433142684511,0.07413010590015129,0.5312778729916018,8.385915957468555,0.9444444444444444,0.9444444444444444,34,36,467.71818549662714,277879760b7636cf423ed8f2b038495b33a699b960bf9fcac3c05a45a91ae287,f000d324411431a807bac72657424c44472cc457a2b2f856442e941850c00046,0.5779122541603631,0.8424424960831057,1.7666666666666666,1536.4522700282955,13891,1.0,0.3237729439069047,recruitment,1.0,0.09523486839291329,0.5038503395669897,6a443ab9d014e7544b4fee0d,16.200727041999926,moving_front,7015,24bfb8b9aac5b87f9f268595cf4462964bd3a01da9d8089f51ed740d780fee86,53,0.00983358547655068
52,0.03271996394417608,0.0,26.17734930743065,0,0.0,0.522547575555677,0.8434291923417432,0.036308623298033284,0.6328105006379896,13.179439474805982,0.9722222222222222,0.9722222222222222,35,36,518.8373306750068,6e2d005a512f8f795588b53a08d35435fd833e215d9a9396f9ada02b8104fa48,f000d324411431a807bac72657424c44472cc457a2b2f856442e941850c00046,0.7231467473524962,0.8553748877871905,5.166666666666667,1556.614883148375,16887,1.0,0.19695706428560747,fungal,1.0,0.0982519080056108,0.5212834988763915,24b269cdad77111b92d84d6b,18.84129649800002,moving_front,7009,24bfb8b9aac5b87f9f268595cf4462964bd3a01da9d8089f51ed740d780fee86,52,0.0
,0.20491364094805845,0.0,97.11559978567827,0,0.0,0.34316028923026365,0.46979009077155826,0.680786686838124,0.13541666666666666,17.8160824149329,0.8611111111111112,0.8611111111111112,31,36,879.5198357225009,20cbee7be12f3041b6f80dfbab6cf06c7cd24e2dceeb098a373acea1952196d8,f000d324411431a807bac72657424c44472cc457a2b2f856442e941850c00046,0.24357034795763993,0.6014088502269288,,2201.641194739455,8316,1.0,0.3958831390158043,adaptive,1.0,0.04621966148149617,0.3435214952092788,c93977dbb08c76113d90d17b,6.904046547999997,storm,7018,24bfb8b9aac5b87f9f268595cf4462964bd3a01da9d8089f51ed740d780fee86,20,0.10136157337367625
23,0.02921709531013616,0.0,31.466724974785677,0,0.0,0.4045137600682153,0.776065305093293,0.0,0.671875,4.349237284120298,0.9722222222222222,0.9722222222222222,35,36,386.95671194647497,7566b3dd58ba1b4b73cead9a88da4a0d93430742ea574afa5e3d674dbfd7a1c5,f000d324411431a807bac72657424c44472cc457a2b2f856442e941850c00046,0.875945537065053,0.7858437342410488,2.283333333333333,2110.8448652492134,18362,0.9639435199193143,0.4641757320787206,economic,0.9536056480080685,0.18347989025840006,0.4028854639435199,708eefebcd4bda59f62c83ba,18.7658561989997,sensor_fault,7013,24bfb8b9aac5b87f9f268595cf4462964bd3a01da9d8089f51ed740d780fee86,23,0.0
53,0.03953306901569055,0.0,28.082856561732363,0,0.0,0.5261501044206655,0.8282092636349323,0.07866868381240545,0.5354655178588343,8.831435083606673,0.9722222222222222,0.9722222222222222,35,36,473.62436775417245,43e354cb1fa0a5fed03587ccc8ef089b630912d128abf8941ac224ef282c99e3,f000d324411431a807bac72657424c44472cc457a2b2f856442e941850c00046,0.6580937972768532,0.8497095746512571,1.7666666666666666,1477.9664786934698,15653,1.0,0.4002786554614885,greedy_sparse,1.0,0.08430365911426511,0.5264025889918508,e3fa2f8c42752f323df8f928,17.868471674000148,moving_front,7018,24bfb8b9aac5b87f9f268595cf4462964bd3a01da9d8089f51ed740d780fee86,53,0.006303580433686333
53,0.03645232535781569,0.0,27.690198248184316,0,0.0,0.5220621423450484,0.8333194418742635,0.046898638426626324,0.6114844200532497,8.789516615130593,0.9722222222222222,0.9722222222222222,35,36,475.1312394864715,6e2d005a512f8f795588b53a08d35435fd833e215d9a9396f9ada02b8104fa48,f000d324411431a807bac72657424c44472cc457a2b2f856442e941850c00046,0.6989409984871406,0.8452668069805049,1.7666666666666666,1501.072396756807,16486,1.0,0.19695544734844042,greedy_sparse,1.0,0.09574043965614158,0.5206563224243477,9a1b204084511aebfb3b46fa,16.560025708000012,moving_front,7009,24bfb8b9aac5b87f9f268595cf4462964bd3a01da9d8089f51ed740d780fee86,53,0.0
27,0.025348272818961168,0.0,28.422962367624812,0,0.0,0.4270561075509509,0.8007595814422591,0.0,0.7187499999999999,3.315465819703695,0.9166666666666666,0.9166666666666666,33,36,382.10392232240275,6ef10a6f8528f48913779ce02125f8ae67ac504fa24b04f7d539448adf330dc7,f000d324411431a807bac72657424c44472cc457a2b2f856442e941850c00046,0.9167927382753404,0.8065115985879979,0.9166666666666666,2183.946007169675,19453,0.9677256681795261,0.5662590628858538,recruitment,0.9606656580937972,0.1795355372931862,0.42800523197175994,da772b90dda9d5979d0674ad,38.40327327399973,sensor_fault,7012,24bfb8b9aac5b87f9f268595cf4462964bd3a01da9d8089f51ed740d780fee86,27,0.0
,0.20976739788199697,0.0,101.75751701966718,0,0.0020171457387796266,0.3352702488192273,0.4463013741805345,0.670196671709531,0.07291666666666666,24.877465287025924,0.7777777777777778,0.7777777777777778,28,36,1185.5905623148963,fded3c51bb367e0df8af6f8249b634fefe0cc389845c26618e90a9b29d9c3139,f000d324411431a807bac72657424c44472cc457a2b2f856442e941850c00046,0.22995461422087746,0.5858311270801814,,1691.9947668859566,8017,1.0,0.32932744257624935,adaptive,1.0,0.07797254626561388,0.33578385022692886,16e941c0d67c1cd5d85d8cde,9.026960615999997,storm,7017,24bfb8b9aac5b87f9f268595cf4462964bd3a01da9d8089f51ed740d780fee86,31,0.15153807362581947
53,0.047699787114038265,0.0,31.008339382438148,0,0.0,0.49665623851267987,0.8223843883409053,0.01664145234493192,0.6271221515084396,8.792306919777307,0.9444444444444444,0.9444444444444444,34,36,474.69017147743637,5b23548e342cd0e105b412e1f6ff973e8f388f6fbedb3fc9e75b3089b159ddd9,f000d324411431a807bac72657424c44472cc457a2b2f856442e941850c00046,0.7443267776096822,0.8355483514925803,1.7666666666666666,1561.7950120533565,17018,1.0,0.1868332792108568,greedy_sparse,1.0,0.10045385986593075,0.4960573531640323,28f9b3637661e56eb71517f0,17.779555524999978,moving_front,7002,24bfb8b9aac5b87f9f268595cf4462964bd3a01da9d8089f51ed740d780fee86,53,0.0
56,0.03307196460069128,0.0,26.5595786189602,0,0.0,0.5430338391279463,0.8393371923396743,0.049924357034795766,0.6095118006876077,8.836194059527967,0.9166666666666666,0.9166666666666666,33,36,478.27790376023046,5bd218142e142fa4278b4a5cda21ab3f6b168aad1e4f87cf0725f2f9c148a9ed,f000d324411431a807bac72657424c44472cc457a2b2f856442e941850c00046,0.5824508320726173,0.8586765059376652,1.8666666666666667,1515.0003086547554,14423,1.0,0.28016134657079506,recruitment,1.0,0.1261153879361736,0.5426683366751263,0a4faa08725e5cb0c4b42f1e,14.586424636999936,moving_front,7000,24bfb8b9aac5b87f9f268595cf4462964bd3a01da9d8089f51ed740d780fee86,56,0.0025214321734745334
56,0.036967932129486444,0.0,28.826304601020375,0,0.0,0.5140566764608685,0.8320678142927226,0.057488653555219364,0.5783704380986436,9.378944720747716,0.9722222222222222,0.9722222222222222,35,36,482.9445543451346,a9dc4e7a83ea86ea436568b7b9e6ff3f12c69e20d2897f78617ebd8a5771ceb1,f000d324411431a807bac72657424c44472cc457a2b2f856442e941850c00046,0.632375189107413,0.8456219970015759,1.8666666666666667,1536.480637158388,15631,1.0,0.32633781915633325,recruitment,1.0,0.11998944185571572,0.5145303560686072,90b9fd0531a742b1c6383222,17.47109843200019,moving_front,7008,24bfb8b9aac5b87f9f268595cf4462964bd3a01da9d8089f51ed740d780fee86,56,0.0
12,0.02664050680786686,0.0,29.163948247604637,0,0.0,0.4241630878600366,0.7966780131114473,0.0,0.7135416666666665,3.745371876666344,0.9166666666666666,0.9166666666666666,33,36,390.97645527569523,6ef10a6f8528f48913779ce02125f8ae67ac504fa24b04f7d539448adf330dc7,f000d324411431a807bac72657424c44472cc457a2b2f856442e941850c00046,0.9183055975794251,0.8019572617246596,1.2,2187.2846307940913,19510,0.967221381744831,0.5665506233422225,deadline_fusion,0.9586485123550176,0.1820751959386164,0.42517650025214315,a38c0ca02150b55f422eaf42,92.96076248100007,sensor_fault,7012,24bfb8b9aac5b87f9f268595cf4462964bd3a01da9d8089f51ed740d780fee86,12,0.0
50,0.03543090617055252,0.0,28.554457019243095,0,0.0,0.49825979957218675,0.8192862950124395,0.06505295007564296,0.5864894427511345,11.963287779971111,0.8888888888888888,0.8888888888888888,32,36,493.7931068312668,897c3ea0ca4def7c92d6c5bc4c681216da15d36377736736da162a96b99c0650,f000d324411431a807bac72657424c44472cc457a2b2f856442e941850c00046,0.5627836611195158,0.846771200283156,4.95,1529.3670676413967,13903,1.0,0.3276684844616501,fungal,1.0,0.08748967308421068,0.4989290666637599,be1fa546e553dee0f05a6b5e,18.554796113000066,moving_front,7017,24bfb8b9aac5b87f9f268595cf4462964bd3a01da9d8089f51ed740d780fee86,50,0.002017145738779627
56,0.04029887007012089,0.0,26.745890421409797,0,0.0,0.5130998456743167,0.8488644377166813,0.03328290468986384,0.6663571209125861,13.644824990305468,0.9444444444444444,0.9444444444444444,34,36,508.9358744340686,760400fc1b0b776e9c52ee32311a1069b16aa52520e6f2d9a36a2dd8b57f7ebd,f000d324411431a807bac72657424c44472cc457a2b2f856442e941850c00046,0.773071104387292,0.8565048406998785,5.583333333333333,1506.455467614,17714,1.0,0.34728729418562726,fungal,1.0,0.09411516590477197,0.5124203040268034,65f18b728fc048dc04fb8dd9,17.729989480000086,moving_front,7012,24bfb8b9aac5b87f9f268595cf4462964bd3a01da9d8089f51ed740d780fee86,56,0.0
35,0.22311522945032777,0.0,96.6746643343419,0,0.0,0.3096445069586242,0.529579551185073,0.6565809379727685,0.2552083333333333,7.239967591505863,0.7222222222222222,0.6944444444444444,25,36,407.7201409862672,c01d3e850dcea516d0864d501fedc94fd615e60fababbc941400707247a8bedb,f000d324411431a807bac72657424c44472cc457a2b2f856442e941850c00046,0.34190620272314676,0.5708207261724658,3.4833333333333334,1679.7878899220875,11912,1.0,0.19826238114237033,economic,1.0,0.07060402356133111,0.30943488401412,cc7c4f1a173e769b377bfea5,15.019303909999962,storm,7016,24bfb8b9aac5b87f9f268595cf4462964bd3a01da9d8089f51ed740d780fee86,35,0.0057992939989914265
24,0.19373266515380735,0.0,91.32256996974279,0,0.0,0.32182065540119154,0.5323294881492687,0.6278366111951589,0.22916666666666666,7.947209169824821,0.6571428571428571,0.6571428571428571,23,35,449.2984095607434,9b5a428363b62ad024a6d518c6bdc283191d1cf8739502f5298786104f688bf6,f000d324411431a807bac72657424c44472cc457a2b2f856442e941850c00046,0.26021180030257185,0.583829740292486,2.4,2033.0117364696077,10095,1.0,0.3701732343802845,fungal,1.0,0.08629245945258428,0.32071041351487645,f51a0da0978a3b596029384d,18.13413472299999,storm,7001,24bfb8b9aac5b87f9f268595cf4462964bd3a01da9d8089f51ed740d780fee86,24,0.010085728693898132
56,0.041052155255129306,0.0,27.906785028530315,0,0.0,0.5115430642243813,0.8401740916295765,0.02723146747352496,0.6483205786522753,9.023711897061286,0.9444444444444444,0.9444444444444444,34,36,478.23047301020426,5e29696557cda66a921641f993e950ae2ed95f14de01a827d8e1fe0231f9c807,f000d324411431a807bac72657424c44472cc457a2b2f856442e941850c00046,0.7307110438729199,0.853216351657795,1.8666666666666667,1652.7900560923122,17105,1.0,0.20309196508328894,greedy_sparse,1.0,0.1087327553760098,0.5111673009281321,fff1559d3de7eb0dd934f376,18.32277731299996,moving_front,7016,24bfb8b9aac5b87f9f268595cf4462964bd3a01da9d8089f51ed740d780fee86,56,0.0005042864346949066
24,0.03029658345940494,0.0,31.211784543620773,0,0.0,0.4256993725592658,0.7856861447302067,0.0015128593040847202,0.6875,3.581950647997062,0.9722222222222222,0.9722222222222222,35,36,384.683879452773,61fbc2c3c47ea0b2f394bf19d5d944ff33916305affd279efd1232b2237e443b,f000d324411431a807bac72657424c44472cc457a2b2f856442e941850c00046,0.8729198184568835,0.7989000252143215,2.3833333333333333,2216.841262746459,18030,1.0,0.48647546074076153,economic,0.9596570852244074,0.20689215814486556,0.42503466969238524,5f26c38b788eba6fdcc1127c,15.295711854999809,sensor_fault,7008,24bfb8b9aac5b87f9f268595cf4462964bd3a01da9d8089f51ed740d780fee86,24,0.0
,0.21506240544629346,0.0,102.32377552950075,0,0.004034291477559253,0.32707750356723375,0.444441817952597,0.6792738275340393,0.0625,1.2037570953607837,0.8333333333333334,0.8055555555555556,29,36,363.9281156606999,b9aa9c192ff362205c201c037cc4f3c7c2aba8b7e0c4fd0ef068255fea54f756,f000d324411431a807bac72657424c44472cc457a2b2f856442e941850c00046,0.25113464447806355,0.5835775970751387,,2493.861060638701,8287,1.0,0.22770636691157933,fixed_ring,1.0,0.03478708154357339,0.3270849092284417,0ff428cd1b7e0d3657a79f9c,4.618048306999981,storm,7007,24bfb8b9aac5b87f9f268595cf4462964bd3a01da9d8089f51ed740d780fee86,0,0.17498739283913264
0,0.043980658981331286,0.0,32.05799553173692,0,0.0,0.49988160423653194,0.8068501528044837,0.1043872919818457,0.4990028672015668,2.3568757516194774,0.8611111111111112,0.8611111111111112,31,36,409.2227110785587,43e354cb1fa0a5fed03587ccc8ef089b630912d128abf8941ac224ef282c99e3,f000d324411431a807bac72657424c44472cc457a2b2f856442e941850c00046,0.7201210287443268,0.8263077510440678,0.0,2246.1983003192568,16778,1.0,0.3988773490926548,static_tuned,1.0,0.08026248502387279,0.4992541509915521,809a9b456cf0a81793c5b14b,6.960308151999925,moving_front,7018,24bfb8b9aac5b87f9f268595cf4462964bd3a01da9d8089f51ed740d780fee86,0,0.007060010085728694
22,0.03224281391830559,0.0,34.051429336863336,0,0.0,0.3787494942446977,0.7591874684820977,0.012102874432677761,0.6302083333333333,3.1288918333150275,0.9444444444444444,0.9444444444444444,34,36,383.968881235412,5772c05e39ffe56db9fe4d550c615751b591862ac0732ff00bde5b9c136479f3,f000d324411431a807bac72657424c44472cc457a2b2f856442e941850c00046,0.773071104387292,0.7764435199193142,0.7333333333333333,2236.8170249961145,16390,1.0,0.4945417560634632,greedy_sparse,0.8908219868885526,0.19212119562808272,0.3810277987897125,b9a8561577f3c7d796cbc3b2,14.641626108999844,sensor_fault,7006,24bfb8b9aac5b87f9f268595cf4462964bd3a01da9d8089f51ed740d780fee86,22,0.0
15,0.020376323751891075,0.0,30.3267224533535,0,0.0,0.40221348486717257,0.7701635779122542,0.02118003025718608,0.6614583333333333,4.955725891036162,0.9444444444444444,0.9444444444444444,34,36,410.85929036342594,12c2676d5d2da4bfdacb5c9a6312d12b90a39b080a71ade938e7b16bbaabf086,f000d324411431a807bac72657424c44472cc457a2b2f856442e941850c00046,0.7745839636913767,0.7930534543620775,1.5,2121.49769765634,16701,0.9997478567826527,0.4608971485638529,deadline_fusion,1.0,0.18301871923741336,0.4027121154815935,d35c3824b64526352eb7899a,41.67156048999959,sensor_fault,7019,24bfb8b9aac5b87f9f268595cf4462964bd3a01da9d8089f51ed740d780fee86,15,0.00151285930408472
,0.044168095041598736,0.0,34.23607514337956,0,0.0,0.4693246350920231,0.7980871298305057,0.0832072617246596,0.5294504700673739,0.9059773123634733,0.9166666666666666,0.9166666666666666,33,36,363.8063509539389,ddbf34503eff23fbcd394039890145ec197c5f33f339d9222c1ea54ac42702a6,f000d324411431a807bac72657424c44472cc457a2b2f856442e941850c00046,0.6747352496217852,0.8107026023159589,,2494.962338937448,15941,1.0,0.2470422318716045,fixed_ring,1.0,0.10934005913732428,0.469023869762791,1aabdbbef042b86dae013ac5,6.065157461999888,moving_front,7003,24bfb8b9aac5b87f9f268595cf4462964bd3a01da9d8089f51ed740d780fee86,0,0.0
,0.0267744578920827,0.0,31.690738464447808,0,0.0,0.44344960600805616,0.7727322869389813,0.015128593040847202,0.671875,3.156407765964856,0.9444444444444444,0.9444444444444444,34,36,376.0806618168509,20cbee7be12f3041b6f80dfbab6cf06c7cd24e2dceeb098a373acea1952196d8,f000d324411431a807bac72657424c44472cc457a2b2f856442e941850c00046,0.6686838124054463,0.7962367624810892,,2437.248175153342,15275,1.0,0.3954406748453264,adaptive,0.9576399394856279,0.17059527444678757,0.4431811018658597,0cc50c0b61a41a9f7a4c7df6,9.541022912999779,sensor_fault,7018,24bfb8b9aac5b87f9f268595cf4462964bd3a01da9d8089f51ed740d780fee86,15,0.00680786686838124
,0.2298127836611195,0.0,98.98149899142712,0,0.0,0.3187650759849027,0.5153886157337367,0.6611195158850227,0.22395833333333331,1.2323271153431101,0.6666666666666666,0.6666666666666666,24,36,363.9454909287198,c01d3e850dcea516d0864d501fedc94fd615e60fababbc941400707247a8bedb,f000d324411431a807bac72657424c44472cc457a2b2f856442e941850c00046,0.28895612708018154,0.5774158472012102,,2495.0670518903917,10193,1.0,0.19733375159780958,fixed_ring,1.0,0.07426058144248773,0.3188744957135653,be8ccd18249c6ab2dbae8557,5.373910614999886,storm,7016,24bfb8b9aac5b87f9f268595cf4462964bd3a01da9d8089f51ed740d780fee86,0,0.02042360060514372
31,0.2020691502773575,0.0,92.40237329803327,0,0.0,0.3209291807891397,0.535347327281896,0.6384266263237519,0.24999999999999997,8.936537489724026,0.8055555555555556,0.8055555555555556,29,36,451.7044200889849,7bba1255199adfdb1a1ba0c529b8275f13780540abed81a608a55c16f4b1390f,f000d324411431a807bac72657424c44472cc457a2b2f856442e941850c00046,0.329803328290469,0.5745871154815935,3.066666666666667,1876.9728230077837,11332,1.0,0.24656597199491204,deadline_fusion,1.0,0.08619056188861592,0.32160079425113464,ef7d28ea3afd8f48e51d9988,40.09390078499996,storm,7003,24bfb8b9aac5b87f9f268595cf4462964bd3a01da9d8089f51ed740d780fee86,31,0.0037821482602118004
,0.05664437884230579,0.0,39.50921891104644,0,0.0,0.46625961758167067,0.7661595782154129,0.14069591527987896,0.4490022903783254,0.8997779720412096,0.9722222222222222,0.9722222222222222,35,36,363.80021493655374,7fc013544a2434726446cf0cb1c220e784a923ebb4fc53407d1bf1d9ae765b5f,f000d324411431a807bac72657424c44472cc457a2b2f856442e941850c00046,0.5446293494704992,0.8038234876954243,,2496.019762866042,13661,1.0,0.23507484512909238,fixed_ring,1.0,0.12189376018910142,0.46931857307509467,178ba4bd3398df0a8d1a3889,6.735016717000008,moving_front,7019,24bfb8b9aac5b87f9f268595cf4462964bd3a01da9d8089f51ed740d780fee86,0,0.009833585476550681
33,0.19979986132123043,0.0,93.46113842662633,0,0.0,0.3356887769456568,0.5091717095310135,0.6505295007564297,0.19270833333333331,8.91948599223708,0.75,0.7222222222222222,26,36,443.9020037137973,5f8536aad221b558feae01abd9e48012ffd43f0d986448ef31076303591affbe,f000d324411431a807bac72657424c44472cc457a2b2f856442e941850c00046,0.264750378214826,0.592733547655068,3.2666666666666666,1759.4740392920066,9259,1.0,0.2812194398388581,fungal,1.0,0.052060515976296524,0.3350589384770549,f2d04ada419e99ece28b8ff2,17.326521493999962,storm,7000,24bfb8b9aac5b87f9f268595cf4462964bd3a01da9d8089f51ed740d780fee86,33,0.04589006555723651
,0.05452804317719807,0.0,34.75741836545443,0,0.0,0.5114875308132454,0.8130996940717216,0.06202723146747353,0.5681931380197303,38.87570185478984,0.9722222222222222,0.9722222222222222,35,36,1949.964244797601,a9dc4e7a83ea86ea436568b7b9e6ff3f12c69e20d2897f78617ebd8a5771ceb1,f000d324411431a807bac72657424c44472cc457a2b2f856442e941850c00046,0.6928895612708018,0.8252697869490604,,743.3653624550889,16574,1.0,0.30822201655852954,adaptive,1.0,0.07700798558380358,0.5130056118614397,2b10eb44725a05f76a5d5a2a,9.224331065000115,moving_front,7008,24bfb8b9aac5b87f9f268595cf4462964bd3a01da9d8089f51ed740d780fee86,13,0.0
19,0.015459531013615734,0.0,20.275742246596064,0,0.0,0.4661761423744046,0.8541587871911245,0.0,0.7708333333333333,5.565530831366046,0.9444444444444444,0.9444444444444444,34,36,411.9857072175383,ac5fa5d877e58450b21b5619aadcad71ab1db9e7cd210fd1cd516ef4a934c028,f000d324411431a807bac72657424c44472cc457a2b2f856442e941850c00046,0.9409984871406959,0.8601235501765002,1.9,2071.4492969617977,19482,1.0,0.42921931848580086,deadline_fusion,1.0,0.20034975795502036,0.4657164019162884,565a90d0b7f5195417013dc3,77.86627617400018,sensor_fault,7014,24bfb8b9aac5b87f9f268595cf4462964bd3a01da9d8089f51ed740d780fee86,19,0.0
,0.22786655320221885,0.0,99.41183654815934,0,0.0,0.3287313702333064,0.4907810136157337,0.6580937972768532,0.16145833333333334,1.219353262885735,0.75,0.7222222222222222,26,36,363.9318654610336,1ffbd60f44c9f81edacbd6236060262a241240e41dabbe8776c51fac2266503a,f000d324411431a807bac72657424c44472cc457a2b2f856442e941850c00046,0.2692889561270802,0.5923001765002521,,2494.0857128132006,9145,1.0,0.24905485637714248,fixed_ring,1.0,0.05724776576612746,0.32983484619263737,d3124abdee5ffa87d11553bc,5.296538949000023,storm,7004,24bfb8b9aac5b87f9f268595cf4462964bd3a01da9d8089f51ed740d780fee86,0,0.06127080181543117
0,0.24418494704992427,0.0,108.85901254412505,0,0.0,0.28282339495769243,0.45268374936964195,0.6641452344931922,0.11979166666666666,2.704860367835107,0.6111111111111112,0.5555555555555556,20,36,409.248003438256,5772c05e39ffe56db9fe4d550c615751b591862ac0732ff00bde5b9c136479f3,f000d324411431a807bac72657424c44472cc457a2b2f856442e941850c00046,0.2934947049924357,0.5296977433182047,0.0,2244.290099247567,9844,1.0,0.2944951275747113,static_tuned,1.0,0.03383583402043354,0.2839132627332324,3c64bad7c1cb31745f9cc806,5.3142049060001,storm,7006,24bfb8b9aac5b87f9f268595cf4462964bd3a01da9d8089f51ed740d780fee86,0,0.05320221886031266
,0.05169960630944458,0.0,35.255240963430225,0,0.0,0.4982542219408863,0.7914864905600362,0.12708018154311648,0.46380431308342474,0.9170269233387666,0.8611111111111112,0.8611111111111112,31,36,363.8083721816422,43e354cb1fa0a5fed03587ccc8ef089b630912d128abf8941ac224ef282c99e3,f000d324411431a807bac72657424c44472cc457a2b2f856442e941850c00046,0.5900151285930408,0.8169941013238097,,2496.1982834167525,14498,1.0,0.40253402391624793,fixed_ring,1.0,0.10235075010347074,0.4973484034554838,fc3599c8589975190028558a,8.607649541,moving_front,7018,24bfb8b9aac5b87f9f268595cf4462964bd3a01da9d8089f51ed740d780fee86,0,0.009329299041855773
58,0.04997741177473843,0.0,33.019269812405014,0,0.0,0.49907391466824624,0.8037451643235148,0.08018154311649017,0.5788307857338133,9.704236725603328,1.0,0.9722222222222222,35,36,490.35220616481416,5c27fd92e06c33f2542baf1700cf25e04b52092d15caab1ec4dc802b1a93834e,f000d324411431a807bac72657424c44472cc457a2b2f856442e941850c00046,0.5824508320726173,0.8385425282105615,1.9333333333333333,1546.9848914425552,14438,1.0,0.24260071861082547,recruitment,1.0,0.09781194262307571,0.49854754216383956,7b969ed68d3abeb48be7cd9c,16.97061584800008,moving_front,7010,24bfb8b9aac5b87f9f268595cf4462964bd3a01da9d8089f51ed740d780fee86,58,0.01361573373676248
54,0.0525665027555572,0.0,36.13517826407199,0,0.0,0.44794857564145696,0.7816899476080227,0.08623298033282904,0.5225396095215811,8.660422376051153,1.0,1.0,36,36,468.70586354917816,ab258b21f7221620284a3215d026dafd75f9efdf5bedb3e529bdff643d2065af,f000d324411431a807bac72657424c44472cc457a2b2f856442e941850c00046,0.5763993948562783,0.801037481219195,1.8,1553.9172634715962,14324,1.0,0.2919242355873598,recruitment,1.0,0.08532811319615664,0.44887697340203686,f1ffaae71520058d6fbd0df3,15.12166573400009,moving_front,7006,24bfb8b9aac5b87f9f268595cf4462964bd3a01da9d8089f51ed740d780fee86,54,0.0030257186081694403
52,0.03196924837034207,0.0,21.58777025601227,0,0.0,0.564394415593582,0.8835834013325883,0.007564296520423601,0.7152542147391118,13.03320317782659,1.0,1.0,36,36,511.07323723581464,358f3d3ac5e4c7943da7c4ded7230c7e4afe2570f3a3d3555871e5543b789f00,f000d324411431a807bac72657424c44472cc457a2b2f856442e941850c00046,0.7488653555219364,0.8909025338848197,5.15,1528.9240313158782,17444,1.0,0.3901871241266621,fungal,1.0,0.14577531151271236,0.5628334191218765,3caaa49cb5a56519d7fa2cf2,16.967748039999833,moving_front,7014,24bfb8b9aac5b87f9f268595cf4462964bd3a01da9d8089f51ed740d780fee86,52,0.0
0,0.03456725920322743,0.0,33.88422686585981,0,0.0,0.40672078706941156,0.7685010085728693,0.0030257186081694403,0.6822916666666666,2.343107424024676,0.9722222222222222,0.9722222222222222,35,36,408.88367896784587,fb367cc0d79aa8d9c98eb2a529262d3fdb12211bf1a4b9a1df875515bb387ab8,f000d324411431a807bac72657424c44472cc457a2b2f856442e941850c00046,0.8925869894099848,0.7776096822995462,0.0,2246.7762361805435,19171,1.0,0.35397815139677496,static_tuned,0.950579929399899,0.18062916893415853,0.4075185955622793,2c5947a15efa1e1ea950afe2,5.883591121999871,sensor_fault,7002,24bfb8b9aac5b87f9f268595cf4462964bd3a01da9d8089f51ed740d780fee86,0,0.0
0,0.22511661623802318,0.0,97.60432425617749,0,0.0,0.3119635235842168,0.5244106152294503,0.670196671709531,0.23958333333333331,2.6973301515002084,0.75,0.6944444444444444,25,36,409.2814645872661,1ffbd60f44c9f81edacbd6236060262a241240e41dabbe8776c51fac2266503a,f000d324411431a807bac72657424c44472cc457a2b2f856442e941850c00046,0.30559757942511345,0.5754459783156832,0.0,2244.0857480942036,10841,1.0,0.24874682020358058,static_tuned,1.0,0.04556379000074256,0.3124369641956631,58044a07feb290aaa0c1dc7c,5.61038057199994,storm,7004,24bfb8b9aac5b87f9f268595cf4462964bd3a01da9d8089f51ed740d780fee86,0,0.008572869389813413
56,0.039605803719536564,0.0,29.906002359033767,0,0.0,0.49593375867388806,0.8158516591665472,0.0680786686838124,0.5744281986986041,11.863152921166517,0.8888888888888888,0.8888888888888888,32,36,488.7761689831916,897c3ea0ca4def7c92d6c5bc4c681216da15d36377736736da162a96b99c0650,f000d324411431a807bac72657424c44472cc457a2b2f856442e941850c00046,0.5582450832072617,0.8442915046521761,5.55,1522.9737259170704,13763,1.0,0.3286067066797674,economic,1.0,0.08491136273750842,0.4969617359497034,c641bc03e1f7f620d5c55c20,17.068297054999903,moving_front,7017,24bfb8b9aac5b87f9f268595cf4462964bd3a01da9d8089f51ed740d780fee86,56,0.0022692889561270802
34,0.031005736258194652,0.0,32.091567385274836,0,0.0,0.4212185456270654,0.7733941628845183,0.0030257186081694403,0.6510416666666666,4.227895161676008,0.9722222222222222,0.9722222222222222,35,36,391.3508962103104,b549dfc41676c63078393edb7074f42e4f0927a271f4a7ecca93c1f6bdaa8078,f000d324411431a807bac72657424c44472cc457a2b2f856442e941850c00046,0.686838124054463,0.7929746596066566,1.1166666666666667,2169.066058825325,15201,1.0,0.41944345088778184,greedy_sparse,0.959909228441755,0.16799277323171283,0.4215361825516893,4b319aa12fd5c3712f736a21,25.957223922999674,sensor_fault,7015,24bfb8b9aac5b87f9f268595cf4462964bd3a01da9d8089f51ed740d780fee86,34,0.0012607160867372667
10,0.02270076903681291,0.0,30.59253656076651,0,0.0,0.40094634970800447,0.7697538451840645,0.02118003025718608,0.6666666666666666,3.805782845194947,0.9444444444444444,0.9444444444444444,34,36,401.075280502537,12c2676d5d2da4bfdacb5c9a6312d12b90a39b080a71ade938e7b16bbaabf086,f000d324411431a807bac72657424c44472cc457a2b2f856442e941850c00046,0.7957639939485628,0.7924073373676246,1.0,2083.9400321860276,16985,0.9997478567826527,0.4597022667172064,fungal,1.0,0.18215142174363594,0.40155383257690364,f53b7878f4d801290e351685,18.72170551299996,sensor_fault,7019,24bfb8b9aac5b87f9f268595cf4462964bd3a01da9d8089f51ed740d780fee86,10,0.00151285930408472
39,0.1906281517902168,0.0,89.92522377710539,0,0.0,0.33620240726634304,0.5280588124054463,0.6444780635400907,0.23437499999999997,6.821513843692312,0.6944444444444444,0.6666666666666666,24,36,408.5387513843425,e5eb0adce92def657b42daaff1168729498af6b7f7eacaec91555308393fbb04,f000d324411431a807bac72657424c44472cc457a2b2f856442e941850c00046,0.2586989409984871,0.5931511598587997,3.9,1822.0753845911477,9530,1.0,0.31317028758735577,economic,1.0,0.04937077955655239,0.3359335602622289,4295540da0d81e3e7d3fb69e,15.426677734999998,storm,7005,24bfb8b9aac5b87f9f268595cf4462964bd3a01da9d8089f51ed740d780fee86,39,0.01941502773575391
,0.21563760716086736,0.0,101.28053296772565,0,0.0,0.3444752538511115,0.45366868381240544,0.653555219364599,0.09375,1.2059084626890746,0.6944444444444444,0.6666666666666666,24,36,363.92869394333104,5f8536aad221b558feae01abd9e48012ffd43f0d986448ef31076303591affbe,f000d324411431a807bac72657424c44472cc457a2b2f856442e941850c00046,0.2481089258698941,0.5954598461926374,,2494.755229551577,8098,1.0,0.2812872626114641,fixed_ring,1.0,0.05127335044963975,0.343679084720121,53377efe07674fa714b01f14,7.0374193180000475,storm,7000,24bfb8b9aac5b87f9f268595cf4462964bd3a01da9d8089f51ed740d780fee86,0,0.1669188098840141
0,0.01895013867876954,0.0,21.34806007312153,0,0.0,0.4644599218268804,0.85032936207766,0.0,0.7708333333333333,2.342935687603033,0.9444444444444444,0.9444444444444444,34,36,408.8675103302386,ac5fa5d877e58450b21b5619aadcad71ab1db9e7cd210fd1cd516ef4a934c028,f000d324411431a807bac72657424c44472cc457a2b2f856442e941850c00046,0.9485627836611196,0.8560577407967723,0.0,2247.2519720152345,19665,1.0,0.4298569620747544,static_tuned,1.0,0.20905369111906502,0.46371501512859303,133d40d021a53deba236429b,15.268921182999748,sensor_fault,7014,24bfb8b9aac5b87f9f268595cf4462964bd3a01da9d8089f51ed740d780fee86,0,0.0
6,0.0357413010590015,0.0,34.927863401412,0,0.0,0.3811365627793267,0.7573357917297024,0.01361573373676248,0.6302083333333333,2.725695490405549,0.9722222222222222,0.9722222222222222,35,36,383.3254900782365,5772c05e39ffe56db9fe4d550c615751b591862ac0732ff00bde5b9c136479f3,f000d324411431a807bac72657424c44472cc457a2b2f856442e941850c00046,0.789712556732224,0.7741663514876449,0.6,2211.3683410515114,16484,1.0,0.49425543108620057,deadline_fusion,0.8908219868885526,0.19309778053718887,0.38295039082198684,1b1ed49c60ce23845550d3cd,39.664495863999946,sensor_fault,7006,24bfb8b9aac5b87f9f268595cf4462964bd3a01da9d8089f51ed740d780fee86,6,0.0
,0.046920419747696625,0.0,35.23136784167842,0,0.0,0.4754382632295342,0.7857847943023891,0.08774583963691376,0.5205097582201372,0.8871053524640701,0.9444444444444444,0.9444444444444444,34,36,363.796356091555,4359898ad5beb32bbf1d8eff13ccc594cdb32a36c3aec06531a94f326fed618b,f000d324411431a807bac72657424c44472cc457a2b2f856442e941850c00046,0.46747352496217853,0.8154285947587818,,2496.5474669141176,12734,1.0,0.2344617041320914,fixed_ring,1.0,0.09767755453488801,0.4739850916761933,26a1a8b40a465c823a9b32e9,5.604631759999847,moving_front,7007,24bfb8b9aac5b87f9f268595cf4462964bd3a01da9d8089f51ed740d780fee86,0,0.0027735753908219867
58,0.04074114487859758,0.0,28.101838391948405,0,0.0,0.502230471857529,0.8385516660962441,0.04084720121028744,0.6059799685437652,9.846203828721443,0.9444444444444444,0.9444444444444444,34,36,492.0170530608893,760400fc1b0b776e9c52ee32311a1069b16aa52520e6f2d9a36a2dd8b57f7ebd,f000d324411431a807bac72657424c44472cc457a2b2f856442e941850c00046,0.7534039334341907,0.8467013673422037,1.9333333333333333,1558.6195237884324,17430,1.0,0.34895778028642543,greedy_sparse,1.0,0.09671253900067428,0.5028306725045442,55a4f74e8f0c279119f894ba,17.28311703899999,moving_front,7012,24bfb8b9aac5b87f9f268595cf4462964bd3a01da9d8089f51ed740d780fee86,58,0.0
32,0.0208018154311649,0.0,30.7745130484115,0,0.0,0.40474497911860097,0.7660426122037316,0.028744326777609682,0.6510416666666666,5.159816376183135,1.0,1.0,36,36,388.7770631509357,c0265f2f5da1b8f1e6334a7d1da15d24852be86831d4583cf0a020b238d73be2,f000d324411431a807bac72657424c44472cc457a2b2f856442e941850c00046,0.7670196671709532,0.7887985375693393,3.2,2190.7398993092547,16381,1.0,0.2621646800924029,economic,0.958900655572365,0.17237292818133632,0.4050601991931416,96324b4dcbfe3182b1868d94,16.24416505199997,sensor_fault,7010,24bfb8b9aac5b87f9f268595cf4462964bd3a01da9d8089f51ed740d780fee86,32,0.0032778618255168935
10,0.014758257690368128,0.0,28.182992939989912,0,0.0,0.4254005910767013,0.7820537065052948,0.015128593040847202,0.6354166666666666,4.354263180131698,1.0,1.0,36,36,404.2155917475674,fded3c51bb367e0df8af6f8249b634fefe0cc389845c26618e90a9b29d9c3139,f000d324411431a807bac72657424c44472cc457a2b2f856442e941850c00046,0.7261724659606656,0.7996170574886535,1.0,2204.1072017224196,15877,1.0,0.36244419220357554,deadline_fusion,0.9641956631366615,0.16509423930840392,0.42590141200201714,5e2e93c631bc7644ff39d554,50.35595258700005,sensor_fault,7017,24bfb8b9aac5b87f9f268595cf4462964bd3a01da9d8089f51ed740d780fee86,10,0.0005042864346949066
0,0.023965823521074875,0.0,22.939404760263418,0,0.0,0.5204236382511072,0.8536362664011835,0.009077155824508321,0.6501009091941217,2.3310318854371084,0.9166666666666666,0.9166666666666666,33,36,409.2579501425063,358f3d3ac5e4c7943da7c4ded7230c7e4afe2570f3a3d3555871e5543b789f00,f000d324411431a807bac72657424c44472cc457a2b2f856442e941850c00046,0.8275340393343419,0.8610911340080454,0.0,2246.5469711814467,18331,1.0,0.38565762341236975,static_tuned,1.0,0.13689413727141514,0.518333514818791,34d4acf391e01c09a4c5a6f5,6.208998822000012,moving_front,7014,24bfb8b9aac5b87f9f268595cf4462964bd3a01da9d8089f51ed740d780fee86,0,0.0
39,0.16780131114473018,0.0,81.1957892082703,0,0.0,0.35180713263048335,0.5723493444276349,0.5794251134644478,0.3020833333333333,5.865238211084405,0.8333333333333334,0.8055555555555556,29,36,419.8051309104101,ac5fa5d877e58450b21b5619aadcad71ab1db9e7cd210fd1cd516ef4a934c028,f000d324411431a807bac72657424c44472cc457a2b2f856442e941850c00046,0.31164901664145234,0.6227228315683306,1.3666666666666667,1918.0997857664554,11072,1.0,0.37925047195439504,greedy_sparse,1.0,0.056517450173073226,0.3518107034795764,387622c0e9a8ee7b40d83265,15.204991086000064,storm,7014,24bfb8b9aac5b87f9f268595cf4462964bd3a01da9d8089f51ed740d780fee86,39,0.004034291477559253
0,0.0215976424609178,0.0,28.07260148764498,0,0.0,0.4323295685386007,0.7918006177508824,0.01361573373676248,0.7031249999999999,2.3593941666032876,1.0,1.0,36,36,408.8231848407303,20cbee7be12f3041b6f80dfbab6cf06c7cd24e2dceeb098a373acea1952196d8,f000d324411431a807bac72657424c44472cc457a2b2f856442e941850c00046,0.8517397881996974,0.8096082324760463,0.0,2246.6669151639517,17839,1.0,0.3966466068141899,static_tuned,0.9715078164397379,0.16154744221713158,0.4326304841149773,f134dfd5f25cc5fe8b041cfe,6.097254527000132,sensor_fault,7018,24bfb8b9aac5b87f9f268595cf4462964bd3a01da9d8089f51ed740d780fee86,0,0.004790721129601614
,0.060449632399018946,0.0,34.7229848049726,0,0.0,0.5205335769602951,0.8186711075405685,0.024205748865355523,0.6230926909660354,37.36201621598491,0.9166666666666666,0.9166666666666666,33,36,1904.0382255533957,6e2d005a512f8f795588b53a08d35435fd833e215d9a9396f9ada02b8104fa48,f000d324411431a807bac72657424c44472cc457a2b2f856442e941850c00046,0.7534039334341907,0.8291834219259783,,956.2966945150899,17517,1.0,0.17857514048146636,adaptive,1.0,0.08004039528252663,0.5189496929081532,8f66bf597f49bb997cfb235c,10.473181113999999,moving_front,7009,24bfb8b9aac5b87f9f268595cf4462964bd3a01da9d8089f51ed740d780fee86,6,0.0
55,0.03375850417684891,0.0,22.059638133553623,0,0.0,0.5647122272384791,0.8833117169477357,0.006051437216338881,0.7129983542066662,12.39217186464136,1.0,1.0,36,36,501.98342673855507,358f3d3ac5e4c7943da7c4ded7230c7e4afe2570f3a3d3555871e5543b789f00,f000d324411431a807bac72657424c44472cc457a2b2f856442e941850c00046,0.7397881996974282,0.8907763283375341,5.4,1529.4728437359367,17343,1.0,0.3920711104649795,economic,1.0,0.1506671210743136,0.5634708237328346,ce92bb0f71e53ed857165d7e,16.323939910000036,moving_front,7014,24bfb8b9aac5b87f9f268595cf4462964bd3a01da9d8089f51ed740d780fee86,55,0.0
0,0.2251166162380232,0.0,96.79852968986384,0,0.0,0.30940605509069913,0.5358910110943015,0.6369137670196672,0.265625,2.68455192103097,0.6944444444444444,0.6944444444444444,25,36,409.2463213937932,6ef10a6f8528f48913779ce02125f8ae67ac504fa24b04f7d539448adf330dc7,f000d324411431a807bac72657424c44472cc457a2b2f856442e941850c00046,0.3630862329803328,0.5685199193141703,0.0,2245.948759839221,12588,1.0,0.346075506690559,static_tuned,1.0,0.08938834750170385,0.3092536560766515,9fceddc98deb94743e0065cd,5.275849016000166,storm,7012,24bfb8b9aac5b87f9f268595cf4462964bd3a01da9d8089f51ed740d780fee86,0,0.01059001512859304
23,0.041225416036308624,0.0,33.196545637922334,0,0.0,0.4375001583664859,0.7852291351487644,0.006051437216338881,0.6614583333333333,3.1767659754483666,0.9166666666666666,0.9166666666666666,33,36,385.1944793164715,5f8536aad221b558feae01abd9e48012ffd43f0d986448ef31076303591affbe,f000d324411431a807bac72657424c44472cc457a2b2f856442e941850c00046,0.7760968229954615,0.7989630610186584,0.7666666666666667,2178.73606357427,16278,0.9989914271306103,0.49072202746867677,recruitment,0.9573877962682803,0.20086163746587013,0.4359556227937469,1026ab8222db95c2e44dc32a,18.102117765999992,sensor_fault,7000,24bfb8b9aac5b87f9f268595cf4462964bd3a01da9d8089f51ed740d780fee86,23,0.0005042864346949066
29,0.21784386031265757,0.0,98.52681385526978,0,0.0,0.30206818463769886,0.5015758951084215,0.6626323751891074,0.21354166666666669,9.18101443830159,0.75,0.75,27,36,478.27041315022615,12c2676d5d2da4bfdacb5c9a6312d12b90a39b080a71ade938e7b16bbaabf086,f000d324411431a807bac72657424c44472cc457a2b2f856442e941850c00046,0.2692889561270802,0.5674246722138174,2.8333333333333335,1660.524011208745,9769,1.0,0.23748230512316207,deadline_fusion,1.0,0.06771419354285921,0.30243003025718607,d0ce593220b833d36c6a2230,38.60773375200006,storm,7019,24bfb8b9aac5b87f9f268595cf4462964bd3a01da9d8089f51ed740d780fee86,29,0.0264750378214826
0,0.19501701966717094,0.0,91.96033472012101,0,0.0,0.31618557587683505,0.5326131492687846,0.6338880484114977,0.23958333333333331,2.6554236082225406,0.6857142857142857,0.6857142857142857,24,35,409.2140588621173,9b5a428363b62ad024a6d518c6bdc283191d1cf8739502f5298786104f688bf6,f000d324411431a807bac72657424c44472cc457a2b2f856442e941850c00046,0.2874432677760968,0.5759817826525465,0.0,2245.0938927697575,10710,1.0,0.3647119921138932,static_tuned,1.0,0.07586579840244378,0.31446986888552697,48a6a09a155ed1e5c486e6ff,6.4447677009999325,storm,7001,24bfb8b9aac5b87f9f268595cf4462964bd3a01da9d8089f51ed740d780fee86,0,0.00529500756429652
54,0.03825113128625301,0.0,28.20997937274527,0,0.0,0.5181437850275306,0.831889429677159,0.03479576399394856,0.6128543478174818,8.27567542374439,0.9722222222222222,0.9722222222222222,35,36,467.2804224064097,6e2d005a512f8f795588b53a08d35435fd833e215d9a9396f9ada02b8104fa48,f000d324411431a807bac72657424c44472cc457a2b2f856442e941850c00046,0.680786686838124,0.8435958786373229,1.8,1508.5957995517017,16354,1.0,0.19668694142437607,recruitment,1.0,0.10454151298218463,0.5169846251196254,8da9a52aa546b41f02e88b67,17.46087304499997,moving_front,7009,24bfb8b9aac5b87f9f268595cf4462964bd3a01da9d8089f51ed740d780fee86,54,0.0
,0.23144383509833585,0.0,101.72127143217348,0,0.0,0.31725221365634776,0.4857223903177005,0.6414523449319214,0.15625,1.218004546514195,0.75,0.7222222222222222,26,36,363.9316863994814,956a9ceb80df2feb4bb3b76f79213a7f0cb93b60e4835d44d36852e549355e78,f000d324411431a807bac72657424c44472cc457a2b2f856442e941850c00046,0.2692889561270802,0.5706473777105395,,2495.1110502972247,9270,1.0,0.19485847669356363,fixed_ring,1.0,0.07241899836489386,0.3173143595562279,26e157325c3b0049cdc1cda6,4.7502914190001775,storm,7009,24bfb8b9aac5b87f9f268595cf4462964bd3a01da9d8089f51ed740d780fee86,0,0.05774079677256681
,0.067304744388047,0.0,37.84724375206414,0,0.0,0.5128688104437514,0.7999162203940052,0.07261724659606657,0.5397037368758145,40.97295143098917,0.9166666666666666,0.9166666666666666,33,36,2065.1033745430777,897c3ea0ca4def7c92d6c5bc4c681216da15d36377736736da162a96b99c0650,f000d324411431a807bac72657424c44472cc457a2b2f856442e941850c00046,0.583963691376702,0.8281400478747394,,1103.58041037268,14414,1.0,0.31996756470866833,adaptive,1.0,0.06707541419148137,0.5119113171734283,af13338ab876977c8cbdf725,9.961093305999839,moving_front,7017,24bfb8b9aac5b87f9f268595cf4462964bd3a01da9d8089f51ed740d780fee86,12,0.0017650025214321732
39,0.2411198310640444,0.0,101.19708932173474,0,0.0,0.31553913224495667,0.5223146747352496,0.649016641452345,0.22916666666666666,5.5103330948057545,0.7222222222222222,0.7222222222222222,26,36,414.0229915676802,fb367cc0d79aa8d9c98eb2a529262d3fdb12211bf1a4b9a1df875515bb387ab8,f000d324411431a807bac72657424c44472cc457a2b2f856442e941850c00046,0.3071104387291982,0.5632800680786687,1.4,1791.476343000348,11171,1.0,0.18104829729672067,greedy_sparse,1.0,0.06129507318502165,0.3159748487140696,e748128f3a6c352cf83f73f0,13.915790260999984,storm,7002,24bfb8b9aac5b87f9f268595cf4462964bd3a01da9d8089f51ed740d780fee86,39,0.010085728693898134
,0.22522692889561272,0.0,100.51070820726173,0,0.0,0.3213894301525595,0.5095105269793242,0.6459909228441755,0.21354166666666666,27.8351703012019,0.8055555555555556,0.8055555555555556,29,36,1352.3652539092975,fb367cc0d79aa8d9c98eb2a529262d3fdb12211bf1a4b9a1df875515bb387ab8,f000d324411431a807bac72657424c44472cc457a2b2f856442e941850c00046,0.29046898638426627,0.5624921205244579,,1317.9103487777631,10655,1.0,0.17962463113704805,adaptive,1.0,0.05985266290577054,0.3213407715582451,30125ea8f464fca8a7448d03,7.392313446999992,storm,7002,24bfb8b9aac5b87f9f268595cf4462964bd3a01da9d8089f51ed740d780fee86,26,0.021936459909228437
47,0.025000210576718414,0.0,23.758254047320445,0,0.0,0.50746231448973,0.8382035464441963,0.04236006051437216,0.563782634266359,12.243352126112418,0.9428571428571428,0.9428571428571428,33,35,503.74350101548504,0eaaad553c80db6664d9a551f5b55b53a649071324c5a65ea020b06da777986c,f000d324411431a807bac72657424c44472cc457a2b2f856442e941850c00046,0.7337367624810892,0.8561496943017497,4.633333333333334,1479.762450304141,16723,1.0,0.35995267768694306,deadline_fusion,1.0,0.07800143038423843,0.5067506922315256,fe5434e27583fdbab37bb4bf,39.99857894799993,moving_front,7001,24bfb8b9aac5b87f9f268595cf4462964bd3a01da9d8089f51ed740d780fee86,47,0.006555723651033787
0,0.20441723398890568,0.0,94.59917107917296,0,0.0,0.3132276306989779,0.5203290468986385,0.6550680786686838,0.21875,2.6528447333730876,0.6944444444444444,0.6666666666666666,24,36,409.20287175282255,61fbc2c3c47ea0b2f394bf19d5d944ff33916305affd279efd1232b2237e443b,f000d324411431a807bac72657424c44472cc457a2b2f856442e941850c00046,0.329803328290469,0.56717252899647,0.0,2243.568320096521,11240,1.0,0.3247502557134045,static_tuned,1.0,0.04998603344265155,0.3129254916792738,91f02160eade19b74889d3d8,4.969560530000081,storm,7008,24bfb8b9aac5b87f9f268595cf4462964bd3a01da9d8089f51ed740d780fee86,0,0.015380736258194654
,0.22848115229450328,0.0,106.2205307614725,0,0.0020171457387796266,0.3309522502115392,0.4312515758951084,0.6686838124054463,0.06770833333333333,1.230402819467935,0.75,0.75,27,36,363.94506096635774,fded3c51bb367e0df8af6f8249b634fefe0cc389845c26618e90a9b29d9c3139,f000d324411431a807bac72657424c44472cc457a2b2f856442e941850c00046,0.22995461422087746,0.5788499117498739,,2494.0170030358872,7729,1.0,0.3274238431327452,fixed_ring,1.0,0.07754634653174884,0.3316550050428643,cbb3439831d4a71051a3ed39,5.097278253000013,storm,7017,24bfb8b9aac5b87f9f268595cf4462964bd3a01da9d8089f51ed740d780fee86,0,0.18633383761976802
42,0.21191849470499238,0.0,98.22873329551184,0,0.0002521432173474533,0.3192224266431751,0.4883383761976802,0.6732223903177005,0.13541666666666666,6.366060659891055,0.8611111111111112,0.8055555555555556,29,36,432.68988857655125,b9aa9c192ff362205c201c037cc4f3c7c2aba8b7e0c4fd0ef068255fea54f756,f000d324411431a807bac72657424c44472cc457a2b2f856442e941850c00046,0.2708018154311649,0.58148953605648,1.65,1955.4887998745996,9268,1.0,0.22771967208857768,greedy_sparse,1.0,0.034880376171161825,0.31912663893091275,2cf061c701d310947146539e,13.485315248000006,storm,7007,24bfb8b9aac5b87f9f268595cf4462964bd3a01da9d8089f51ed740d780fee86,42,0.08522440746343922
,0.24924357034795763,0.0,112.13868664901665,0,0.00151285930408472,0.29397612269643364,0.4193299293998991,0.6732223903177005,0.057291666666666664,1.2254032090478664,0.5833333333333334,0.5555555555555556,20,36,363.9401459394874,5772c05e39ffe56db9fe4d550c615751b591862ac0732ff00bde5b9c136479f3,f000d324411431a807bac72657424c44472cc457a2b2f856442e941850c00046,0.24962178517397882,0.5413278492183559,,2494.2900632974706,8377,1.0,0.29289110566664905,fixed_ring,1.0,0.04771680704143572,0.2941408219868885,04837f80b599c08234061135,4.611231367999949,storm,7006,24bfb8b9aac5b87f9f268595cf4462964bd3a01da9d8089f51ed740d780fee86,0,0.15708522440746342
42,0.23787348714069592,0.0,104.6310829551185,0,0.0,0.3081793456645175,0.4722169692385274,0.6747352496217852,0.14583333333333331,5.56805804758396,0.75,0.6944444444444444,25,36,414.5001744446763,c0265f2f5da1b8f1e6334a7d1da15d24852be86831d4583cf0a020b238d73be2,f000d324411431a807bac72657424c44472cc457a2b2f856442e941850c00046,0.2526475037821483,0.5561097453353504,1.5666666666666667,1759.3478313830005,9301,1.0,0.23838010493486023,greedy_sparse,1.0,0.059144029281143005,0.30767776096822996,07742233ac2f7a8614f2bbba,16.99493554700007,storm,7010,24bfb8b9aac5b87f9f268595cf4462964bd3a01da9d8089f51ed740d780fee86,42,0.040090771558245086
42,0.21590550932929903,0.0,95.1159070852244,0,0.0,0.32043857617916843,0.5299971633888048,0.6626323751891074,0.22916666666666666,6.221810971128445,0.8055555555555556,0.7777777777777778,28,36,436.5715854146435,1ffbd60f44c9f81edacbd6236060262a241240e41dabbe8776c51fac2266503a,f000d324411431a807bac72657424c44472cc457a2b2f856442e941850c00046,0.29046898638426627,0.5897078290468986,1.4,1840.5883116098257,10331,1.0,0.24879966544425072,recruitment,1.0,0.05664867176098506,0.3215062405446293,7184e34438a2d66263ea6fc6,15.316526444000033,storm,7004,24bfb8b9aac5b87f9f268595cf4462964bd3a01da9d8089f51ed740d780fee86,42,0.01638930912758447
56,0.05044914071477558,0.0,31.918534529179848,0,0.0,0.5108063649342877,0.8115498795453415,0.09682299546142209,0.5331869577723216,13.313309025967408,1.0,0.9722222222222222,35,36,511.7167582453367,5c27fd92e06c33f2542baf1700cf25e04b52092d15caab1ec4dc802b1a93834e,f000d324411431a807bac72657424c44472cc457a2b2f856442e941850c00046,0.6051437216338881,0.8447619399205619,5.55,1428.8034891346242,14762,1.0,0.24432258416268102,deadline_fusion,1.0,0.0980739805503671,0.5102968244885848,a8998dae097e93f8bdacf3e7,43.002912397000046,moving_front,7010,24bfb8b9aac5b87f9f268595cf4462964bd3a01da9d8089f51ed740d780fee86,56,0.01059001512859304
47,0.043634586900281394,0.0,29.031343770971507,0,0.0,0.5008166711959235,0.8327482342306449,0.015128593040847202,0.6504930735423812,11.630638393009757,0.9444444444444444,0.9444444444444444,34,36,496.52487627004257,5b23548e342cd0e105b412e1f6ff973e8f388f6fbedb3fc9e75b3089b159ddd9,f000d324411431a807bac72657424c44472cc457a2b2f856442e941850c00046,0.7715582450832073,0.8456874271953975,4.7,1579.4699507767864,17416,1.0,0.18627026155467083,deadline_fusion,1.0,0.08224867309284596,0.5002019332241034,82864fd1cfcf6461f7a2748f,44.15442301300004,moving_front,7002,24bfb8b9aac5b87f9f268595cf4462964bd3a01da9d8089f51ed740d780fee86,47,0.0
18,0.2154957766011094,0.0,94.17360060514372,0,0.0,0.3154641415240127,0.5402483610690871,0.6580937972768532,0.27604166666666663,6.593889132296777,0.7777777777777778,0.7777777777777778,28,36,420.30496709418435,c01d3e850dcea516d0864d501fedc94fd615e60fababbc941400707247a8bedb,f000d324411431a807bac72657424c44472cc457a2b2f856442e941850c00046,0.3388804841149773,0.5815683308119011,1.7666666666666666,1876.6582836938262,11919,1.0,0.19791083574127782,fungal,1.0,0.07208449851332295,0.3144541099344427,da36ccbe0615e0d2051e922c,15.2331625180002,storm,7016,24bfb8b9aac5b87f9f268595cf4462964bd3a01da9d8089f51ed740d780fee86,18,0.005547150781643973
45,0.21581095562279373,0.0,94.13743381240543,0,0.0,0.31797239158015805,0.5417218229954613,0.649016641452345,0.2552083333333333,10.027500354753384,0.6944444444444444,0.6944444444444444,25,36,438.5040425923354,6ef10a6f8528f48913779ce02125f8ae67ac504fa24b04f7d539448adf330dc7,f000d324411431a807bac72657424c44472cc457a2b2f856442e941850c00046,0.34190620272314676,0.5796221003530004,4.5,1942.524111642621,12009,1.0,0.34698740404175815,economic,1.0,0.08024527272198398,0.31780288703983856,94c0a417da46588e6107b723,15.666895836999856,storm,7012,24bfb8b9aac5b87f9f268595cf4462964bd3a01da9d8089f51ed740d780fee86,45,0.012102874432677761
38,0.2083254538577912,0.0,97.17465645486635,0,0.0002521432173474533,0.3207694576713151,0.48739283913262726,0.6717095310136157,0.13020833333333331,5.087893970225342,0.8333333333333334,0.7777777777777778,28,36,412.3877627599785,b9aa9c192ff362205c201c037cc4f3c7c2aba8b7e0c4fd0ef068255fea54f756,f000d324411431a807bac72657424c44472cc457a2b2f856442e941850c00046,0.2692889561270802,0.5817495587493695,1.3666666666666667,2002.8977549578449,9137,1.0,0.2277390459959499,recruitment,1.0,0.034870864754674546,0.32045039082198684,d614c575c7eff41cbff31da6,14.043595782000011,storm,7007,24bfb8b9aac5b87f9f268595cf4462964bd3a01da9d8089f51ed740d780fee86,38,0.08396369137670197
33,0.011180975794251133,0.0,22.880066502773577,0,0.0,0.4235319405668987,0.8126103126575893,0.006051437216338881,0.6927083333333333,5.9438151959226175,0.9714285714285714,0.9714285714285714,34,35,391.58142434472813,9b5a428363b62ad024a6d518c6bdc283191d1cf8739502f5298786104f688bf6,f000d324411431a807bac72657424c44472cc457a2b2f856442e941850c00046,0.8850226928895613,0.8277073877962682,3.283333333333333,2118.7522813919113,18383,1.0,0.4901215650894811,economic,0.9614220877458396,0.18373337226558648,0.4238212304589005,f07a7f0b9358cc35c5f1d2ee,19.202970834999633,sensor_fault,7001,24bfb8b9aac5b87f9f268595cf4462964bd3a01da9d8089f51ed740d780fee86,33,0.0020171457387796266
51,0.0356788021459618,0.0,25.68851977716542,0,0.0,0.5374304026794203,0.8527998585734484,0.03177004538577912,0.6698733033471929,12.637376841498414,0.9444444444444444,0.9444444444444444,34,36,508.0094639764945,a045df01d14234cb96176801d87713dde0c5b1030233001228c3094e00dd4a73,f000d324411431a807bac72657424c44472cc457a2b2f856442e941850c00046,0.680786686838124,0.8650202639956129,5.016666666666667,1433.5889859280082,16197,1.0,0.2407378159005882,deadline_fusion,1.0,0.09637482683108833,0.538554515078588,db58f06b3f91a02220475d05,43.91115758299998,moving_front,7011,24bfb8b9aac5b87f9f268595cf4462964bd3a01da9d8089f51ed740d780fee86,51,0.0
30,0.02337840393343419,0.0,25.213573184568833,0,0.0,0.44658737765574175,0.8245004412506303,0.0015128593040847202,0.734375,3.8947421076158646,0.9444444444444444,0.9444444444444444,34,36,389.87682727784596,e5eb0adce92def657b42daaff1168729498af6b7f7eacaec91555308393fbb04,f000d324411431a807bac72657424c44472cc457a2b2f856442e941850c00046,0.8426626323751891,0.8354450327786181,1.0,2160.3899030438465,17170,1.0,0.4196427850834412,greedy_sparse,0.8908219868885526,0.1993989015144407,0.4469632501260717,f351e9ad6dfd8ac0d0e14744,16.643864229999963,sensor_fault,7005,24bfb8b9aac5b87f9f268595cf4462964bd3a01da9d8089f51ed740d780fee86,30,0.0
23,0.015774710035300052,0.0,24.706804715078164,0,0.0,0.45086575331109147,0.8151632627332324,0.0015128593040847202,0.7291666666666665,3.1172679581377842,1.0,1.0,36,36,382.67439982469864,50b7b3fbf7cedf803850a0428d40ee1ccc4080b783db00698cf7730c8a755b36,f000d324411431a807bac72657424c44472cc457a2b2f856442e941850c00046,0.8562783661119516,0.8259345057992938,0.7666666666666667,2201.52555581677,17962,1.0,0.33442017276789154,greedy_sparse,0.9604135148764497,0.18158550695336045,0.45162789964699945,5d8b6d4ec11135e8dde7cf10,37.94370854600038,sensor_fault,7011,24bfb8b9aac5b87f9f268595cf4462964bd3a01da9d8089f51ed740d780fee86,23,0.0
48,0.03571233018132015,0.0,27.514846268746624,0,0.0,0.5264834772273053,0.8286247419199795,0.07564296520423601,0.5462849044631894,7.856060429117239,0.9722222222222222,0.9722222222222222,35,36,464.86220460557325,43e354cb1fa0a5fed03587ccc8ef089b630912d128abf8941ac224ef282c99e3,f000d324411431a807bac72657424c44472cc457a2b2f856442e941850c00046,0.6399394856278366,0.8518969386699996,1.6,1431.9012256444898,15417,1.0,0.4021582883095908,recruitment,1.0,0.08879083737621667,0.5269184716889114,b7e1564b384cffa47fa415ce,17.89191466400007,moving_front,7018,24bfb8b9aac5b87f9f268595cf4462964bd3a01da9d8089f51ed740d780fee86,48,0.00680786686838124
55,0.03713202463735604,0.0,27.277915332325826,0,0.0,0.5030576408330621,0.8357480164212887,0.057488653555219364,0.6101794582884339,11.35314678718515,0.9166666666666666,0.9166666666666666,33,36,486.68251655298184,0aace0ec30ee371a7c2663e2411d8b6b713bd3c12b78091846cea85ee9e6f3b4,f000d324411431a807bac72657424c44472cc457a2b2f856442e941850c00046,0.6989409984871406,0.8504835495883409,5.466666666666667,1610.1270034234374,16412,1.0,0.18596175762083492,economic,1.0,0.10797170355712685,0.5025290589004934,4faf8c60c6692160f18c1846,18.42972494300011,moving_front,7013,24bfb8b9aac5b87f9f268595cf4462964bd3a01da9d8089f51ed740d780fee86,55,0.0002521432173474533
51,0.04188840564902888,0.0,30.511260508461767,0,0.0,0.5005089687596292,0.8170719531142033,0.08472012102874432,0.5591284713725198,11.151301035559168,1.0,1.0,36,36,487.07521398263737,7fc013544a2434726446cf0cb1c220e784a923ebb4fc53407d1bf1d9ae765b5f,f000d324411431a807bac72657424c44472cc457a2b2f856442e941850c00046,0.6278366111951589,0.8431954218953829,5.066666666666666,1521.170559812501,14878,1.0,0.23220512628302314,economic,1.0,0.10547644469241942,0.5013603864786157,e04b738e9b51a0f254b0feed,18.76217986499978,moving_front,7019,24bfb8b9aac5b87f9f268595cf4462964bd3a01da9d8089f51ed740d780fee86,51,0.00529500756429652
28,0.22119263741805342,0.0,98.19875189107412,0,0.0,0.3095562127549713,0.5127647503782148,0.6338880484114977,0.203125,9.50271731060898,0.6944444444444444,0.6666666666666666,24,36,467.0488630307792,7566b3dd58ba1b4b73cead9a88da4a0d93430742ea574afa5e3d674dbfd7a1c5,f000d324411431a807bac72657424c44472cc457a2b2f856442e941850c00046,0.30257186081694404,0.565494200706001,2.8,1915.0502516503893,10780,1.0,0.1895295139180481,fungal,1.0,0.06291902255377692,0.30956095562279373,3c6cd799ad8b18545dde15de,20.27076253500013,storm,7013,24bfb8b9aac5b87f9f268595cf4462964bd3a01da9d8089f51ed740d780fee86,28,0.020423600605143723
9,0.024213628340897627,0.0,28.9697979702471,0,0.0,0.4384859309951329,0.7893107034795764,0.01361573373676248,0.6979166666666666,3.992346961454504,0.9722222222222222,0.9722222222222222,35,36,403.14808075322026,20cbee7be12f3041b6f80dfbab6cf06c7cd24e2dceeb098a373acea1952196d8,f000d324411431a807bac72657424c44472cc457a2b2f856442e941850c00046,0.8396369137670197,0.8081190115985878,0.9,2209.1340082851693,17496,1.0,0.3964507071624298,fungal,0.9586485123550176,0.16421345915180988,0.43841401916288447,9a42c53fb69a5b44b4c816ae,22.075948310000058,sensor_fault,7018,24bfb8b9aac5b87f9f268595cf4462964bd3a01da9d8089f51ed740d780fee86,9,0.005547150781643974
,0.2386771936459909,0.0,110.06004160363084,0,0.0007564296520423601,0.2800965259226587,0.4499338124054463,0.6717095310136157,0.13541666666666666,35.551235374678924,0.7222222222222222,0.6666666666666666,24,36,1753.3676755288334,5772c05e39ffe56db9fe4d550c615751b591862ac0732ff00bde5b9c136479f3,f000d324411431a807bac72657424c44472cc457a2b2f856442e941850c00046,0.2556732223903177,0.5180676374180534,,1296.840233299124,9760,1.0,0.2901865448263489,adaptive,1.0,0.05755856100653464,0.2808560262228946,36dff3672dd75c433ba95ad8,7.7580325309999125,storm,7006,24bfb8b9aac5b87f9f268595cf4462964bd3a01da9d8089f51ed740d780fee86,30,0.054210791729702466
,0.028555219364599094,0.0,35.424388552697934,0,0.0,0.39766954550966993,0.7340519415027734,0.028744326777609682,0.6145833333333333,1.2629313371090578,1.0,1.0,36,36,363.5935693229667,c0265f2f5da1b8f1e6334a7d1da15d24852be86831d4583cf0a020b238d73be2,f000d324411431a807bac72657424c44472cc457a2b2f856442e941850c00046,0.6066565809379728,0.7644430786686837,,2481.9724485078546,14190,1.0,0.2618689691307401,adaptive,0.9523449319213313,0.17573749932322766,0.398000189107413,78623f8a970de8e003b07349,9.3111758619998,sensor_fault,7010,24bfb8b9aac5b87f9f268595cf4462964bd3a01da9d8089f51ed740d780fee86,23,0.004286434694906707
29,0.020975163893091273,0.0,27.874905446293496,0,0.0,0.4415854298025773,0.7919345688350984,0.009077155824508321,0.6927083333333333,3.4743940565757874,1.0,1.0,36,36,384.1482644619781,20cbee7be12f3041b6f80dfbab6cf06c7cd24e2dceeb098a373acea1952196d8,f000d324411431a807bac72657424c44472cc457a2b2f856442e941850c00046,0.8169440242057489,0.8118854009077155,0.9666666666666667,2215.579213678559,17140,1.0,0.396188504768838,recruitment,0.95940494200706,0.16467363284357434,0.4418258320726172,5b3a2e16717bde25341a1f9f,45.874421624000206,sensor_fault,7018,24bfb8b9aac5b87f9f268595cf4462964bd3a01da9d8089f51ed740d780fee86,29,0.005799293998991427
0,0.027690834061920296,0.0,28.087685794547042,0,0.0,0.47136344447671247,0.8053408763578018,0.09531013615733737,0.5061593913598372,2.3254324860693925,0.9142857142857143,0.9142857142857143,32,35,409.2358959511653,0eaaad553c80db6664d9a551f5b55b53a649071324c5a65ea020b06da777986c,f000d324411431a807bac72657424c44472cc457a2b2f856442e941850c00046,0.7957639939485628,0.8229948551351768,0.0,2246.3611593140663,17626,1.0,0.36335757127867646,static_tuned,1.0,0.09378744424877687,0.47046766840042964,e2a8a12610ffa851cd64e8aa,5.830902943000183,moving_front,7001,24bfb8b9aac5b87f9f268595cf4462964bd3a01da9d8089f51ed740d780fee86,0,0.004286434694906706
56,0.031115430057707165,0.0,25.296229797119082,0,0.0,0.5496508003807881,0.8462794078840304,0.028744326777609682,0.628890254220379,12.253731089507014,0.9722222222222222,0.9722222222222222,35,36,494.66819190198953,5bd218142e142fa4278b4a5cda21ab3f6b168aad1e4f87cf0725f2f9c148a9ed,f000d324411431a807bac72657424c44472cc457a2b2f856442e941850c00046,0.6202723146747352,0.86523183053061,5.566666666666666,1574.3600113998705,14819,1.0,0.2809170921036905,economic,1.0,0.11230347645323384,0.5488625425030885,1c62870771a4b206ac0944bd,14.297848111999883,moving_front,7000,24bfb8b9aac5b87f9f268595cf4462964bd3a01da9d8089f51ed740d780fee86,56,0.0020171457387796266
0,0.0306590393343419,0.0,31.090952786182548,0,0.0,0.4094782358039163,0.7863165027735752,0.0015128593040847202,0.7031249999999999,2.356789221037462,0.9722222222222222,0.9722222222222222,35,36,408.8615185721543,c01d3e850dcea516d0864d501fedc94fd615e60fababbc941400707247a8bedb,f000d324411431a807bac72657424c44472cc457a2b2f856442e941850c00046,0.9334341906202723,0.7944953983862832,0.0,2246.997138254843,19644,1.0,0.4024155448326814,static_tuned,1.0,0.15987835970216324,0.4100321482602118,8a513726448643ccbcd4f2ba,7.1936335649998,sensor_fault,7016,24bfb8b9aac5b87f9f268595cf4462964bd3a01da9d8089f51ed740d780fee86,0,0.0
49,0.03489417179185553,0.0,26.535745765055328,0,0.0,0.5256120182801824,0.8438901928429936,0.037821482602118005,0.6380151875795013,11.779201167752275,0.9722222222222222,0.9722222222222222,35,36,501.3419052493301,6e2d005a512f8f795588b53a08d35435fd833e215d9a9396f9ada02b8104fa48,f000d324411431a807bac72657424c44472cc457a2b2f856442e941850c00046,0.7246596066565809,0.8551498264614337,4.883333333333334,1523.575606858102,16816,1.0,0.19815503467576814,deadline_fusion,1.0,0.10667271007194926,0.5247960591113713,067f78e8e4b3484453256bb6,43.49301916199988,moving_front,7009,24bfb8b9aac5b87f9f268595cf4462964bd3a01da9d8089f51ed740d780fee86,49,0.0
43,0.2195458270297529,0.0,98.86677382753403,0,0.0,0.3040006908464097,0.49869200706001005,0.659606656580938,0.19791666666666666,9.63348289035837,0.7777777777777778,0.7777777777777778,28,36,436.6432368217305,12c2676d5d2da4bfdacb5c9a6312d12b90a39b080a71ade938e7b16bbaabf086,f000d324411431a807bac72657424c44472cc457a2b2f856442e941850c00046,0.2632375189107413,0.5693157463439232,4.3,1811.1590420907748,9569,1.0,0.23777668550468678,economic,1.0,0.07053273536833676,0.30422655068078663,f903ba6437493dee652c54a0,15.209133732000055,storm,7019,24bfb8b9aac5b87f9f268595cf4462964bd3a01da9d8089f51ed740d780fee86,43,0.028744326777609682
,0.06496781882499217,0.0,37.87936133968507,0,0.0,0.5025904960834368,0.8013436486477848,0.0529500756429652,0.5661071014228807,39.47373061382974,0.9444444444444444,0.9444444444444444,34,36,1986.223992323138,277879760b7636cf423ed8f2b038495b33a699b960bf9fcac3c05a45a91ae287,f000d324411431a807bac72657424c44472cc457a2b2f856442e941850c00046,0.5960665658093798,0.8239956669541141,,1015.6649485311253,14606,1.0,0.31627774072825515,adaptive,1.0,0.06741895400388523,0.5038199318775668,2f12a7145c31488503520692,9.80049345500015,moving_front,7015,24bfb8b9aac5b87f9f268595cf4462964bd3a01da9d8089f51ed740d780fee86,12,0.0032778618255168935
0,0.24360186585980834,0.0,102.09066124558751,0,0.0,0.3122483408730985,0.5214873298033282,0.653555219364599,0.234375,2.696329848547853,0.7777777777777778,0.7777777777777778,28,36,409.24496292789263,fb367cc0d79aa8d9c98eb2a529262d3fdb12211bf1a4b9a1df875515bb387ab8,f000d324411431a807bac72657424c44472cc457a2b2f856442e941850c00046,0.34493192133131617,0.5554005925365607,0.0,2244.488129434367,11855,1.0,0.17918313397335625,static_tuned,1.0,0.05493722176263516,0.31253151790216843,e4b28921da41bbd97dba9bd0,5.362671055000078,storm,7002,24bfb8b9aac5b87f9f268595cf4462964bd3a01da9d8089f51ed740d780fee86,0,0.009581442259203229
14,0.029563792233988903,0.0,31.194095121028745,0,0.0,0.4106789471840127,0.7843151159858799,0.0015128593040847202,0.6927083333333333,5.303750758380746,0.9722222222222222,0.9722222222222222,35,36,410.9261006279608,c01d3e850dcea516d0864d501fedc94fd615e60fababbc941400707247a8bedb,f000d324411431a807bac72657424c44472cc457a2b2f856442e941850c00046,0.9288956127080181,0.7926043242561774,1.4,2164.600102018931,19420,1.0,0.40220390833416864,deadline_fusion,1.0,0.16011965237083595,0.4112061901159858,b56d318a0f8f8626ecdf42af,49.05228268200017,sensor_fault,7016,24bfb8b9aac5b87f9f268595cf4462964bd3a01da9d8089f51ed740d780fee86,14,0.0
0,0.21099659606656576,0.0,94.96142996722138,0,0.0,0.3284725211141596,0.5217552319717599,0.6520423600605144,0.24999999999999997,2.7074572647725335,0.8333333333333334,0.8333333333333334,30,36,409.2187953274065,20cbee7be12f3041b6f80dfbab6cf06c7cd24e2dceeb098a373acea1952196d8,f000d324411431a807bac72657424c44472cc457a2b2f856442e941850c00046,0.2723146747352496,0.5853347201210287,0.0,2243.9316547581025,9831,1.0,0.39474546090290685,static_tuned,1.0,0.04627814189018932,0.3289208270297529,51e6d97b61190f8d26251545,4.588040799000055,storm,7018,24bfb8b9aac5b87f9f268595cf4462964bd3a01da9d8089f51ed740d780fee86,0,0.016389309127584465
0,0.02932740796772567,0.0,29.904461359051933,0,0.0,0.4210333749658685,0.7948184568835097,0.0,0.7083333333333333,2.3379179944387296,0.9166666666666666,0.9166666666666666,33,36,408.9164747068031,6ef10a6f8528f48913779ce02125f8ae67ac504fa24b04f7d539448adf330dc7,f000d324411431a807bac72657424c44472cc457a2b2f856442e941850c00046,0.9273827534039334,0.7997982854261219,0.0,2247.139045242777,19780,0.9677256681795261,0.5658068577644947,static_tuned,0.9631870902672719,0.17932339330858732,0.4218198436712052,36bf4973815cacfe44213e6c,16.706338820999918,sensor_fault,7012,24bfb8b9aac5b87f9f268595cf4462964bd3a01da9d8089f51ed740d780fee86,0,0.0
52,0.037744618806540495,0.0,28.170868726875174,0,0.0,0.516403247991052,0.8256185740329594,0.046898638426626324,0.5849101240042773,12.018397673197635,0.9166666666666666,0.9166666666666666,33,36,492.03082083299046,277879760b7636cf423ed8f2b038495b33a699b960bf9fcac3c05a45a91ae287,f000d324411431a807bac72657424c44472cc457a2b2f856442e941850c00046,0.583963691376702,0.8594825667856056,5.116666666666666,1471.7991451736489,14117,1.0,0.32118315478129705,fungal,1.0,0.08618600795505513,0.5188129965189733,b4f5b4df359eb0343ddfcbe4,18.73444980499994,moving_front,7015,24bfb8b9aac5b87f9f268595cf4462964bd3a01da9d8089f51ed740d780fee86,52,0.008572869389813413
40,0.20934978567826523,0.0,96.2967252899647,0,0.0,0.33398695298279046,0.5038136661623802,0.6475037821482602,0.18229166666666666,5.377025099450191,0.7777777777777778,0.6944444444444444,25,36,410.28390369913643,5f8536aad221b558feae01abd9e48012ffd43f0d986448ef31076303591affbe,f000d324411431a807bac72657424c44472cc457a2b2f856442e941850c00046,0.2586989409984871,0.5860675113464447,1.45,1971.112036059995,9113,1.0,0.27983216217439283,recruitment,1.0,0.050560211102322596,0.33272661371659096,67d675d9a580be77d3965586,17.37970317600002,storm,7000,24bfb8b9aac5b87f9f268595cf4462964bd3a01da9d8089f51ed740d780fee86,40,0.044377206253151794
9,0.027586043872919817,0.0,30.2407179778114,0,0.0,0.4278485137464986,0.788483358547655,0.0045385779122541605,0.6875,3.4177632591303193,0.9722222222222222,0.9722222222222222,35,36,393.44241345095793,61fbc2c3c47ea0b2f394bf19d5d944ff33916305affd279efd1232b2237e443b,f000d324411431a807bac72657424c44472cc457a2b2f856442e941850c00046,0.8729198184568835,0.8017208774583964,0.9,2177.6495114565378,18068,1.0,0.486374194414707,deadline_fusion,0.9606656580937972,0.2057857438941854,0.42750882501260706,349d80b20f5d3b2b7aedfcf0,42.55057060699983,sensor_fault,7008,24bfb8b9aac5b87f9f268595cf4462964bd3a01da9d8089f51ed740d780fee86,9,0.0
,0.22967883257690366,0.0,105.33227748361068,0,0.0002521432173474533,0.3106042971788897,0.45946009833585477,0.6777609682299546,0.13541666666666666,24.589015339879232,0.7777777777777778,0.7777777777777778,28,36,1244.0991452821465,c0265f2f5da1b8f1e6334a7d1da15d24852be86831d4583cf0a020b238d73be2,f000d324411431a807bac72657424c44472cc457a2b2f856442e941850c00046,0.24357034795763993,0.5529500756429652,,1674.8264005125998,8854,1.0,0.23843100400950723,adaptive,1.0,0.05688702710982818,0.3104828542612203,73869635cedd8daa7b906cbe,7.840120249000165,storm,7010,24bfb8b9aac5b87f9f268595cf4462964bd3a01da9d8089f51ed740d780fee86,24,0.07564296520423601
0,0.039664689631381846,0.0,33.031432938274776,0,0.0,0.46732847235615094,0.7918626783427334,0.09531013615733737,0.5048575449039305,2.34834612383428,0.9444444444444444,0.9444444444444444,34,36,409.20474252409986,897c3ea0ca4def7c92d6c5bc4c681216da15d36377736736da162a96b99c0650,f000d324411431a807bac72657424c44472cc457a2b2f856442e941850c00046,0.6157337367624811,0.8133643579641805,0.0,2246.759274744648,14882,1.0,0.3278982913819642,static_tuned,1.0,0.08967533607201941,0.46941070232465354,686663aa9a964af84cca6cf1,5.935266630999877,moving_front,7017,24bfb8b9aac5b87f9f268595cf4462964bd3a01da9d8089f51ed740d780fee86,0,0.0010085728693898133
28,0.011968923348461925,0.0,23.47433654815935,0,0.0,0.42742999367242135,0.8097421835602621,0.0,0.6770833333333333,3.553402529576662,1.0,1.0,36,36,388.336378445358,7bba1255199adfdb1a1ba0c529b8275f13780540abed81a608a55c16f4b1390f,f000d324411431a807bac72657424c44472cc457a2b2f856442e941850c00046,0.9273827534039334,0.8176768154311648,0.9333333333333333,2147.52270375727,19189,1.0,0.4389098912448358,greedy_sparse,0.9556227937468481,0.18551892026726402,0.4263111447302067,2f35af59119c47ab80ab65ca,15.327010958999836,sensor_fault,7003,24bfb8b9aac5b87f9f268595cf4462964bd3a01da9d8089f51ed740d780fee86,28,0.0
46,0.024320928396758174,0.0,20.71293215673911,0,0.0,0.5541468422074026,0.8764335333629651,0.01664145234493192,0.6983345200785238,12.298038927894266,1.0,1.0,36,36,505.7779007968984,3112fe2c83524b2f2e2f68f6ce520bfc1f93a616346ad692daac26f7b11e5a4b,f000d324411431a807bac72657424c44472cc457a2b2f856442e941850c00046,0.6686838124054463,0.8929328746420092,4.583333333333333,1479.3874196198592,15829,1.0,0.30786316442159206,fungal,1.0,0.07036735569918544,0.5559198084476749,acfbfa770cc30939263cb989,14.10314039800005,moving_front,7005,24bfb8b9aac5b87f9f268595cf4462964bd3a01da9d8089f51ed740d780fee86,46,0.0027735753908219867
11,0.03011535552193646,0.0,30.9958081190116,0,0.0,0.42410002909800865,0.7865528870398385,0.0045385779122541605,0.6822916666666665,3.9840678433031362,0.9722222222222222,0.9722222222222222,35,36,400.94604926812593,61fbc2c3c47ea0b2f394bf19d5d944ff33916305affd279efd1232b2237e443b,f000d324411431a807bac72657424c44472cc457a2b2f856442e941850c00046,0.875945537065053,0.7992467221381744,1.1,2188.1139146196815,18148,1.0,0.4864413938592414,fungal,0.959909228441755,0.20756015280052803,0.42412853000504275,7ae9ca81995ac4205cc59393,15.253479438999875,sensor_fault,7008,24bfb8b9aac5b87f9f268595cf4462964bd3a01da9d8089f51ed740d780fee86,11,0.0
36,0.22547907211296014,0.0,99.10126701966715,0,0.0,0.3104324175541193,0.5118034543620776,0.6293494704992436,0.19791666666666666,10.30243645062816,0.7222222222222222,0.6944444444444444,25,36,466.91147453814756,7566b3dd58ba1b4b73cead9a88da4a0d93430742ea574afa5e3d674dbfd7a1c5,f000d324411431a807bac72657424c44472cc457a2b2f856442e941850c00046,0.3040847201210287,0.5636976802824003,3.566666666666667,1763.1479462615814,10790,1.0,0.1894663278283001,deadline_fusion,1.0,0.06240748731973212,0.31024646999495714,14891b4e0106cd0ceeb5781c,50.409301111999866,storm,7013,24bfb8b9aac5b87f9f268595cf4462964bd3a01da9d8089f51ed740d780fee86,36,0.022440746343923346
,0.2088139813414019,0.0,96.06183812405445,0,0.0,0.3256786657250979,0.5079819087241553,0.642965204236006,0.19791666666666666,1.2029938553194799,0.75,0.7222222222222222,26,36,363.9235038793645,7bba1255199adfdb1a1ba0c529b8275f13780540abed81a608a55c16f4b1390f,f000d324411431a807bac72657424c44472cc457a2b2f856442e941850c00046,0.2813918305597579,0.574697428139183,,2494.4943878782483,9761,1.0,0.2466933717970857,fixed_ring,1.0,0.08709458480356605,0.32620240796772565,84d5fa94f31a4e5e098e83df,4.167957007000041,storm,7003,24bfb8b9aac5b87f9f268595cf4462964bd3a01da9d8089f51ed740d780fee86,0,0.025214321734745332
19,0.16838439233484617,0.0,81.27489914271307,0,0.0,0.349205466219448,0.5709389183055975,0.5688350983358548,0.2864583333333333,6.000332365935902,0.8611111111111112,0.8333333333333334,30,36,415.52558899643583,ac5fa5d877e58450b21b5619aadcad71ab1db9e7cd210fd1cd516ef4a934c028,f000d324411431a807bac72657424c44472cc457a2b2f856442e941850c00046,0.32829046898638425,0.6212178517397882,1.8333333333333333,1943.8292349664853,11234,1.0,0.37923901883604877,deadline_fusion,1.0,0.05429368021869786,0.3499117498739283,2fab1cb51cacea111bf34c28,37.91262079300009,storm,7014,24bfb8b9aac5b87f9f268595cf4462964bd3a01da9d8089f51ed740d780fee86,19,0.0045385779122541605
53,0.034735403815395145,0.0,26.437368947615216,0,0.0,0.5124472470489541,0.8431708770350015,0.048411497730711045,0.6206651491719442,11.5404719394361,1.0,1.0,36,36,494.7386457548484,ddbf34503eff23fbcd394039890145ec197c5f33f339d9222c1ea54ac42702a6,f000d324411431a807bac72657424c44472cc457a2b2f856442e941850c00046,0.735249621785174,0.8510270863342511,5.233333333333333,1510.8174535795406,16981,1.0,0.24460916386914566,economic,1.0,0.0960279406678636,0.5127356394564049,9bf32e119005d14e41d63c0b,17.681356441999924,moving_front,7003,24bfb8b9aac5b87f9f268595cf4462964bd3a01da9d8089f51ed740d780fee86,53,0.0
41,0.22383226172465961,0.0,102.96173726676751,0,0.0,0.3118854763272797,0.4594285804336863,0.6838124054462935,0.14583333333333331,5.504131561275146,0.7777777777777778,0.7777777777777778,28,36,419.96818659004936,b549dfc41676c63078393edb7074f42e4f0927a271f4a7ecca93c1f6bdaa8078,f000d324411431a807bac72657424c44472cc457a2b2f856442e941850c00046,0.23903177004538578,0.5625157589510842,1.4666666666666666,1907.6801662365663,8515,1.0,0.316787760866045,recruitment,1.0,0.08084377956209231,0.31229513363590516,b23c40de53df5bd3cc986d27,15.316959706000034,storm,7015,24bfb8b9aac5b87f9f268595cf4462964bd3a01da9d8089f51ed740d780fee86,41,0.0685829551185073
0,0.05153404809401552,0.0,34.37871930913102,0,0.0,0.4796811603289828,0.8017493088502212,0.05597579425113464,0.5474685900659255,2.353334546264755,0.9166666666666666,0.9166666666666666,33,36,409.38279712396263,33909bb95a53710954872d70bc5591af92a450651324e9fef7a21e0a1cd4da1e,f000d324411431a807bac72657424c44472cc457a2b2f856442e941850c00046,0.7594553706505295,0.8114552555405927,0.0,2245.87495907604,17399,1.0,0.2588184040242887,static_tuned,1.0,0.09157338353254278,0.4796354522266425,318cc46901d0644c9bb84a54,5.972405888999901,moving_front,7004,24bfb8b9aac5b87f9f268595cf4462964bd3a01da9d8089f51ed740d780fee86,0,0.0
31,0.02196009833585476,0.0,28.0950973903177,0,0.0,0.44122932593190456,0.7925176500252141,0.012102874432677761,0.6927083333333333,3.804677217278385,1.0,1.0,36,36,385.75114783702406,20cbee7be12f3041b6f80dfbab6cf06c7cd24e2dceeb098a373acea1952196d8,f000d324411431a807bac72657424c44472cc457a2b2f856442e941850c00046,0.8154311649016641,0.8126260716086736,1.0333333333333334,2229.1185253612907,17139,1.0,0.3960769135851914,greedy_sparse,0.9596570852244074,0.16474334511715666,0.4415973272818961,03c8ce91fc25a36ff57f5be2,18.309187284000018,sensor_fault,7018,24bfb8b9aac5b87f9f268595cf4462964bd3a01da9d8089f51ed740d780fee86,31,0.005799293998991427
,0.040468986384266256,0.0,36.47180723651034,0,0.0,0.4195376798738509,0.7519619894099848,0.01664145234493192,0.6302083333333333,1.413501959801653,0.9722222222222222,0.9722222222222222,35,36,367.36106528615227,b549dfc41676c63078393edb7074f42e4f0927a271f4a7ecca93c1f6bdaa8078,f000d324411431a807bac72657424c44472cc457a2b2f856442e941850c00046,0.44478063540090773,0.7804226550680786,,2412.587576547345,12675,1.0,0.419907459353145,adaptive,0.9523449319213313,0.17541843352180736,0.4201651538073625,8e4f7fbcb9a29fcd343b8af3,9.832341305000227,sensor_fault,7015,24bfb8b9aac5b87f9f268595cf4462964bd3a01da9d8089f51ed740d780fee86,13,0.00302571860816944
39,0.21433749369641955,0.0,93.83478315683308,0,0.0,0.31703281001692785,0.5439911119515884,0.6520423600605144,0.2708333333333333,5.979043087517451,0.7222222222222222,0.7222222222222222,26,36,422.68853882978226,6ef10a6f8528f48913779ce02125f8ae67ac504fa24b04f7d539448adf330dc7,f000d324411431a807bac72657424c44472cc457a2b2f856442e941850c00046,0.3358547655068079,0.5806306732223903,1.45,1953.3451395726267,11887,1.0,0.3462279629597894,greedy_sparse,1.0,0.07754325299990773,0.31684947049924356,a2d95dda1d9fc5f14b154e18,19.265372048000017,storm,7012,24bfb8b9aac5b87f9f268595cf4462964bd3a01da9d8089f51ed740d780fee86,39,0.010842158345940493
5,0.038270612708018154,0.0,32.03775056732224,0,0.0,0.4347863817353463,0.7885700327786181,0.007564296520423601,0.6666666666666667,2.629631505629018,0.9166666666666666,0.9166666666666666,33,36,384.4314078640929,5f8536aad221b558feae01abd9e48012ffd43f0d986448ef31076303591affbe,f000d324411431a807bac72657424c44472cc457a2b2f856442e941850c00046,0.7881996974281392,0.8008462556732224,0.5,2204.7734324572157,16521,0.9992435703479576,0.49158740644401133,fungal,0.95940494200706,0.19243444201259624,0.4342221381744831,26094397973dc4d8b138aebc,16.574376197999754,sensor_fault,7000,24bfb8b9aac5b87f9f268595cf4462964bd3a01da9d8089f51ed740d780fee86,5,0.0005042864346949066
56,0.03293485694816957,0.0,26.370601126803205,0,0.0,0.5419485001436803,0.8407961275765993,0.039334341906202726,0.6143831923373619,8.958234035514618,0.9166666666666666,0.9166666666666666,33,36,476.4597384491711,5bd218142e142fa4278b4a5cda21ab3f6b168aad1e4f87cf0725f2f9c148a9ed,f000d324411431a807bac72657424c44472cc457a2b2f856442e941850c00046,0.5748865355521936,0.8612053315584706,1.8666666666666667,1567.94032798161,14463,1.0,0.2791210265107626,greedy_sparse,1.0,0.12322305249285637,0.5419898693520568,3cb65445fa709f9c0ccd79d1,14.294807930999923,moving_front,7000,24bfb8b9aac5b87f9f268595cf4462964bd3a01da9d8089f51ed740d780fee86,56,0.0025214321734745334
36,0.2122888300554715,0.0,93.98000189107412,0,0.0,0.3244789689467761,0.5254349470499243,0.6505295007564297,0.22395833333333331,8.46113303268582,0.6944444444444444,0.6944444444444444,25,36,425.27459225722276,61fbc2c3c47ea0b2f394bf19d5d944ff33916305affd279efd1232b2237e443b,f000d324411431a807bac72657424c44472cc457a2b2f856442e941850c00046,0.3071104387291982,0.586886976802824,3.6,1403.925255479913,10820,1.0,0.3253310734589155,economic,1.0,0.0782898180472389,0.3241379853756934,48e7a13bcd7e58ff94eece11,15.04740959500009,storm,7008,24bfb8b9aac5b87f9f268595cf4462964bd3a01da9d8089f51ed740d780fee86,36,0.02798789712556732
34,0.014033345940494197,0.0,20.065478441754912,0,0.0,0.46735929682292104,0.8550018910741302,0.0,0.7760416666666666,4.80362045462645,0.9444444444444444,0.9444444444444444,34,36,386.4925796723357,ac5fa5d877e58450b21b5619aadcad71ab1db9e7cd210fd1cd516ef4a934c028,f000d324411431a807bac72657424c44472cc457a2b2f856442e941850c00046,0.9288956127080181,0.860919377206253,3.3833333333333333,2128.9424370871193,19271,1.0,0.42876122734113403,economic,1.0,0.19964881167446824,0.4665279878971256,0b0d3f2534080b4915e20989,19.27557372199999,sensor_fault,7014,24bfb8b9aac5b87f9f268595cf4462964bd3a01da9d8089f51ed740d780fee86,34,0.0
,0.06037550446254651,0.0,33.74605320120664,0,0.0,0.5060004457951334,0.8206408082438904,0.03328290468986384,0.6006920813901074,42.04588917585824,0.8888888888888888,0.8888888888888888,32,36,2116.1574838156093,0aace0ec30ee371a7c2663e2411d8b6b713bd3c12b78091846cea85ee9e6f3b4,f000d324411431a807bac72657424c44472cc457a2b2f856442e941850c00046,0.7473524962178517,0.8334784102709943,,1074.9923101484198,17001,1.0,0.181063563210593,adaptive,1.0,0.0878574113184274,0.5052252149937219,028da571bdbb4bedab682b22,10.745168659,moving_front,7013,24bfb8b9aac5b87f9f268595cf4462964bd3a01da9d8089f51ed740d780fee86,10,0.0
52,0.02878841767460299,0.0,24.68288726159033,0,0.0,0.5539779850558639,0.8477150403788806,0.02723146747352496,0.634645386019976,13.226350010381715,0.9722222222222222,0.9722222222222222,35,36,505.13285881733105,5bd218142e142fa4278b4a5cda21ab3f6b168aad1e4f87cf0725f2f9c148a9ed,f000d324411431a807bac72657424c44472cc457a2b2f856442e941850c00046,0.6021180030257186,0.8664204848668248,5.15,1566.8806424367783,14841,1.0,0.28144798464320875,fungal,1.0,0.11001127122793643,0.5525211233046673,9cb6d2b979b64b92a93312f6,14.913311141999884,moving_front,7000,24bfb8b9aac5b87f9f268595cf4462964bd3a01da9d8089f51ed740d780fee86,52,0.0020171457387796266
28,0.22448625819465454,0.0,97.3864173600605,0,0.0,0.31812184196534565,0.5331253151790216,0.649016641452345,0.2552083333333333,10.471042149014318,0.8055555555555556,0.8055555555555556,29,36,477.4628331819148,fb367cc0d79aa8d9c98eb2a529262d3fdb12211bf1a4b9a1df875515bb387ab8,f000d324411431a807bac72657424c44472cc457a2b2f856442e941850c00046,0.3267776096822995,0.5719474911749873,2.8,1529.2281674477701,11708,1.0,0.18200235380431204,deadline_fusion,1.0,0.05844069112003145,0.3183308119011598,4357b5933e7944f452a95b70,35.57209417900003,storm,7002,24bfb8b9aac5b87f9f268595cf4462964bd3a01da9d8089f51ed740d780fee86,28,0.007312153303076147
0,0.017082702975289965,0.0,25.660142460917797,0,0.0,0.4390644590255832,0.8062200579929398,0.0045385779122541605,0.7291666666666665,2.3549979106712207,1.0,1.0,36,36,408.81721870861725,50b7b3fbf7cedf803850a0428d40ee1ccc4080b783db00698cf7730c8a755b36,f000d324411431a807bac72657424c44472cc457a2b2f856442e941850c00046,0.8804841149773072,0.8165658093797276,0.0,2246.5683656880033,18500,1.0,0.33545239835366847,static_tuned,0.9634392334846191,0.1742410237077137,0.43984808371154815,5a8c48a6a8ad08d5122dc149,13.344901906999894,sensor_fault,7011,24bfb8b9aac5b87f9f268595cf4462964bd3a01da9d8089f51ed740d780fee86,0,0.0
45,0.04083785562646479,0.0,30.36068748534825,0,0.0,0.5040376769067125,0.8179117599296201,0.07413010590015129,0.5657930075904092,10.816283350732194,1.0,1.0,36,36,487.2890383756074,7fc013544a2434726446cf0cb1c220e784a923ebb4fc53407d1bf1d9ae765b5f,f000d324411431a807bac72657424c44472cc457a2b2f856442e941850c00046,0.6172465960665658,0.8462756652260102,4.45,1503.6397300750984,14842,1.0,0.23248244138739713,fungal,1.0,0.1098918944913555,0.5044893428850065,5bd3afd64b98275460c213f5,18.42241553199983,moving_front,7019,24bfb8b9aac5b87f9f268595cf4462964bd3a01da9d8089f51ed740d780fee86,45,0.007060010085728694
58,0.04380987699049762,0.0,30.536034808507733,0,0.0,0.5102141745968513,0.8259733648671059,0.05597579425113464,0.5973931397025677,8.723347241893087,0.9166666666666666,0.9166666666666666,33,36,463.1818444525833,4359898ad5beb32bbf1d8eff13ccc594cdb32a36c3aec06531a94f326fed618b,f000d324411431a807bac72657424c44472cc457a2b2f856442e941850c00046,0.5264750378214826,0.8518674567106358,1.9333333333333333,1390.9808040199055,13800,1.0,0.22946768462926062,greedy_sparse,1.0,0.10234127854328998,0.5076888782425274,05af4a7b6a9ad3a94216ad50,14.905694591000156,moving_front,7007,24bfb8b9aac5b87f9f268595cf4462964bd3a01da9d8089f51ed740d780fee86,58,0.0017650025214321732
,0.05168413471125522,0.0,34.793783759445844,0,0.0,0.5003301906216475,0.8050984757344288,0.059001512859304085,0.5522928231985993,0.8979878452980031,0.9166666666666666,0.9166666666666666,33,36,363.8008498229708,a045df01d14234cb96176801d87713dde0c5b1030233001228c3094e00dd4a73,f000d324411431a807bac72657424c44472cc457a2b2f856442e941850c00046,0.5975794251134644,0.8198005570152198,,2495.7944232075183,14882,1.0,0.24198515489958833,fixed_ring,1.0,0.09776753910803228,0.5014820050063451,7b6d69b5c1b05efdc32b2228,5.90619245400012,moving_front,7011,24bfb8b9aac5b87f9f268595cf4462964bd3a01da9d8089f51ed740d780fee86,0,0.0
41,0.21045291225416032,0.0,95.1368664901664,0,0.0,0.3337810430028238,0.5127489914271305,0.659606656580938,0.22395833333333331,5.801940561727179,0.8333333333333334,0.8333333333333334,30,36,420.39673598444847,20cbee7be12f3041b6f80dfbab6cf06c7cd24e2dceeb098a373acea1952196d8,f000d324411431a807bac72657424c44472cc457a2b2f856442e941850c00046,0.25113464447806355,0.5914413136661623,1.45,1924.0995629284105,9235,1.0,0.3956391386201158,recruitment,1.0,0.0472412016005815,0.33369578920827025,69db391ff3ab5bbeebac02bf,12.641457941999988,storm,7018,24bfb8b9aac5b87f9f268595cf4462964bd3a01da9d8089f51ed740d780fee86,41,0.0264750378214826
28,0.03298348461926374,0.0,32.59581442259203,0,0.0,0.4211433115705305,0.7710618381240543,0.0045385779122541605,0.6510416666666666,5.122195930380714,0.9722222222222222,0.9722222222222222,35,36,389.15494734305463,b549dfc41676c63078393edb7074f42e4f0927a271f4a7ecca93c1f6bdaa8078,f000d324411431a807bac72657424c44472cc457a2b2f856442e941850c00046,0.6853252647503782,0.7901144099848713,2.783333333333333,2172.3348302811655,15329,1.0,0.4194468298625853,economic,0.9604135148764497,0.16829428532245516,0.4213076777609682,b7680a49208d548810a640cb,36.4349039409999,sensor_fault,7015,24bfb8b9aac5b87f9f268595cf4462964bd3a01da9d8089f51ed740d780fee86,28,0.0012607160867372667
26,0.02035268532526475,0.0,24.430432110438726,0,0.0,0.44557987815194755,0.8256666036308622,0.0,0.7395833333333333,3.7225905196712303,0.9722222222222222,0.9722222222222222,35,36,394.1465768186686,e5eb0adce92def657b42daaff1168729498af6b7f7eacaec91555308393fbb04,f000d324411431a807bac72657424c44472cc457a2b2f856442e941850c00046,0.8305597579425114,0.8368396999495713,0.8666666666666667,2177.9897476141546,17165,1.0,0.41747953710398444,recruitment,0.8908219868885526,0.20749798294673077,0.44598619515885024,ee1e9815422c7ba4ccdcd70b,17.334654168999805,sensor_fault,7005,24bfb8b9aac5b87f9f268595cf4462964bd3a01da9d8089f51ed740d780fee86,26,0.0
10,0.026412002017145737,0.0,26.823468229954614,0,0.0,0.44219453115314145,0.8149347579425114,0.0030257186081694403,0.7083333333333333,3.9197095734765273,0.9722222222222222,0.9722222222222222,35,36,402.73708729277007,e5eb0adce92def657b42daaff1168729498af6b7f7eacaec91555308393fbb04,f000d324411431a807bac72657424c44472cc457a2b2f856442e941850c00046,0.8441754916792739,0.8262024079677256,1.0,2135.3928554010727,17341,1.0,0.41986655583136906,deadline_fusion,0.8908219868885526,0.20238690224267097,0.44151853252647505,e59bb49b7c8018e48faf5d00,42.27391479900007,sensor_fault,7005,24bfb8b9aac5b87f9f268595cf4462964bd3a01da9d8089f51ed740d780fee86,10,0.0
49,0.03110832906650198,0.0,26.46641167050801,0,0.0,0.5238663837674749,0.8419850028282252,0.04084720121028744,0.5989082891300037,12.496065308690701,1.0,1.0,36,36,502.10370879795653,a9dc4e7a83ea86ea436568b7b9e6ff3f12c69e20d2897f78617ebd8a5771ceb1,f000d324411431a807bac72657424c44472cc457a2b2f856442e941850c00046,0.6611195158850227,0.855565230710332,4.883333333333334,1460.4716067657089,16132,1.0,0.32308565945532053,deadline_fusion,1.0,0.10705148901250498,0.525541767302428,cbea30254cd6bf5e056677da,49.065998132000004,moving_front,7008,24bfb8b9aac5b87f9f268595cf4462964bd3a01da9d8089f51ed740d780fee86,49,0.0
25,0.21097295763993945,0.0,93.77442637418052,0,0.0,0.330127276246649,0.532999243570348,0.649016641452345,0.234375,9.076653558941292,0.8055555555555556,0.8055555555555556,29,36,460.163639421953,50b7b3fbf7cedf803850a0428d40ee1ccc4080b783db00698cf7730c8a755b36,f000d324411431a807bac72657424c44472cc457a2b2f856442e941850c00046,0.3161875945537065,0.5954204488149268,2.5,1917.7781100615389,10832,1.0,0.24013023987718696,fungal,1.0,0.05121550639659054,0.32993727937468476,d2be0b67ce78ac7aded029f2,16.269354120000116,storm,7011,24bfb8b9aac5b87f9f268595cf4462964bd3a01da9d8089f51ed740d780fee86,25,0.03479576399394856
0,0.022275277357539085,0.0,29.97242183560262,0,0.0,0.4022600371613078,0.7803202218860312,0.0,0.6927083333333333,2.3582585853755442,0.9444444444444444,0.9444444444444444,34,36,408.9831091631553,1ffbd60f44c9f81edacbd6236060262a241240e41dabbe8776c51fac2266503a,f000d324411431a807bac72657424c44472cc457a2b2f856442e941850c00046,0.924357034795764,0.7881603000504285,0.0,2246.7555751774166,18986,1.0,0.29399127027342103,static_tuned,0.9306606152294503,0.164688667598367,0.40307457135653046,54e6615f530612b865658454,5.181153684000037,sensor_fault,7004,24bfb8b9aac5b87f9f268595cf4462964bd3a01da9d8089f51ed740d780fee86,0,0.0
53,0.047956020516536794,0.0,34.397235315761215,0,0.0,0.46480444155052036,0.7930039833646276,0.09228441754916793,0.5292616856983424,13.362270666668156,0.9444444444444444,0.9444444444444444,34,36,512.2871404593375,ab258b21f7221620284a3215d026dafd75f9efdf5bedb3e529bdff643d2065af,f000d324411431a807bac72657424c44472cc457a2b2f856442e941850c00046,0.6036308623298033,0.8097849342427457,5.283333333333333,1453.1222006332644,14816,1.0,0.2923598340943788,fungal,1.0,0.08387880024364068,0.46671234041931137,facd690610c77a778fb9055e,15.064073553000071,moving_front,7006,24bfb8b9aac5b87f9f268595cf4462964bd3a01da9d8089f51ed740d780fee86,53,0.00151285930408472
41,0.18965109682299544,0.0,89.8519446545638,0,0.0,0.3367055736674707,0.5282006429652042,0.6459909228441755,0.22916666666666663,5.294152429520184,0.6944444444444444,0.6666666666666666,24,36,411.5181048446351,e5eb0adce92def657b42daaff1168729498af6b7f7eacaec91555308393fbb04,f000d324411431a807bac72657424c44472cc457a2b2f856442e941850c00046,0.2526475037821483,0.5946482602118003,1.5333333333333334,1882.6566846755727,9469,1.0,0.31094955423935894,greedy_sparse,1.0,0.04400444896110585,0.33676878466969234,215eee590b3ec9ef0323f565,14.891956660999995,storm,7005,24bfb8b9aac5b87f9f268595cf4462964bd3a01da9d8089f51ed740d780fee86,41,0.02118003025718608
16,0.23101046394351987,0.0,99.31491899899142,0,0.0,0.31596407353558287,0.5264041225416036,0.6520423600605144,0.23958333333333331,6.261053814364661,0.7777777777777778,0.7777777777777778,28,36,418.83648750436976,fb367cc0d79aa8d9c98eb2a529262d3fdb12211bf1a4b9a1df875515bb387ab8,f000d324411431a807bac72657424c44472cc457a2b2f856442e941850c00046,0.3237518910741301,0.5656281517902169,1.6,1911.967381560725,11471,1.0,0.18162194299861273,fungal,1.0,0.05939577577311197,0.3163215456379223,158b6afb1c5daffb55cb9644,14.704641637999998,storm,7002,24bfb8b9aac5b87f9f268595cf4462964bd3a01da9d8089f51ed740d780fee86,16,0.009077155824508323
0,0.03728639006865043,0.0,31.439311737721365,0,0.0,0.4625633332010112,0.7993143870589074,0.08472012102874432,0.528704322455013,2.360920385492573,1.0,1.0,36,36,409.2448333315724,0aace0ec30ee371a7c2663e2411d8b6b713bd3c12b78091846cea85ee9e6f3b4,f000d324411431a807bac72657424c44472cc457a2b2f856442e941850c00046,0.7700453857791225,0.8115958911675728,0.0,2246.3478151461377,17370,1.0,0.1895020773999511,static_tuned,1.0,0.11357127989333596,0.46102129221859817,11c85f041c17257e39f54bf3,7.199179609000112,moving_front,7013,24bfb8b9aac5b87f9f268595cf4462964bd3a01da9d8089f51ed740d780fee86,0,0.0
58,0.04503953502829101,0.0,29.00235802164184,0,0.0,0.5281711345203559,0.83619206836628,0.04236006051437216,0.6198815917917495,9.77876586739625,0.9166666666666666,0.9166666666666666,33,36,488.14605761126484,a045df01d14234cb96176801d87713dde0c5b1030233001228c3094e00dd4a73,f000d324411431a807bac72657424c44472cc457a2b2f856442e941850c00046,0.6611195158850227,0.8491808898305706,1.9333333333333333,1456.6098366136384,15898,1.0,0.24541134730426192,greedy_sparse,1.0,0.10355946565583221,0.529147750311363,1920e8660f2c8f799dea3f86,16.51433118,moving_front,7011,24bfb8b9aac5b87f9f268595cf4462964bd3a01da9d8089f51ed740d780fee86,58,0.0
40,0.21885243318204736,0.0,100.76541225416037,0,0.0010085728693898133,0.3222986923543547,0.47335949319213305,0.6611195158850227,0.11458333333333333,5.683079235952936,0.7222222222222222,0.7222222222222222,26,36,420.0587218231044,fded3c51bb367e0df8af6f8249b634fefe0cc389845c26618e90a9b29d9c3139,f000d324411431a807bac72657424c44472cc457a2b2f856442e941850c00046,0.23903177004538578,0.5730821356530509,1.4,1994.3900582014098,8589,1.0,0.3267577305465236,recruitment,1.0,0.0744025359504772,0.3223966212808875,fe04d876b8b290dc360db6f0,12.598232601999825,storm,7017,24bfb8b9aac5b87f9f268595cf4462964bd3a01da9d8089f51ed740d780fee86,40,0.07665153807362582
0,0.04460489367939037,0.0,34.52916389995693,0,0.0,0.47862726946059786,0.7911378442290149,0.09984871406959153,0.5006524070275582,2.3373404471702575,0.9166666666666666,0.9166666666666666,33,36,409.2389212770804,277879760b7636cf423ed8f2b038495b33a699b960bf9fcac3c05a45a91ae287,f000d324411431a807bac72657424c44472cc457a2b2f856442e941850c00046,0.6384266263237519,0.8173397686786626,0.0,2247.234214144201,15094,1.0,0.32459493862920724,static_tuned,1.0,0.09984379970880969,0.4797485120389463,66387634eeeb7fce14c04a8e,6.695818529999997,moving_front,7015,24bfb8b9aac5b87f9f268595cf4462964bd3a01da9d8089f51ed740d780fee86,0,0.008068582955118506
,0.028555219364599094,0.0,35.52067574382249,0,0.0,0.39744677857418625,0.7333427887039837,0.028744326777609682,0.609375,0.9067021394510542,1.0,1.0,36,36,363.43374751221853,c0265f2f5da1b8f1e6334a7d1da15d24852be86831d4583cf0a020b238d73be2,f000d324411431a807bac72657424c44472cc457a2b2f856442e941850c00046,0.6081694402420574,0.7634423852748361,,2497.109581653059,14196,1.0,0.2618709559610363,fixed_ring,0.9523449319213313,0.175788990497202,0.39762985375693394,039b019a1bf757087d8c5db6,12.65486292200012,sensor_fault,7010,24bfb8b9aac5b87f9f268595cf4462964bd3a01da9d8089f51ed740d780fee86,0,0.004286434694906707
,0.0543230912463285,0.0,36.545965986597565,0,0.0,0.48016193745898994,0.7915434814636599,0.02723146747352496,0.5819904078609021,0.8890432733047507,0.8888888888888888,0.8888888888888888,32,36,363.803389251233,5b23548e342cd0e105b412e1f6ff973e8f388f6fbedb3fc9e75b3089b159ddd9,f000d324411431a807bac72657424c44472cc457a2b2f856442e941850c00046,0.7140695915279879,0.8052821450007734,,2496.2782508227406,16413,1.0,0.18657803560142558,fixed_ring,1.0,0.09917736673072855,0.4812524977895065,b070cc9447bed797b3b182bd,5.228735604000121,moving_front,7002,24bfb8b9aac5b87f9f268595cf4462964bd3a01da9d8089f51ed740d780fee86,0,0.0
28,0.1935041603630862,0.0,91.51455339132626,0,0.0,0.3195693313615253,0.5333774583963692,0.6232980332829047,0.234375,8.572247450153595,0.6571428571428571,0.6571428571428571,23,35,447.41823345114926,9b5a428363b62ad024a6d518c6bdc283191d1cf8739502f5298786104f688bf6,f000d324411431a807bac72657424c44472cc457a2b2f856442e941850c00046,0.26626323751891073,0.5798348461926373,2.8,1905.899206864705,10266,1.0,0.3701886671249116,deadline_fusion,1.0,0.08651815484931205,0.3187405446293494,46d93664d806082db8f8ec12,41.53970501399999,storm,7001,24bfb8b9aac5b87f9f268595cf4462964bd3a01da9d8089f51ed740d780fee86,28,0.008572869389813413
,0.06458684423122672,0.0,35.730957448803096,0,0.0,0.5103242020900742,0.8187704570098933,0.030257186081694403,0.6167302719108272,36.918352483756635,0.9722222222222222,0.9722222222222222,35,36,1885.0892496456377,4359898ad5beb32bbf1d8eff13ccc594cdb32a36c3aec06531a94f326fed618b,f000d324411431a807bac72657424c44472cc457a2b2f856442e941850c00046,0.583963691376702,0.8375300905702725,,1052.2919613153808,15008,1.0,0.22986356420256915,adaptive,1.0,0.06432579834348019,0.5093425754652285,d4b41b83a18726d817790bd6,8.917531955999948,moving_front,7007,24bfb8b9aac5b87f9f268595cf4462964bd3a01da9d8089f51ed740d780fee86,3,0.0015128593040847202
53,0.0445981985862624,0.0,28.151806605478683,0,0.0,0.5274379156726746,0.8474900778371935,0.0226928895612708,0.6140427022173569,12.40246201709059,0.9722222222222222,0.9722222222222222,35,36,508.26907292517063,33909bb95a53710954872d70bc5591af92a450651324e9fef7a21e0a1cd4da1e,f000d324411431a807bac72657424c44472cc457a2b2f856442e941850c00046,0.6959152798789713,0.857518636646414,5.25,1500.5067653329204,16481,1.0,0.2475935863322932,economic,1.0,0.0617400625281997,0.528057094606191,dace73035f22a521c7c8fae9,14.766309266999997,moving_front,7004,24bfb8b9aac5b87f9f268595cf4462964bd3a01da9d8089f51ed740d780fee86,53,0.0
47,0.04144156898304893,0.0,30.432935713465557,0,0.0,0.5031667033792652,0.8172835677209443,0.08169440242057488,0.5631092857935844,11.272923265649936,1.0,1.0,36,36,492.20571231555385,7fc013544a2434726446cf0cb1c220e784a923ebb4fc53407d1bf1d9ae765b5f,f000d324411431a807bac72657424c44472cc457a2b2f856442e941850c00046,0.6172465960665658,0.8442439920868926,4.683333333333334,1521.2152363371445,14845,1.0,0.2329253753044904,deadline_fusion,1.0,0.10718706940845348,0.5036497337432185,6394e182ecbc8e80ee422248,44.16832527500014,moving_front,7019,24bfb8b9aac5b87f9f268595cf4462964bd3a01da9d8089f51ed740d780fee86,47,0.00680786686838124
49,0.02529763163984549,0.0,24.135133630953092,0,0.0,0.5074221625731202,0.8369956411876956,0.049924357034795766,0.5546330336054809,11.844125895987968,0.9714285714285714,0.9714285714285714,34,35,491.5737466338296,0eaaad553c80db6664d9a551f5b55b53a649071324c5a65ea020b06da777986c,f000d324411431a807bac72657424c44472cc457a2b2f856442e941850c00046,0.7276853252647504,0.8557596704324576,4.9,1506.1508854012595,16698,1.0,0.36245935728827067,economic,1.0,0.08388176383618723,0.5063888703720028,f903e724f83b667d26dce4c5,14.501240466000127,moving_front,7001,24bfb8b9aac5b87f9f268595cf4462964bd3a01da9d8089f51ed740d780fee86,49,0.006555723651033787
55,0.035600986743228584,0.0,27.58750782768335,0,0.0,0.52114730473577,0.8390700860503483,0.046898638426626324,0.5952506105017467,12.137698122187912,1.0,1.0,36,36,490.1716335685618,a9dc4e7a83ea86ea436568b7b9e6ff3f12c69e20d2897f78617ebd8a5771ceb1,f000d324411431a807bac72657424c44472cc457a2b2f856442e941850c00046,0.6671709531013615,0.8531674083828124,5.466666666666667,1452.362635908411,16052,1.0,0.3232882807457104,economic,1.0,0.10513420950795432,0.5225584829455601,e44da181b8557d0b590eb5de,17.594796763999966,moving_front,7008,24bfb8b9aac5b87f9f268595cf4462964bd3a01da9d8089f51ed740d780fee86,55,0.0
52,0.03876858621463957,0.0,26.71927710255091,0,0.0,0.5208162778184887,0.8498662943017969,0.0226928895612708,0.6813179883096047,12.972593232860145,1.0,1.0,36,36,509.4952858752331,5e29696557cda66a921641f993e950ae2ed95f14de01a827d8e1fe0231f9c807,f000d324411431a807bac72657424c44472cc457a2b2f856442e941850c00046,0.7700453857791225,0.8617638307204605,5.2,1544.7427892554688,17504,1.0,0.20487504079061342,fungal,1.0,0.11582045875123954,0.5194387757955353,9aa02edd98000ff071ddb937,15.87530046500001,moving_front,7016,24bfb8b9aac5b87f9f268595cf4462964bd3a01da9d8089f51ed740d780fee86,52,0.0002521432173474533
,0.21815115985879974,0.0,98.0640522566818,0,0.0,0.32706959003707203,0.49439769288956126,0.6550680786686838,0.15625,13.955843768924806,0.6666666666666666,0.6666666666666666,24,36,798.8966319270944,61fbc2c3c47ea0b2f394bf19d5d944ff33916305affd279efd1232b2237e443b,f000d324411431a807bac72657424c44472cc457a2b2f856442e941850c00046,0.27987897125567324,0.5803154942007059,,2039.324829442884,9528,1.0,0.32455590315930233,adaptive,1.0,0.0746991512222008,0.32657274331820474,5dc83e3c45c79b26e1b37123,8.144373207999934,storm,7008,24bfb8b9aac5b87f9f268595cf4462964bd3a01da9d8089f51ed740d780fee86,16,0.05799293998991426
,0.0631516971801734,0.0,41.81490793070669,0,0.0,0.43295198977490096,0.7570467450563614,0.13313161875945537,0.46467238683840356,0.8963120061951049,0.9444444444444444,0.9444444444444444,34,36,363.8005566142023,ab258b21f7221620284a3215d026dafd75f9efdf5bedb3e529bdff643d2065af,f000d324411431a807bac72657424c44472cc457a2b2f856442e941850c00046,0.5264750378214826,0.7830676590937019,,2496.823771751981,13132,1.0,0.2892889720153166,fixed_ring,1.0,0.09323670952224629,0.4337735397899716,bfc6b15fbeba37505efa40c0,5.698397594000198,moving_front,7006,24bfb8b9aac5b87f9f268595cf4462964bd3a01da9d8089f51ed740d780fee86,0,0.0017650025214321732
36,0.2105632249117498,0.0,94.5977527735754,0,0.0,0.3200979776829866,0.5214479324256176,0.6565809379727685,0.20833333333333331,4.559739870166376,0.6388888888888888,0.6388888888888888,23,36,403.3803033384119,61fbc2c3c47ea0b2f394bf19d5d944ff33916305affd279efd1232b2237e443b,f000d324411431a807bac72657424c44472cc457a2b2f856442e941850c00046,0.3010590015128593,0.580536119515885,1.2666666666666666,1713.6715759315423,10575,1.0,0.32529140109775356,recruitment,1.0,0.0782829916312132,0.31964668431669185,2ac0146cbfc478ba8906abeb,14.607279666000068,storm,7008,24bfb8b9aac5b87f9f268595cf4462964bd3a01da9d8089f51ed740d780fee86,36,0.02723146747352496
33,0.21262764750378216,0.0,93.01953321986886,0,0.0,0.3188971072327661,0.5453857791225415,0.6399394856278366,0.2708333333333333,11.298819324549957,0.75,0.75,27,36,485.7037503875708,6ef10a6f8528f48913779ce02125f8ae67ac504fa24b04f7d539448adf330dc7,f000d324411431a807bac72657424c44472cc457a2b2f856442e941850c00046,0.34493192133131617,0.5823326399394856,3.3,1694.8156045955666,12056,1.0,0.3468343920558006,fungal,1.0,0.07971713504311892,0.319071482602118,40132dbe6c1da5528a436c8b,16.734844493000082,storm,7012,24bfb8b9aac5b87f9f268595cf4462964bd3a01da9d8089f51ed740d780fee86,33,0.010842158345940494
41,0.20855395864851234,0.0,94.11462273071105,0,0.0,0.3295142135800934,0.5284291477559253,0.649016641452345,0.23437499999999997,8.758034622561109,0.8333333333333334,0.8055555555555556,29,36,425.7301565279787,50b7b3fbf7cedf803850a0428d40ee1ccc4080b783db00698cf7730c8a755b36,f000d324411431a807bac72657424c44472cc457a2b2f856442e941850c00046,0.3101361573373676,0.5922607791225416,4.083333333333333,1758.1249317875934,10762,1.0,0.23958145702001898,economic,1.0,0.052420745314260095,0.3294251134644477,3664dbf9161f03a8e2909480,17.431277691999867,storm,7011,24bfb8b9aac5b87f9f268595cf4462964bd3a01da9d8089f51ed740d780fee86,41,0.03530005042864347
40,0.22513237518910736,0.0,97.0092662632375,0,0.0,0.3116227564552432,0.5333616994452848,0.659606656580938,0.2708333333333333,5.362586042235636,0.7777777777777778,0.7777777777777778,28,36,411.23438234053094,c01d3e850dcea516d0864d501fedc94fd615e60fababbc941400707247a8bedb,f000d324411431a807bac72657424c44472cc457a2b2f856442e941850c00046,0.3358547655068079,0.5727354387291981,1.3333333333333333,1925.8590547668014,11668,1.0,0.19751069050623773,recruitment,1.0,0.07346287709265262,0.3107665153807362,564411959c1e87747cc37f29,15.9607071370001,storm,7016,24bfb8b9aac5b87f9f268595cf4462964bd3a01da9d8089f51ed740d780fee86,40,0.004790721129601614
24,0.20403113968734238,0.0,92.93577439485627,0,0.0,0.3225708126747287,0.5345199823499747,0.6338880484114977,0.24479166666666663,8.286485612426818,0.8333333333333334,0.8333333333333334,30,36,452.6222316579185,7bba1255199adfdb1a1ba0c529b8275f13780540abed81a608a55c16f4b1390f,f000d324411431a807bac72657424c44472cc457a2b2f856442e941850c00046,0.32526475037821484,0.574043431669188,2.4,2048.402817362881,11302,1.0,0.24654650410047743,fungal,1.0,0.08620824614705402,0.32302697932425617,269ffad66ce925683b7b7472,14.17643083400003,storm,7003,24bfb8b9aac5b87f9f268595cf4462964bd3a01da9d8089f51ed740d780fee86,24,0.0025214321734745334
45,0.21952218860312656,0.0,97.71345499243569,0,0.0,0.31054377446255643,0.5225904563792233,0.6399394856278366,0.21875,6.128797541629329,0.75,0.75,27,36,414.52111460747614,956a9ceb80df2feb4bb3b76f79213a7f0cb93b60e4835d44d36852e549355e78,f000d324411431a807bac72657424c44472cc457a2b2f856442e941850c00046,0.3071104387291982,0.5657621028744326,1.6166666666666667,2045.7905796715067,10815,1.0,0.1946961835049992,greedy_sparse,1.0,0.07346522211494344,0.309947049924357,ad05a1fe94e62d5b425e8bf5,16.12865819900003,storm,7009,24bfb8b9aac5b87f9f268595cf4462964bd3a01da9d8089f51ed740d780fee86,45,0.008068582955118506
32,0.02473367372667675,0.0,31.517271810388298,0,0.0,0.40270243133431516,0.7661844427634896,0.02118003025718608,0.6614583333333333,3.861999877105194,0.9444444444444444,0.9444444444444444,34,36,390.0531778008705,12c2676d5d2da4bfdacb5c9a6312d12b90a39b080a71ade938e7b16bbaabf086,f000d324411431a807bac72657424c44472cc457a2b2f856442e941850c00046,0.7821482602118003,0.788633068582955,1.1,2125.173753811591,16535,0.9997478567826527,0.45901862682177885,greedy_sparse,1.0,0.19992039764529726,0.4035709783156832,ced402970edb18ffb163745d,19.376772674999756,sensor_fault,7019,24bfb8b9aac5b87f9f268595cf4462964bd3a01da9d8089f51ed740d780fee86,32,0.0020171457387796266
13,0.01342662632375189,0.0,23.945292801311144,0,0.0,0.44413473605389675,0.8141704488149266,0.0030257186081694403,0.7291666666666665,4.266010562006977,1.0,1.0,36,36,400.7874895827804,50b7b3fbf7cedf803850a0428d40ee1ccc4080b783db00698cf7730c8a755b36,f000d324411431a807bac72657424c44472cc457a2b2f856442e941850c00046,0.8683812405446294,0.8245713565305093,1.3,2141.6951834027805,18180,1.0,0.3350051917173067,fungal,0.9606656580937972,0.1754808558868433,0.4453006807866868,b6fa0bbed2d5af0eb1e9bcfe,33.795262331999766,sensor_fault,7011,24bfb8b9aac5b87f9f268595cf4462964bd3a01da9d8089f51ed740d780fee86,13,0.0
51,0.040043244134330344,0.0,27.353203822427126,0,0.0,0.5230626667585011,0.8448264178074296,0.046898638426626324,0.6012687687938089,13.171085209974587,0.9722222222222222,0.9722222222222222,35,36,514.2140274071535,33909bb95a53710954872d70bc5591af92a450651324e9fef7a21e0a1cd4da1e,f000d324411431a807bac72657424c44472cc457a2b2f856442e941850c00046,0.6913767019667171,0.854918137143678,5.083333333333333,1419.7969325726351,16597,1.0,0.24332220659713938,deadline_fusion,1.0,0.06331060856147414,0.5231380246737579,54d451c47bc71553822b00dc,38.19009023300009,moving_front,7004,24bfb8b9aac5b87f9f268595cf4462964bd3a01da9d8089f51ed740d780fee86,51,0.0
40,0.22110596318709022,0.0,96.36720719868886,0,0.0,0.3141203928252469,0.5325895108421583,0.6611195158850227,0.265625,5.328893335823799,0.8055555555555556,0.8055555555555556,29,36,406.565295591068,c01d3e850dcea516d0864d501fedc94fd615e60fababbc941400707247a8bedb,f000d324411431a807bac72657424c44472cc457a2b2f856442e941850c00046,0.33434190620272314,0.5729718229954615,1.4333333333333333,1820.1952291794507,11661,1.0,0.19762605108815848,greedy_sparse,1.0,0.07294644785550371,0.31368980080685827,7361e2c1a16289c7c360a1c9,16.276678103999984,storm,7016,24bfb8b9aac5b87f9f268595cf4462964bd3a01da9d8089f51ed740d780fee86,40,0.006555723651033785
58,0.05113156905547361,0.0,32.22445431073824,0,0.0,0.5105213611958959,0.8090741086048929,0.09228441754916793,0.5459470020283084,13.054818445371327,1.0,0.9722222222222222,35,36,503.9846309946353,5c27fd92e06c33f2542baf1700cf25e04b52092d15caab1ec4dc802b1a93834e,f000d324411431a807bac72657424c44472cc457a2b2f856442e941850c00046,0.6066565809379728,0.842869569906279,5.8,1478.637081888947,14795,1.0,0.2447053298791876,economic,1.0,0.10556281497835546,0.5102475796409124,0da37e48d36ebbe17e1cdaab,16.41403173499998,moving_front,7010,24bfb8b9aac5b87f9f268595cf4462964bd3a01da9d8089f51ed740d780fee86,58,0.01059001512859304
0,0.01824098587997983,0.0,27.204953038325762,0,0.0,0.4120342044244073,0.7941959783156831,0.0045385779122541605,0.6927083333333333,2.352932230196126,0.9444444444444444,0.9444444444444444,34,36,408.9300673088942,956a9ceb80df2feb4bb3b76f79213a7f0cb93b60e4835d44d36852e549355e78,f000d324411431a807bac72657424c44472cc457a2b2f856442e941850c00046,0.903177004538578,0.8028397629853756,0.0,2247.194340966484,19028,1.0,0.40162853691370176,static_tuned,0.8930912758446796,0.1799095819724815,0.41194686081694404,4086d05734a59e14ef9ffe81,6.123764645999927,sensor_fault,7009,24bfb8b9aac5b87f9f268595cf4462964bd3a01da9d8089f51ed740d780fee86,0,0.0
0,0.03470121028744327,0.0,32.944756996974284,0,0.0,0.40024826004398595,0.7743318204740292,0.0045385779122541605,0.6822916666666665,2.357503879771792,0.9166666666666666,0.9166666666666666,33,36,408.84650142393855,7566b3dd58ba1b4b73cead9a88da4a0d93430742ea574afa5e3d674dbfd7a1c5,f000d324411431a807bac72657424c44472cc457a2b2f856442e941850c00046,0.8925869894099848,0.783598083711548,0.0,2247.3738096215834,18728,0.9639435199193143,0.46423714867788596,static_tuned,0.9541099344427635,0.18265477795681206,0.39866994452849214,a87dbfea144f7e7feeab11dc,14.171803316000023,sensor_fault,7013,24bfb8b9aac5b87f9f268595cf4462964bd3a01da9d8089f51ed740d780fee86,0,0.0
42,0.2026207135653051,0.0,94.50899048159354,0,0.0,0.33525639771547794,0.5069890948058496,0.649016641452345,0.1875,8.606988506786088,0.75,0.7222222222222222,26,36,425.94686370232716,5f8536aad221b558feae01abd9e48012ffd43f0d986448ef31076303591affbe,f000d324411431a807bac72657424c44472cc457a2b2f856442e941850c00046,0.26777609682299547,0.590613968734241,4.2,1820.7855107286284,9324,1.0,0.27898624803384425,economic,1.0,0.04858067845742208,0.3346098083711548,5e34483f8fee2289ef0fffdd,18.421822793000047,storm,7000,24bfb8b9aac5b87f9f268595cf4462964bd3a01da9d8089f51ed740d780fee86,42,0.04563792233988905
47,0.03748491757318997,0.0,26.357491181174478,0,0.0,0.5386158372046144,0.8407032788705043,0.06505295007564296,0.5727064945175404,11.913285776934746,0.9722222222222222,0.9722222222222222,35,36,494.8670522816209,43e354cb1fa0a5fed03587ccc8ef089b630912d128abf8941ac224ef282c99e3,f000d324411431a807bac72657424c44472cc457a2b2f856442e941850c00046,0.6822995461422088,0.8615808152712803,4.666666666666667,1480.066386531349,16115,1.0,0.40073313643862934,fungal,1.0,0.08521914868244085,0.5388153413272635,3cce29f6ff8de771606d83e8,18.36444127499999,moving_front,7018,24bfb8b9aac5b87f9f268595cf4462964bd3a01da9d8089f51ed740d780fee86,47,0.005547150781643973
40,0.2212477937468482,0.0,97.87900277357538,0,0.0,0.31347080578087166,0.5124338124054462,0.6369137670196672,0.19791666666666666,5.259936530002271,0.6944444444444444,0.6666666666666666,24,36,411.6010681190992,7566b3dd58ba1b4b73cead9a88da4a0d93430742ea574afa5e3d674dbfd7a1c5,f000d324411431a807bac72657424c44472cc457a2b2f856442e941850c00046,0.27987897125567324,0.5706631366616237,1.4666666666666666,1931.3275881094116,10392,1.0,0.19007756351169575,recruitment,1.0,0.05283197219234804,0.31306732223903166,295e303e751645c648b4304d,19.537400772000183,storm,7013,24bfb8b9aac5b87f9f268595cf4462964bd3a01da9d8089f51ed740d780fee86,40,0.023953605648008067
,0.04998743784975789,0.0,37.19684579496121,0,0.0,0.4834849822184563,0.7682590032548268,0.14069591527987896,0.4342844632787088,0.8965647022055657,0.9166666666666666,0.9166666666666666,33,36,363.8037402265025,277879760b7636cf423ed8f2b038495b33a699b960bf9fcac3c05a45a91ae287,f000d324411431a807bac72657424c44472cc457a2b2f856442e941850c00046,0.4886535552193646,0.8174564913802649,,2496.7885282954003,12418,1.0,0.32272621213692915,fixed_ring,1.0,0.08477778378938378,0.48421615552723235,3ff228cbe801a5bfd7f68043,6.872586073000093,moving_front,7015,24bfb8b9aac5b87f9f268595cf4462964bd3a01da9d8089f51ed740d780fee86,0,0.016137165910237013
0,0.21528303076147248,0.0,95.8986147881997,0,0.0,0.31959937385361886,0.5232917297024708,0.649016641452345,0.22395833333333331,2.711115638391277,0.8333333333333334,0.7777777777777778,28,36,409.22849815856546,50b7b3fbf7cedf803850a0428d40ee1ccc4080b783db00698cf7730c8a755b36,f000d324411431a807bac72657424c44472cc457a2b2f856442e941850c00046,0.32223903177004537,0.576746091780131,0.0,2243.7453575772965,11040,1.0,0.2389954517488979,static_tuned,1.0,0.06228516058253662,0.31992246596066565,70bde764a48d2fb2f02284eb,6.474651645999984,storm,7011,24bfb8b9aac5b87f9f268595cf4462964bd3a01da9d8089f51ed740d780fee86,0,0.022945032778618254
50,0.02679420624958878,0.0,23.38643681393819,0,0.0,0.5408952582319912,0.8587296681999769,0.03328290468986384,0.6445390906454963,8.35945425485797,1.0,1.0,36,36,471.85244823977166,3112fe2c83524b2f2e2f68f6ce520bfc1f93a616346ad692daac26f7b11e5a4b,f000d324411431a807bac72657424c44472cc457a2b2f856442e941850c00046,0.6475037821482602,0.8759876431316124,1.6666666666666667,1442.7496212984759,15376,1.0,0.30824524979007706,greedy_sparse,1.0,0.0668404790229862,0.5416514121879091,941a27f177a0a8aeb445a838,16.144972226999926,moving_front,7005,24bfb8b9aac5b87f9f268595cf4462964bd3a01da9d8089f51ed740d780fee86,50,0.0027735753908219867
,0.014616427130610187,0.0,25.689414712556733,0,0.0,0.41848417668109644,0.796071293494705,0.0,0.6822916666666665,2.1953278557821294,0.9722222222222222,0.9722222222222222,35,36,374.0733336218843,7bba1255199adfdb1a1ba0c529b8275f13780540abed81a608a55c16f4b1390f,f000d324411431a807bac72657424c44472cc457a2b2f856442e941850c00046,0.8366111951588502,0.8065115985879979,,2437.2937667830884,17391,1.0,0.439978806866817,adaptive,0.9500756429652042,0.1847338675733305,0.4181322491174987,cd387ae646942b9017125889,8.024396601000262,sensor_fault,7003,24bfb8b9aac5b87f9f268595cf4462964bd3a01da9d8089f51ed740d780fee86,22,0.0
32,0.02439485627836611,0.0,29.54586642713061,0,0.0,0.4148561608381481,0.7872462808875441,0.0015128593040847202,0.6979166666666666,5.599398347458341,0.9722222222222222,0.9722222222222222,35,36,394.48259469302326,c01d3e850dcea516d0864d501fedc94fd615e60fababbc941400707247a8bedb,f000d324411431a807bac72657424c44472cc457a2b2f856442e941850c00046,0.9288956127080181,0.7962288830055471,3.1166666666666667,2153.566425728306,19381,1.0,0.40204301399511316,economic,1.0,0.1591677681353871,0.4157053706505295,4861885e97fdf6e348afafd0,18.11699125699988,sensor_fault,7016,24bfb8b9aac5b87f9f268595cf4462964bd3a01da9d8089f51ed740d780fee86,32,0.0
22,0.22599123802319715,0.0,96.9677414271306,0,0.0,0.30874639604128307,0.5308087493696418,0.6611195158850227,0.2708333333333333,7.16122174548748,0.6666666666666666,0.6388888888888888,23,36,431.9093171406924,c01d3e850dcea516d0864d501fedc94fd615e60fababbc941400707247a8bedb,f000d324411431a807bac72657424c44472cc457a2b2f856442e941850c00046,0.3540090771558245,0.5683229324256176,2.15,1821.0725305716437,11909,1.0,0.19786274891954117,deadline_fusion,1.0,0.07199473626855116,0.3086784543620777,9438022fc2e90871da99712c,41.102165829000114,storm,7016,24bfb8b9aac5b87f9f268595cf4462964bd3a01da9d8089f51ed740d780fee86,22,0.0057992939989914265
37,0.20244736510337874,0.0,92.53916099344428,0,0.0,0.3224093153771952,0.538774899142713,0.6369137670196672,0.24479166666666666,5.6255923523450475,0.7222222222222222,0.7222222222222222,26,36,418.65497902643114,7bba1255199adfdb1a1ba0c529b8275f13780540abed81a608a55c16f4b1390f,f000d324411431a807bac72657424c44472cc457a2b2f856442e941850c00046,0.3146747352496218,0.5775182803832577,1.2833333333333334,1853.026087919746,11127,1.0,0.24641077313164336,recruitment,1.0,0.08822984295085863,0.32368885526979324,96e3cace69183ed5cc220cee,15.010772486000064,storm,7003,24bfb8b9aac5b87f9f268595cf4462964bd3a01da9d8089f51ed740d780fee86,37,0.0032778618255168935
43,0.2360139309127584,0.0,106.83044156580938,0,0.0,0.28348641054970397,0.44723903177004537,0.670196671709531,0.11458333333333331,8.65695466267086,0.6388888888888888,0.5277777777777778,19,36,429.5907291436301,5772c05e39ffe56db9fe4d550c615751b591862ac0732ff00bde5b9c136479f3,f000d324411431a807bac72657424c44472cc457a2b2f856442e941850c00046,0.2708018154311649,0.5339526601109429,4.3,1734.3664161336912,9499,1.0,0.2906063379427859,economic,1.0,0.06332518759955595,0.2845672592032274,e9290d8fbdd6e0fbcf534974,14.707452128,storm,7006,24bfb8b9aac5b87f9f268595cf4462964bd3a01da9d8089f51ed740d780fee86,43,0.06404437720625314
59,0.03788802347403201,0.0,28.88511451499312,0,0.0,0.5115604224797499,0.8334212170258917,0.057488653555219364,0.5836270932188529,9.581118615145158,1.0,1.0,36,36,480.329159971908,a9dc4e7a83ea86ea436568b7b9e6ff3f12c69e20d2897f78617ebd8a5771ceb1,f000d324411431a807bac72657424c44472cc457a2b2f856442e941850c00046,0.6293494704992436,0.8469902467229324,1.9666666666666666,1494.06648628101,15660,1.0,0.32619429003702527,greedy_sparse,1.0,0.11961405291220545,0.5128706048619255,24867170954b38b9007a5503,18.24074276300007,moving_front,7008,24bfb8b9aac5b87f9f268595cf4462964bd3a01da9d8089f51ed740d780fee86,59,0.0
30,0.02723934694906707,0.0,30.807803832576898,0,0.0,0.41021317310500655,0.7811475668179524,0.0030257186081694403,0.6875,3.6724372990659884,0.9444444444444444,0.9444444444444444,34,36,389.07696465603453,1ffbd60f44c9f81edacbd6236060262a241240e41dabbe8776c51fac2266503a,f000d324411431a807bac72657424c44472cc457a2b2f856442e941850c00046,0.9062027231467473,0.789003403933434,1.0166666666666666,2111.741726221841,18470,1.0,0.2923033780521089,recruitment,0.95940494200706,0.15823975257322972,0.40998487140695916,374497811244fb0afb47e7aa,13.711714523999945,sensor_fault,7004,24bfb8b9aac5b87f9f268595cf4462964bd3a01da9d8089f51ed740d780fee86,30,0.0
0,0.02121798374593034,0.0,23.236656553428247,0,0.0,0.514525177257344,0.8497314536383741,0.02723146747352496,0.6353435057771504,2.3654823578388617,0.9722222222222222,0.9722222222222222,35,36,409.37143281387534,3112fe2c83524b2f2e2f68f6ce520bfc1f93a616346ad692daac26f7b11e5a4b,f000d324411431a807bac72657424c44472cc457a2b2f856442e941850c00046,0.7367624810892587,0.8633222737110128,0.0,2246.917452360641,16581,1.0,0.30923379119086924,static_tuned,1.0,0.08766784153694719,0.5146636251793163,b2f07c79d002f06d00088c78,5.4577160810001715,moving_front,7005,24bfb8b9aac5b87f9f268595cf4462964bd3a01da9d8089f51ed740d780fee86,0,0.0027735753908219867
39,0.1912821482602118,0.0,90.94896463691374,0,0.0,0.32207749496887833,0.5341575264750378,0.6232980332829047,0.23437499999999997,5.676424008967951,0.6857142857142857,0.6857142857142857,24,35,422.6314809351411,9b5a428363b62ad024a6d518c6bdc283191d1cf8739502f5298786104f688bf6,f000d324411431a807bac72657424c44472cc457a2b2f856442e941850c00046,0.26021180030257185,0.5844207009581442,1.4,2050.914140462612,10100,1.0,0.3702451184996898,recruitment,1.0,0.08624942463890817,0.3207734493192133,50417a4d80e27cacc68b228f,15.980599410999957,storm,7001,24bfb8b9aac5b87f9f268595cf4462964bd3a01da9d8089f51ed740d780fee86,39,0.007564296520423601
,0.22576273323247603,0.0,98.03970467725668,0,0.0,0.32423444366621124,0.5162474785678265,0.6611195158850227,0.21354166666666666,1.2053039831141747,0.7222222222222222,0.7222222222222222,26,36,363.9271484190795,6ef10a6f8528f48913779ce02125f8ae67ac504fa24b04f7d539448adf330dc7,f000d324411431a807bac72657424c44472cc457a2b2f856442e941850c00046,0.2980332829046899,0.5823090015128594,,2495.948736181483,10376,1.0,0.34606779602974713,fixed_ring,1.0,0.07706184029828123,0.3236179399899142,5c83eee3d4c9ae8dfc20dbec,5.231485668000005,storm,7012,24bfb8b9aac5b87f9f268595cf4462964bd3a01da9d8089f51ed740d780fee86,0,0.033030761472516386
33,0.02129034291477559,0.0,29.77748361069087,0,0.0,0.41853616263573296,0.7763726046394351,0.019667170953101363,0.6614583333333333,4.089610519612821,0.9444444444444444,0.9444444444444444,34,36,391.4838648693254,b9aa9c192ff362205c201c037cc4f3c7c2aba8b7e0c4fd0ef068255fea54f756,f000d324411431a807bac72657424c44472cc457a2b2f856442e941850c00046,0.7428139183055976,0.7954251765002521,1.1333333333333333,2162.902159056565,15913,1.0,0.394674498825736,greedy_sparse,0.9626828038325768,0.17807221271905835,0.41770675743822483,646e71acbbea98efe9b75b83,13.98647877500025,sensor_fault,7007,24bfb8b9aac5b87f9f268595cf4462964bd3a01da9d8089f51ed740d780fee86,33,0.0005042864346949066
11,0.026372604639435197,0.0,26.794511157337368,0,0.0,0.44262206966685336,0.8156754286434694,0.0030257186081694403,0.703125,4.472635830714174,0.9444444444444444,0.9444444444444444,34,36,411.8399513161031,e5eb0adce92def657b42daaff1168729498af6b7f7eacaec91555308393fbb04,f000d324411431a807bac72657424c44472cc457a2b2f856442e941850c00046,0.8456883509833586,0.8266988149268784,1.1,2099.119701053303,17415,1.0,0.4217616039485965,fungal,0.8908219868885526,0.20140405909487583,0.4423695158850227,b3aacca6e620603358a3ca7a,14.939816596999663,sensor_fault,7005,24bfb8b9aac5b87f9f268595cf4462964bd3a01da9d8089f51ed740d780fee86,11,0.0
9,0.01342662632375189,0.0,23.786127395360566,0,0.0,0.4256336894056564,0.8082923600605142,0.0,0.6718749999999999,3.7161637415384154,0.9722222222222222,0.9722222222222222,35,36,400.0227851921355,7bba1255199adfdb1a1ba0c529b8275f13780540abed81a608a55c16f4b1390f,f000d324411431a807bac72657424c44472cc457a2b2f856442e941850c00046,0.9288956127080181,0.8159590897629853,0.9,2166.0767259358354,19310,1.0,0.43864531804969875,deadline_fusion,0.9583963691376702,0.18517715823591474,0.4251213439233483,a754c76092864a13d4e318dd,37.48872398699996,sensor_fault,7003,24bfb8b9aac5b87f9f268595cf4462964bd3a01da9d8089f51ed740d780fee86,9,0.0
48,0.040134737543055424,0.0,31.12680946715059,0,0.0,0.49432768957507023,0.8088047462050545,0.08925869894099848,0.5336599084270259,7.928751022197942,1.0,1.0,36,36,464.09721984168436,7fc013544a2434726446cf0cb1c220e784a923ebb4fc53407d1bf1d9ae765b5f,f000d324411431a807bac72657424c44472cc457a2b2f856442e941850c00046,0.5975794251134644,0.8351263195726079,1.6,1574.7868647748692,14509,1.0,0.23511702565449638,greedy_sparse,1.0,0.10526454084677202,0.4950757463157886,d7f5d4edbd3f6e53fdc43da8,18.16515097499996,moving_front,7019,24bfb8b9aac5b87f9f268595cf4462964bd3a01da9d8089f51ed740d780fee86,48,0.006051437216338881
,0.02317353756933938,0.0,29.902964258698937,0,0.0,0.41308640249141454,0.7788861573373677,0.006051437216338881,0.6718749999999999,0.9001787596435313,0.9166666666666666,0.9166666666666666,33,36,363.42975813978774,956a9ceb80df2feb4bb3b76f79213a7f0cb93b60e4835d44d36852e549355e78,f000d324411431a807bac72657424c44472cc457a2b2f856442e941850c00046,0.7927382753403933,0.7905871785173979,,2497.194215000505,16946,1.0,0.40279155643812664,fixed_ring,0.8908219868885526,0.19001050083083196,0.4129948310640443,c9b414859ef38baee5b23ad8,5.714461034000124,sensor_fault,7009,24bfb8b9aac5b87f9f268595cf4462964bd3a01da9d8089f51ed740d780fee86,0,0.0
24,0.027184190620272313,0.0,30.677280320221882,0,0.0,0.4124079693123328,0.7820064296520424,0.0030257186081694403,0.6822916666666665,3.367845143466018,0.9722222222222222,0.9722222222222222,35,36,382.9068454827,c01d3e850dcea516d0864d501fedc94fd615e60fababbc941400707247a8bedb,f000d324411431a807bac72657424c44472cc457a2b2f856442e941850c00046,0.9288956127080181,0.7910914649520927,0.8,2201.78696918252,19325,1.0,0.40210942258780263,greedy_sparse,1.0,0.15925796272080378,0.4128608799798285,18fe46cff250724a5719ac1a,17.335400487999777,sensor_fault,7016,24bfb8b9aac5b87f9f268595cf4462964bd3a01da9d8089f51ed740d780fee86,24,0.0
,0.03677351235501764,0.0,32.61909827281895,0,0.0,0.4438366018304652,0.7833459404942005,0.0045385779122541605,0.6666666666666666,1.244366566356909,0.9166666666666666,0.9166666666666666,33,36,363.64718933468856,5f8536aad221b558feae01abd9e48012ffd43f0d986448ef31076303591affbe,f000d324411431a807bac72657424c44472cc457a2b2f856442e941850c00046,0.540090771558245,0.8019021053958648,,2472.1746781434927,13765,0.9994957135653052,0.48909169952500026,adaptive,1.0,0.18817226142717325,0.4434174861321231,a34028e78b73638e827543d9,8.301786683000046,sensor_fault,7000,24bfb8b9aac5b87f9f268595cf4462964bd3a01da9d8089f51ed740d780fee86,16,0.0007564296520423601
16,0.16873108925869892,0.0,81.11368507312152,0,0.0,0.3503259325027325,0.573594301563288,0.5627836611195158,0.3020833333333333,5.211839614530943,0.8611111111111112,0.8333333333333334,30,36,410.94251455642836,ac5fa5d877e58450b21b5619aadcad71ab1db9e7cd210fd1cd516ef4a934c028,f000d324411431a807bac72657424c44472cc457a2b2f856442e941850c00046,0.32526475037821484,0.6238495965708521,1.5833333333333333,2043.317977217447,11273,1.0,0.3792522421654427,fungal,1.0,0.05436406019197698,0.35128277861825513,c5bf2e60bebdfb1d5ea97272,15.57147803099997,storm,7014,24bfb8b9aac5b87f9f268595cf4462964bd3a01da9d8089f51ed740d780fee86,16,0.00529500756429652
43,0.23407557992939987,0.0,104.32461075390822,0,0.0,0.30620845611261466,0.47184663388804843,0.6717095310136157,0.16145833333333331,5.91290088661761,0.7777777777777778,0.75,27,36,422.31548786280865,c0265f2f5da1b8f1e6334a7d1da15d24852be86831d4583cf0a020b238d73be2,f000d324411431a807bac72657424c44472cc457a2b2f856442e941850c00046,0.24508320726172467,0.5537459026727181,1.5333333333333334,1861.1670948774292,9235,1.0,0.23832860216678559,recruitment,1.0,0.0568765897514917,0.30588124054462934,fa0f749c3fc6927040b97dd1,17.799660349000078,storm,7010,24bfb8b9aac5b87f9f268595cf4462964bd3a01da9d8089f51ed740d780fee86,43,0.037821482602118005
,0.052489799770387764,0.0,34.69745489883861,0,0.0,0.49014794949056356,0.8016087888508299,0.07261724659606657,0.5336450254364256,0.910156146025596,0.9166666666666666,0.9166666666666666,33,36,363.80665089851175,33909bb95a53710954872d70bc5591af92a450651324e9fef7a21e0a1cd4da1e,f000d324411431a807bac72657424c44472cc457a2b2f856442e941850c00046,0.6202723146747352,0.8190650348138644,,2495.870534138916,14987,1.0,0.25806751734798966,fixed_ring,1.0,0.09021730089384916,0.4901164638076915,5dcb564bc193f5fd98f5ace1,6.1823486610001055,moving_front,7004,24bfb8b9aac5b87f9f268595cf4462964bd3a01da9d8089f51ed740d780fee86,0,0.0005042864346949066
56,0.0495933404047543,0.0,30.097622916084067,0,0.0,0.5203243048788089,0.8365484620774741,0.024205748865355523,0.6100942484874283,8.861366246167451,0.9444444444444444,0.9444444444444444,34,36,479.8493351617651,33909bb95a53710954872d70bc5591af92a450651324e9fef7a21e0a1cd4da1e,f000d324411431a807bac72657424c44472cc457a2b2f856442e941850c00046,0.6747352496217852,0.8481065778833089,1.8666666666666667,1392.3472062270841,16080,1.0,0.2503208488608721,recruitment,1.0,0.06260940016883261,0.5196039927731547,7bf3630b64703ad97ed3ccba,17.03861009299999,moving_front,7004,24bfb8b9aac5b87f9f268595cf4462964bd3a01da9d8089f51ed740d780fee86,56,0.0002521432173474533
27,0.02390632879475542,0.0,30.430337556732223,0,0.0,0.4182686091357307,0.7747809505799292,0.019667170953101363,0.6666666666666666,3.3522743028907844,0.9444444444444444,0.9444444444444444,34,36,386.52704969902044,b9aa9c192ff362205c201c037cc4f3c7c2aba8b7e0c4fd0ef068255fea54f756,f000d324411431a807bac72657424c44472cc457a2b2f856442e941850c00046,0.7367624810892587,0.794392965204236,0.9,2231.9172309612563,15775,1.0,0.3948377347680606,recruitment,0.961674230963187,0.17942399850971302,0.4174467347453353,568815ea66e56f1bd9cae026,13.277602876999936,sensor_fault,7007,24bfb8b9aac5b87f9f268595cf4462964bd3a01da9d8089f51ed740d780fee86,27,0.0005042864346949066
0,0.19322049924357032,0.0,90.75493255168935,0,0.0,0.3291105871643107,0.526065305093293,0.6520423600605144,0.22916666666666666,2.724636454767411,0.6944444444444444,0.6944444444444444,25,36,409.289779817248,e5eb0adce92def657b42daaff1168729498af6b7f7eacaec91555308393fbb04,f000d324411431a807bac72657424c44472cc457a2b2f856442e941850c00046,0.2783661119515885,0.5883683182047402,0.0,2244.8701474638433,9990,1.0,0.3119094194291827,static_tuned,1.0,0.04226473407039056,0.32852685325264747,f80da00d9331309d44f339d1,5.095169719999944,storm,7005,24bfb8b9aac5b87f9f268595cf4462964bd3a01da9d8089f51ed740d780fee86,0,0.017145738779626826
,0.2145659984871407,0.0,98.68168494704993,0,0.0,0.31907149981415694,0.5014577029752899,0.642965204236006,0.18229166666666666,24.011031247941524,0.6388888888888888,0.6388888888888888,23,36,1230.5460313421088,7566b3dd58ba1b4b73cead9a88da4a0d93430742ea574afa5e3d674dbfd7a1c5,f000d324411431a807bac72657424c44472cc457a2b2f856442e941850c00046,0.2617246596066566,0.5703873550176499,,1625.4804656041701,9848,1.0,0.18919421504655462,adaptive,1.0,0.05674616891323308,0.31877994200705995,ff5e3c45bf342f7b688b87cb,11.223442949999935,storm,7013,24bfb8b9aac5b87f9f268595cf4462964bd3a01da9d8089f51ed740d780fee86,22,0.03530005042864346
,0.21521211548159352,0.0,103.28558371154816,0,0.008068582955118506,0.32365815614194743,0.4430786686838124,0.6822995461422088,0.06770833333333333,20.124645254994793,0.8333333333333334,0.75,27,36,1035.4885637280631,b9aa9c192ff362205c201c037cc4f3c7c2aba8b7e0c4fd0ef068255fea54f756,f000d324411431a807bac72657424c44472cc457a2b2f856442e941850c00046,0.25416036308623297,0.5772740166414523,,2123.5130036429223,8356,1.0,0.22852654404763828,adaptive,1.0,0.038808943397153364,0.32322396621280886,f800de2cb4995ca54a7efb4f,6.81719619799992,storm,7007,24bfb8b9aac5b87f9f268595cf4462964bd3a01da9d8089f51ed740d780fee86,21,0.16515380736258192
,0.06870545980480734,0.0,37.4445073067182,0,0.0,0.5210268009296332,0.8134393328155063,0.036308623298033284,0.5970187482141649,36.76883967506438,1.0,1.0,36,36,1874.9398930473733,a045df01d14234cb96176801d87713dde0c5b1030233001228c3094e00dd4a73,f000d324411431a807bac72657424c44472cc457a2b2f856442e941850c00046,0.7261724659606656,0.8256577023749456,,989.5347073864477,16800,1.0,0.2513201218029825,adaptive,1.0,0.07742866225646264,0.5214700116160447,06539b4ff2bf1f50b8a1b6c2,9.29038401799994,moving_front,7011,24bfb8b9aac5b87f9f268595cf4462964bd3a01da9d8089f51ed740d780fee86,11,0.0
16,0.027696356530509333,0.0,29.78035961926374,0,0.0,0.43896396674780586,0.7892634266263238,0.01664145234493192,0.6927083333333333,4.763107714705808,0.9722222222222222,0.9722222222222222,35,36,409.6016702841407,20cbee7be12f3041b6f80dfbab6cf06c7cd24e2dceeb098a373acea1952196d8,f000d324411431a807bac72657424c44472cc457a2b2f856442e941850c00046,0.8260211800302572,0.8088596822995462,1.5833333333333333,2142.74222005498,17359,1.0,0.39696699785495737,deadline_fusion,0.9563792233988905,0.16633787658338517,0.43946986888552697,c2f9a7b8e525e414d4366e70,72.58518192799966,sensor_fault,7018,24bfb8b9aac5b87f9f268595cf4462964bd3a01da9d8089f51ed740d780fee86,16,0.006051437216338881
,0.0780599119343905,0.0,42.51307063049683,0,0.0,0.4879070035411178,0.7801259622281962,0.06202723146747353,0.5552726081949102,43.446969593878435,1.0,1.0,36,36,2137.842408478381,5c27fd92e06c33f2542baf1700cf25e04b52092d15caab1ec4dc802b1a93834e,f000d324411431a807bac72657424c44472cc457a2b2f856442e941850c00046,0.6354009077155824,0.8071394466821121,,952.7756431020158,15669,1.0,0.2439693839260011,adaptive,1.0,0.06473892138548298,0.4901166466773018,ba575ec212bc97034dff4d82,9.691046669000116,moving_front,7010,24bfb8b9aac5b87f9f268595cf4462964bd3a01da9d8089f51ed740d780fee86,11,0.00680786686838124
47,0.02403765008803877,0.0,22.483011819142032,0,0.0,0.5422831215439381,0.8601822562190877,0.04084720121028744,0.6575996239320863,7.366888641475155,1.0,1.0,36,36,453.4192822179723,3112fe2c83524b2f2e2f68f6ce520bfc1f93a616346ad692daac26f7b11e5a4b,f000d324411431a807bac72657424c44472cc457a2b2f856442e941850c00046,0.6384266263237519,0.8778128010058367,1.5666666666666667,1487.361528265236,15228,1.0,0.30862815267643656,recruitment,1.0,0.06575475597805522,0.5436742757343707,75aa4f88b4e7595a07e9071b,16.007733440000038,moving_front,7005,24bfb8b9aac5b87f9f268595cf4462964bd3a01da9d8089f51ed740d780fee86,47,0.0035300050428643463
,0.033424298771173054,0.0,31.626756708899173,0,0.0,0.4652553932624508,0.7824480426013248,0.12102874432677761,0.48258019116254375,0.8862535858742374,0.8857142857142857,0.8857142857142857,31,35,363.7992463135379,0eaaad553c80db6664d9a551f5b55b53a649071324c5a65ea020b06da777986c,f000d324411431a807bac72657424c44472cc457a2b2f856442e941850c00046,0.6399394856278366,0.8107130619396249,,2496.356178777236,15445,1.0,0.3670783796896918,fixed_ring,1.0,0.11401313788338899,0.464766269067025,c36e6709ea2117ffadf226e2,4.956819437000149,moving_front,7001,24bfb8b9aac5b87f9f268595cf4462964bd3a01da9d8089f51ed740d780fee86,0,0.00983358547655068
53,0.043238076843646826,0.0,31.798358610156264,0,0.0,0.4908923985247294,0.804174801288952,0.07110438729198185,0.5419569255137249,8.182276298892067,0.8888888888888888,0.8888888888888888,32,36,465.136647559478,897c3ea0ca4def7c92d6c5bc4c681216da15d36377736736da162a96b99c0650,f000d324411431a807bac72657424c44472cc457a2b2f856442e941850c00046,0.5355521936459909,0.8368420494724338,1.7666666666666666,1480.2356817707773,13323,1.0,0.32759770969091395,recruitment,1.0,0.08641191863742219,0.49125169548690456,7461446c6f09a4d9ea16f45a,20.20317845999989,moving_front,7017,24bfb8b9aac5b87f9f268595cf4462964bd3a01da9d8089f51ed740d780fee86,53,0.004790721129601614
0,0.05627403816504466,0.0,39.49461233624098,0,0.0,0.42170501990543985,0.7651782871427179,0.14523449319213314,0.46824443867385784,2.3415459792760887,0.9444444444444444,0.9444444444444444,34,36,409.2634474529176,ab258b21f7221620284a3215d026dafd75f9efdf5bedb3e529bdff643d2065af,f000d324411431a807bac72657424c44472cc457a2b2f856442e941850c00046,0.6475037821482602,0.7804767874981519,0.0,2246.8239086519193,15751,1.0,0.291026605554782,static_tuned,1.0,0.09010548067700655,0.42206419717270777,13bff28917e629c1b16bcf37,5.818040084999893,moving_front,7006,24bfb8b9aac5b87f9f268595cf4462964bd3a01da9d8089f51ed740d780fee86,0,0.0
55,0.0386080708645818,0.0,28.169302884784255,0,0.0,0.5190409742092823,0.8380304493332003,0.048411497730711045,0.6286030351301866,12.170734916007397,0.9166666666666666,0.9166666666666666,33,36,490.19891875080646,4359898ad5beb32bbf1d8eff13ccc594cdb32a36c3aec06531a94f326fed618b,f000d324411431a807bac72657424c44472cc457a2b2f856442e941850c00046,0.5385779122541604,0.8624305502174544,5.45,1456.2926928128827,14105,1.0,0.23201216582996217,economic,1.0,0.10803518044749551,0.5168389776890303,e1a16198d4ab5198f9f3ba5d,15.299070159999928,moving_front,7007,24bfb8b9aac5b87f9f268595cf4462964bd3a01da9d8089f51ed740d780fee86,55,0.0012607160867372667
11,0.03177004538577912,0.0,31.895801815431167,0,0.0,0.41478550855474394,0.785142460917801,0.0,0.6979166666666665,4.58143307399527,0.9722222222222222,0.9722222222222222,35,36,407.5785898351785,c01d3e850dcea516d0864d501fedc94fd615e60fababbc941400707247a8bedb,f000d324411431a807bac72657424c44472cc457a2b2f856442e941850c00046,0.9304084720121029,0.7934789460413514,1.1,2208.2054831060877,19386,1.0,0.40243472177968775,fungal,1.0,0.1610693121550175,0.4151065305093292,059f73c40e361a08b0fcfa18,18.219277951000095,sensor_fault,7016,24bfb8b9aac5b87f9f268595cf4462964bd3a01da9d8089f51ed740d780fee86,11,0.0
29,0.21755231971759956,0.0,95.56578574130104,0,0.0,0.320631191930834,0.5298159354513362,0.6611195158850227,0.234375,9.355191527932151,0.7777777777777778,0.7222222222222222,26,36,465.42626055012954,1ffbd60f44c9f81edacbd6236060262a241240e41dabbe8776c51fac2266503a,f000d324411431a807bac72657424c44472cc457a2b2f856442e941850c00046,0.2934947049924357,0.5866190746343923,2.9,1743.2250729708674,10417,1.0,0.24837789554380865,deadline_fusion,1.0,0.05940971690780719,0.3212068204740292,dfebf85709105dc110b1a20f,40.119253624000066,storm,7004,24bfb8b9aac5b87f9f268595cf4462964bd3a01da9d8089f51ed740d780fee86,29,0.01638930912758447
44,0.024152935977272375,0.0,20.678370793570014,0,0.0,0.5536741374009587,0.8753870281070767,0.01664145234493192,0.688312395169977,11.876625129220548,1.0,1.0,36,36,505.70783689151847,3112fe2c83524b2f2e2f68f6ce520bfc1f93a616346ad692daac26f7b11e5a4b,f000d324411431a807bac72657424c44472cc457a2b2f856442e941850c00046,0.6762481089258698,0.8912040076650035,4.35,1495.8953481975652,15806,1.0,0.3069391856574729,deadline_fusion,1.0,0.06729631101811709,0.5566172792704969,74ad1a6e2153c17081730f2d,38.904767269999866,moving_front,7005,24bfb8b9aac5b87f9f268595cf4462964bd3a01da9d8089f51ed740d780fee86,44,0.0027735753908219867
47,0.042927442106480945,0.0,28.7830911958567,0,0.0,0.5044085673447855,0.8333120489756806,0.01664145234493192,0.6368128601139769,12.16138703051061,0.9444444444444444,0.9444444444444444,34,36,503.738972553965,5b23548e342cd0e105b412e1f6ff973e8f388f6fbedb3fc9e75b3089b159ddd9,f000d324411431a807bac72657424c44472cc457a2b2f856442e941850c00046,0.7655068078668684,0.8470037967724314,4.666666666666667,1559.4623878292605,17417,1.0,0.18688739564884896,fungal,1.0,0.09086722311479478,0.5040585338499487,7041c3929ab12931dd583f85,15.150640924000072,moving_front,7002,24bfb8b9aac5b87f9f268595cf4462964bd3a01da9d8089f51ed740d780fee86,47,0.0
,0.02323657337367625,0.0,29.862739536056477,0,0.0,0.41427708543684577,0.7806275214321734,0.006051437216338881,0.6770833333333333,3.601850972651063,0.9166666666666666,0.9166666666666666,33,36,383.78062156413955,956a9ceb80df2feb4bb3b76f79213a7f0cb93b60e4835d44d36852e549355e78,f000d324411431a807bac72657424c44472cc457a2b2f856442e941850c00046,0.7851739788199698,0.792060640443772,,2402.4023661785695,16901,1.0,0.40284557822199013,adaptive,0.8908219868885526,0.19044228364352206,0.4139482476046394,73fbb912b6acadabbfda1a27,8.004304763999698,sensor_fault,7009,24bfb8b9aac5b87f9f268595cf4462964bd3a01da9d8089f51ed740d780fee86,13,0.0
,0.1592520801815431,0.0,82.09755578668684,0,0.0,0.3597845924829832,0.5510196041351487,0.6096822995461422,0.2552083333333333,25.47264087161991,0.8055555555555556,0.8055555555555556,29,36,1269.1377046574773,ac5fa5d877e58450b21b5619aadcad71ab1db9e7cd210fd1cd516ef4a934c028,f000d324411431a807bac72657424c44472cc457a2b2f856442e941850c00046,0.29046898638426627,0.6269304715078163,,1713.5892042365972,9993,1.0,0.379538385980395,adaptive,1.0,0.05458568030385263,0.3602023449319213,aa719849210972cf8ba85be8,8.634254381999881,storm,7014,24bfb8b9aac5b87f9f268595cf4462964bd3a01da9d8089f51ed740d780fee86,21,0.0297528996469995
29,0.015372856782652544,0.0,25.973666792738275,0,0.0,0.41667222070583987,0.7994437090267271,0.0,0.6927083333333333,3.8483178486173624,0.9722222222222222,0.9722222222222222,35,36,391.06926413702115,956a9ceb80df2feb4bb3b76f79213a7f0cb93b60e4835d44d36852e549355e78,f000d324411431a807bac72657424c44472cc457a2b2f856442e941850c00046,0.8925869894099848,0.8083159984871406,0.9666666666666667,2157.498487419021,18689,1.0,0.40138983781893905,recruitment,0.8908219868885526,0.1810526806617836,0.41724974785678265,1a227a410b4a7fca7be32919,17.035614071000055,sensor_fault,7009,24bfb8b9aac5b87f9f268595cf4462964bd3a01da9d8089f51ed740d780fee86,29,0.0
10,0.02822428139183056,0.0,31.47306795259707,0,0.0,0.40454825799685323,0.7758289208270297,0.0,0.6770833333333333,4.261695330043542,0.9722222222222222,0.9722222222222222,35,36,396.9397898503887,7566b3dd58ba1b4b73cead9a88da4a0d93430742ea574afa5e3d674dbfd7a1c5,f000d324411431a807bac72657424c44472cc457a2b2f856442e941850c00046,0.875945537065053,0.7855915910237014,1.0,2118.4456718662236,18445,0.9641956631366615,0.4640448547518348,deadline_fusion,0.9546142208774584,0.1827582912561737,0.4022235879979828,35f94d54931c876dd98ea10a,93.86356969200006,sensor_fault,7013,24bfb8b9aac5b87f9f268595cf4462964bd3a01da9d8089f51ed740d780fee86,10,0.0
,0.21684316691880987,0.0,97.81206662884519,0,0.0005042864346949066,0.3342580161869433,0.497588880484115,0.6505295007564297,0.16666666666666666,1.232339389701567,0.8333333333333334,0.7777777777777778,28,36,363.9420692454322,50b7b3fbf7cedf803850a0428d40ee1ccc4080b783db00698cf7730c8a755b36,f000d324411431a807bac72657424c44472cc457a2b2f856442e941850c00046,0.28895612708018154,0.5944433938477055,,2493.7453523279173,9363,1.0,0.23996582174406444,fixed_ring,1.0,0.050061842059413865,0.33498014372163387,b3619ed14e6b1fecac120228,5.36309881599982,storm,7011,24bfb8b9aac5b87f9f268595cf4462964bd3a01da9d8089f51ed740d780fee86,0,0.08119011598587997
42,0.23425680786686834,0.0,103.26639718860314,0,0.0,0.30721022754634947,0.48079771810388294,0.6717095310136157,0.171875,8.831805464586104,0.8055555555555556,0.8055555555555556,29,36,423.7522337893926,c0265f2f5da1b8f1e6334a7d1da15d24852be86831d4583cf0a020b238d73be2,f000d324411431a807bac72657424c44472cc457a2b2f856442e941850c00046,0.25718608169440244,0.5613023197175996,4.2,1758.9758797194722,9475,1.0,0.2382435741599029,economic,1.0,0.053847612032444335,0.307023764498235,4d04ba92d038184568f94fa9,14.87381596299997,storm,7010,24bfb8b9aac5b87f9f268595cf4462964bd3a01da9d8089f51ed740d780fee86,42,0.039334341906202726
21,0.18460823247604638,0.0,88.29708774583963,0,0.0,0.3369912181388588,0.5336768784669692,0.6475037821482602,0.23958333333333331,5.947375105339532,0.6666666666666666,0.6388888888888888,23,36,418.8951135029917,e5eb0adce92def657b42daaff1168729498af6b7f7eacaec91555308393fbb04,f000d324411431a807bac72657424c44472cc457a2b2f856442e941850c00046,0.2617246596066566,0.5981467473524962,2.0833333333333335,2024.7927582522623,9579,1.0,0.3131173212091319,fungal,1.0,0.04943928873864736,0.3371627584467978,8185a115dba103118f2631a3,16.055047618000003,storm,7005,24bfb8b9aac5b87f9f268595cf4462964bd3a01da9d8089f51ed740d780fee86,21,0.01739788199697428
,0.21729229702471,0.0,96.77764907967725,0,0.0,0.31955666823572426,0.5201320600100857,0.670196671709531,0.23958333333333331,18.53269619165713,0.7222222222222222,0.7222222222222222,26,36,952.4517986880833,c01d3e850dcea516d0864d501fedc94fd615e60fababbc941400707247a8bedb,f000d324411431a807bac72657424c44472cc457a2b2f856442e941850c00046,0.291981845688351,0.577762544125063,,1932.1259035549185,10401,1.0,0.1979089260890199,adaptive,1.0,0.0732848050771289,0.3195206127080182,ceddc74615e7bf6626a49479,7.8611572769998475,storm,7016,24bfb8b9aac5b87f9f268595cf4462964bd3a01da9d8089f51ed740d780fee86,21,0.015632879475542105
53,0.03806370600382928,0.0,29.034541906167053,0,0.0,0.5112680258682859,0.8204396416280803,0.06202723146747353,0.5765157456972339,11.069852435883197,0.9166666666666666,0.9166666666666666,33,36,479.99611339923115,277879760b7636cf423ed8f2b038495b33a699b960bf9fcac3c05a45a91ae287,f000d324411431a807bac72657424c44472cc457a2b2f856442e941850c00046,0.5779122541603631,0.8550993960674014,5.183333333333334,1513.4094722108853,13986,1.0,0.32551237066297917,economic,1.0,0.10001972834896707,0.513704778942862,be0ea15113a2527ebc845410,19.19703097500019,moving_front,7015,24bfb8b9aac5b87f9f268595cf4462964bd3a01da9d8089f51ed740d780fee86,53,0.00907715582450832
10,0.011314926878466969,0.0,23.165736888552697,0,0.0,0.4221129289197156,0.8112077660110942,0.0045385779122541605,0.6875,4.287190794371475,0.9714285714285714,0.9714285714285714,34,35,400.2768840734539,9b5a428363b62ad024a6d518c6bdc283191d1cf8739502f5298786104f688bf6,f000d324411431a807bac72657424c44472cc457a2b2f856442e941850c00046,0.8895612708018155,0.8262733232476044,1.0,2187.6955934114712,18490,1.0,0.4903913738141827,deadline_fusion,0.9606656580937972,0.18482104276717842,0.4211343292990418,3e511c9e6b0f4e802312f49c,46.32587802199987,sensor_fault,7001,24bfb8b9aac5b87f9f268595cf4462964bd3a01da9d8089f51ed740d780fee86,10,0.0020171457387796266
31,0.2372904059505799,0.0,106.40778649773071,0,0.0,0.28122004831313413,0.452250378214826,0.6686838124054463,0.12499999999999999,8.835223792971709,0.6388888888888888,0.5555555555555556,20,36,447.8495792612347,5772c05e39ffe56db9fe4d550c615751b591862ac0732ff00bde5b9c136479f3,f000d324411431a807bac72657424c44472cc457a2b2f856442e941850c00046,0.2813918305597579,0.533590204236006,3.1,1517.2834141447568,9751,1.0,0.29211019450899817,deadline_fusion,1.0,0.05307562173156426,0.2819512733232476,0e72791b94d1fee1ec9cbe34,36.91445527600001,storm,7006,24bfb8b9aac5b87f9f268595cf4462964bd3a01da9d8089f51ed740d780fee86,31,0.05068078668683811
,0.17295448814926878,0.0,89.99613905698436,0,0.0,0.3469432016410631,0.49498865355521937,0.6580937972768532,0.15104166666666663,26.58484215948377,0.6944444444444444,0.6388888888888888,23,36,1347.5700828822312,e5eb0adce92def657b42daaff1168729498af6b7f7eacaec91555308393fbb04,f000d324411431a807bac72657424c44472cc457a2b2f856442e941850c00046,0.24357034795763993,0.6040721129601613,,2001.796578587327,8670,1.0,0.31304351666398844,adaptive,1.0,0.04909526743920045,0.3462477937468482,5d7356179637e3689a0349fc,7.898658694000005,storm,7005,24bfb8b9aac5b87f9f268595cf4462964bd3a01da9d8089f51ed740d780fee86,25,0.08497226424609178
51,0.03889888361195587,0.0,28.822410078933366,0,0.0,0.49695909860132553,0.8276138618297755,0.06505295007564296,0.5771561155577614,8.382893849089402,1.0,1.0,36,36,468.14459814282407,ddbf34503eff23fbcd394039890145ec197c5f33f339d9222c1ea54ac42702a6,f000d324411431a807bac72657424c44472cc457a2b2f856442e941850c00046,0.7110438729198184,0.8363323371807685,1.7,1575.6127218358974,16596,1.0,0.24675614191627776,greedy_sparse,1.0,0.08857468998408227,0.4963591792466924,32b16325cf9972210fb1ba7c,17.133308952000107,moving_front,7003,24bfb8b9aac5b87f9f268595cf4462964bd3a01da9d8089f51ed740d780fee86,51,0.0
49,0.03872383364180941,0.0,26.83934613144872,0,0.0,0.5360199139450471,0.8385369272006102,0.06202723146747353,0.5732479174762646,11.302263582430431,0.9722222222222222,0.9722222222222222,35,36,487.2517254312093,43e354cb1fa0a5fed03587ccc8ef089b630912d128abf8941ac224ef282c99e3,f000d324411431a807bac72657424c44472cc457a2b2f856442e941850c00046,0.6732223903177005,0.859165157543764,4.85,1456.401397222568,15964,1.0,0.4009174802728864,economic,1.0,0.08466463616233723,0.5356235841677035,df2698a7591eccce23c9d129,18.00670263500001,moving_front,7018,24bfb8b9aac5b87f9f268595cf4462964bd3a01da9d8089f51ed740d780fee86,49,0.005042864346949067
40,0.18548285426122035,0.0,89.77736541855772,0,0.0,0.3242297636943037,0.5358437342410488,0.6248108925869894,0.24479166666666663,5.860495831257057,0.6857142857142857,0.6857142857142857,24,35,423.9003149618933,9b5a428363b62ad024a6d518c6bdc283191d1cf8739502f5298786104f688bf6,f000d324411431a807bac72657424c44472cc457a2b2f856442e941850c00046,0.2556732223903177,0.5879507060010085,1.5833333333333333,1957.8869819418076,10025,1.0,0.36980109832998886,greedy_sparse,1.0,0.08231418009257316,0.3234839889056984,413f6abe82bd1c072a6db507,16.38892415800001,storm,7001,24bfb8b9aac5b87f9f268595cf4462964bd3a01da9d8089f51ed740d780fee86,40,0.011850731215330307
,0.2250929778113969,0.0,104.47912726928894,0,0.0,0.29757757368450577,0.47593608169440244,0.6671709531013615,0.16666666666666666,33.27749636134623,0.8055555555555556,0.75,27,36,1650.5915189982638,12c2676d5d2da4bfdacb5c9a6312d12b90a39b080a71ade938e7b16bbaabf086,f000d324411431a807bac72657424c44472cc457a2b2f856442e941850c00046,0.2481089258698941,0.5508698940998488,,1434.0183252784166,9328,1.0,0.23709892229847096,adaptive,1.0,0.07580129766923921,0.2981357160867372,7f090e898979c536617d786d,8.151820251000117,storm,7019,24bfb8b9aac5b87f9f268595cf4462964bd3a01da9d8089f51ed740d780fee86,31,0.04563792233988905
41,0.2096886031265759,0.0,94.10630988401411,0,0.0,0.3295747564579783,0.5283976298537568,0.6369137670196672,0.22916666666666666,5.796758873095921,0.8333333333333334,0.8055555555555556,29,36,414.54532602432306,50b7b3fbf7cedf803850a0428d40ee1ccc4080b783db00698cf7730c8a755b36,f000d324411431a807bac72657424c44472cc457a2b2f856442e941850c00046,0.30559757942511345,0.5928674987392839,1.45,1774.7161985415264,10578,1.0,0.2400799396134205,greedy_sparse,1.0,0.0506539953247519,0.33023669944528483,5c76abdb6cdb072e6f423fd4,14.106239414000129,storm,7011,24bfb8b9aac5b87f9f268595cf4462964bd3a01da9d8089f51ed740d780fee86,41,0.03429147755925365
51,0.037314278971180566,0.0,28.442324082532092,0,0.0,0.5148421268673068,0.8218046652161871,0.05446293494704992,0.5742812508143157,11.677442118414017,0.9444444444444444,0.9444444444444444,34,36,488.8617706249257,277879760b7636cf423ed8f2b038495b33a699b960bf9fcac3c05a45a91ae287,f000d324411431a807bac72657424c44472cc457a2b2f856442e941850c00046,0.583963691376702,0.8562362299187226,5.066666666666666,1457.8677576815899,14032,1.0,0.32153454028831097,deadline_fusion,1.0,0.08574020281280209,0.5172255856132917,2ac11c984e076935b9a283a6,44.313210088999995,moving_front,7015,24bfb8b9aac5b87f9f268595cf4462964bd3a01da9d8089f51ed740d780fee86,51,0.008320726172465959
50,0.03408639689861818,0.0,25.974495002185048,0,0.0,0.5071342959260208,0.8460583079740605,0.039334341906202726,0.6310054628384836,12.4693004757001,1.0,1.0,36,36,510.7471342665693,ddbf34503eff23fbcd394039890145ec197c5f33f339d9222c1ea54ac42702a6,f000d324411431a807bac72657424c44472cc457a2b2f856442e941850c00046,0.7397881996974282,0.8553096656968596,4.933333333333334,1476.7697772008758,17129,1.0,0.24476314299093657,deadline_fusion,1.0,0.09111925708766548,0.5077329944934035,05d8f96d45b7f5ac0cfd6cf0,41.35731674900012,moving_front,7003,24bfb8b9aac5b87f9f268595cf4462964bd3a01da9d8089f51ed740d780fee86,50,0.0
0,0.22716527987897125,0.0,102.52868129097327,0,0.0,0.30745863425966924,0.4731861447302067,0.6732223903177005,0.16666666666666666,2.693808690862193,0.8055555555555556,0.8055555555555556,29,36,409.2311445356371,b549dfc41676c63078393edb7074f42e4f0927a271f4a7ecca93c1f6bdaa8078,f000d324411431a807bac72657424c44472cc457a2b2f856442e941850c00046,0.2526475037821483,0.561121091780131,0.0,2245.0955519716526,9066,1.0,0.31762914431463396,static_tuned,1.0,0.07291956868559997,0.3075438098840141,b8e3f9ac625694b3375fe251,5.016303904000097,storm,7015,24bfb8b9aac5b87f9f268595cf4462964bd3a01da9d8089f51ed740d780fee86,0,0.04084720121028744
20,0.22311522945032777,0.0,101.37709594049419,0,0.0,0.3132224300413365,0.4721302950075642,0.6686838124054463,0.16666666666666666,7.982921865720198,0.8333333333333334,0.8333333333333334,30,36,442.44973822695863,b549dfc41676c63078393edb7074f42e4f0927a271f4a7ecca93c1f6bdaa8078,f000d324411431a807bac72657424c44472cc457a2b2f856442e941850c00046,0.2481089258698941,0.5663688224911749,2.0,2022.262720832455,8723,1.0,0.31637765877132557,fungal,1.0,0.08379246089332179,0.3135794881492687,8d35b0b06283b88040350a37,13.539059471999963,storm,7015,24bfb8b9aac5b87f9f268595cf4462964bd3a01da9d8089f51ed740d780fee86,20,0.052697932425617745
,0.01840645486636409,0.0,31.650119768028237,0,0.0,0.42683259516556976,0.7609209531013615,0.030257186081694403,0.609375,1.2606389285558484,1.0,1.0,36,36,363.63446890887053,fded3c51bb367e0df8af6f8249b634fefe0cc389845c26618e90a9b29d9c3139,f000d324411431a807bac72657424c44472cc457a2b2f856442e941850c00046,0.4886535552193646,0.7868759455370651,,2473.1814209754693,13071,1.0,0.36290372602565896,adaptive,0.9548663640948057,0.16817078718684253,0.426768154311649,9b7c1c28a855c627d6fc31b6,9.733360560000165,sensor_fault,7017,24bfb8b9aac5b87f9f268595cf4462964bd3a01da9d8089f51ed740d780fee86,21,0.0005042864346949066
43,0.19068330811901157,0.0,90.11456757438225,0,0.0,0.3355819176104025,0.5256634518406454,0.6520423600605144,0.234375,5.723359436618731,0.6666666666666666,0.6388888888888888,23,36,417.2015007170038,e5eb0adce92def657b42daaff1168729498af6b7f7eacaec91555308393fbb04,f000d324411431a807bac72657424c44472cc457a2b2f856442e941850c00046,0.25718608169440244,0.5936948436712052,1.5333333333333334,1907.1744780405338,9411,1.0,0.31309281712804754,recruitment,1.0,0.04923447949038673,0.3354371533030761,1f33c3d53e4cf12be11c1a60,14.097207942000068,storm,7005,24bfb8b9aac5b87f9f268595cf4462964bd3a01da9d8089f51ed740d780fee86,43,0.02294503277861825
,0.026490796772566813,0.0,33.42713848966213,0,0.0,0.4098923108313788,0.7562563035804336,0.019667170953101363,0.65625,0.8969304467682054,0.9444444444444444,0.9444444444444444,34,36,363.4283889819212,12c2676d5d2da4bfdacb5c9a6312d12b90a39b080a71ade938e7b16bbaabf086,f000d324411431a807bac72657424c44472cc457a2b2f856442e941850c00046,0.6338880484114977,0.7820931038830055,,2496.934566449235,14373,0.9992435703479576,0.45886930305992163,fixed_ring,0.9997478567826527,0.2064854738210991,0.4110486006051437,dfc05457d5c4e6e6c8d9e8e1,7.013310486999671,sensor_fault,7019,24bfb8b9aac5b87f9f268595cf4462964bd3a01da9d8089f51ed740d780fee86,0,0.0022692889561270802
,0.20340078164397377,0.0,95.12835665658093,0,0.0,0.3283194037628854,0.503506366616238,0.6565809379727685,0.1875,29.981433513952435,0.8333333333333334,0.7777777777777778,28,36,1465.0251840025553,1ffbd60f44c9f81edacbd6236060262a241240e41dabbe8776c51fac2266503a,f000d324411431a807bac72657424c44472cc457a2b2f856442e941850c00046,0.2708018154311649,0.592654752899647,,1891.677381342794,9524,1.0,0.2486971513316417,adaptive,1.0,0.05759546448427344,0.32880263489662126,5643bb0abdd8d0b176c347d2,7.69551641999999,storm,7004,24bfb8b9aac5b87f9f268595cf4462964bd3a01da9d8089f51ed740d780fee86,28,0.04462934947049924
28,0.03444118759455371,0.0,32.87699350731215,0,0.0,0.42178649270088314,0.7715267271810388,0.006051437216338881,0.6510416666666666,3.4227280542706904,0.9722222222222222,0.9722222222222222,35,36,384.9161381280381,b549dfc41676c63078393edb7074f42e4f0927a271f4a7ecca93c1f6bdaa8078,f000d324411431a807bac72657424c44472cc457a2b2f856442e941850c00046,0.6777609682299546,0.7909732728189612,0.9333333333333333,2161.654446584595,15074,1.0,0.41942841552092675,recruitment,0.9596570852244074,0.16881959937930105,0.4220325895108421,31a92f1171602a426eddca90,35.434822605000136,sensor_fault,7015,24bfb8b9aac5b87f9f268595cf4462964bd3a01da9d8089f51ed740d780fee86,28,0.0012607160867372667
49,0.025069374733427612,0.0,24.456189822521925,0,0.0,0.5091688987296629,0.8359185586779925,0.060514372163388806,0.5685595812394,8.717580394455476,0.9714285714285714,0.9714285714285714,34,35,478.9168290818665,0eaaad553c80db6664d9a551f5b55b53a649071324c5a65ea020b06da777986c,f000d324411431a807bac72657424c44472cc457a2b2f856442e941850c00046,0.7110438729198184,0.8552749521405013,1.6333333333333333,1533.630012960868,16400,1.0,0.3597312265783104,greedy_sparse,1.0,0.0849483532352871,0.5093456428291274,510bc2d8c8fec22b5d6b1f23,16.368636475999892,moving_front,7001,24bfb8b9aac5b87f9f268595cf4462964bd3a01da9d8089f51ed740d780fee86,49,0.00832072617246596
,0.030830694407230144,0.0,25.73148119810385,0,0.0,0.521670412733378,0.8416725602077839,0.019667170953101363,0.6302437521986901,0.8821280422290942,0.8888888888888888,0.8888888888888888,32,36,363.79675408598905,358f3d3ac5e4c7943da7c4ded7230c7e4afe2570f3a3d3555871e5543b789f00,f000d324411431a807bac72657424c44472cc457a2b2f856442e941850c00046,0.6671709531013615,0.8536751772137169,,2496.5469586240915,15996,1.0,0.38428278548881195,fixed_ring,1.0,0.13096170191161646,0.5198271077230832,01e4d00c9e7bfb63ed69d9f1,6.702853362000042,moving_front,7014,24bfb8b9aac5b87f9f268595cf4462964bd3a01da9d8089f51ed740d780fee86,0,0.0
21,0.026924167927382753,0.0,30.60904406202723,0,0.0,0.4127009358291452,0.7832750252143217,0.0015128593040847202,0.6927083333333333,2.880555817496549,1.0,1.0,36,36,378.8665731966444,c01d3e850dcea516d0864d501fedc94fd615e60fababbc941400707247a8bedb,f000d324411431a807bac72657424c44472cc457a2b2f856442e941850c00046,0.9273827534039334,0.7925885653050933,0.7,2194.312829909539,19289,1.0,0.4018311499306129,recruitment,1.0,0.1593790010150578,0.41386157337367624,d7778c19025a33fba67c894e,37.94354350000003,sensor_fault,7016,24bfb8b9aac5b87f9f268595cf4462964bd3a01da9d8089f51ed740d780fee86,21,0.0
37,0.22848115229450328,0.0,101.45069024205746,0,0.0,0.30116679061861085,0.49197081442259194,0.6641452344931922,0.18229166666666663,5.067281875207119,0.8055555555555556,0.8055555555555556,29,36,410.68395667016847,12c2676d5d2da4bfdacb5c9a6312d12b90a39b080a71ade938e7b16bbaabf086,f000d324411431a807bac72657424c44472cc457a2b2f856442e941850c00046,0.2556732223903177,0.5613023197175996,1.45,1929.7711749414584,9379,1.0,0.23679283743031157,recruitment,1.0,0.07525583341163049,0.30094080937972767,cf4b60c93742a21a689c7154,14.346170444000109,storm,7019,24bfb8b9aac5b87f9f268595cf4462964bd3a01da9d8089f51ed740d780fee86,37,0.03202218860312657
5,0.027168431669188097,0.0,30.620429904185578,0,0.0,0.4086988831695424,0.7800680786686838,0.0,0.6875,2.6933280737446186,0.9444444444444444,0.9444444444444444,34,36,385.57227867888884,1ffbd60f44c9f81edacbd6236060262a241240e41dabbe8776c51fac2266503a,f000d324411431a807bac72657424c44472cc457a2b2f856442e941850c00046,0.9062027231467473,0.7883178895612708,0.5,2156.3688040681805,18594,1.0,0.29247410119018324,fungal,0.95940494200706,0.1578297923174357,0.40877931164901665,5511fd7dfcd216dcdca122ce,13.185232235000058,sensor_fault,7004,24bfb8b9aac5b87f9f268595cf4462964bd3a01da9d8089f51ed740d780fee86,5,0.0
42,0.22825264750378216,0.0,100.84133100100856,0,0.0,0.30074014308694785,0.4986998865355522,0.6626323751891074,0.203125,6.729076225998494,0.8055555555555556,0.8055555555555556,29,36,439.333957341032,12c2676d5d2da4bfdacb5c9a6312d12b90a39b080a71ade938e7b16bbaabf086,f000d324411431a807bac72657424c44472cc457a2b2f856442e941850c00046,0.2526475037821483,0.5633903807362581,1.5,1767.912058399615,9538,1.0,0.23672275985669397,greedy_sparse,1.0,0.07587151416200835,0.3013032652546646,79bd01da13586c15a555b885,14.798900366999987,storm,7019,24bfb8b9aac5b87f9f268595cf4462964bd3a01da9d8089f51ed740d780fee86,42,0.023701462430660614
0,0.04609540469646292,0.0,32.7386768198964,0,0.0,0.48467048059367135,0.8039382256461628,0.06202723146747353,0.5397427656164976,2.3505562214166584,0.9166666666666666,0.9166666666666666,33,36,409.3283730532968,6e2d005a512f8f795588b53a08d35435fd833e215d9a9396f9ada02b8104fa48,f000d324411431a807bac72657424c44472cc457a2b2f856442e941850c00046,0.7912254160363086,0.8141338146105153,0.0,2246.444960105029,17828,1.0,0.19190936834819072,static_tuned,1.0,0.08451725091490188,0.48387310461414823,51bcbd663c99de3c3ecb5bee,7.367294532999949,moving_front,7009,24bfb8b9aac5b87f9f268595cf4462964bd3a01da9d8089f51ed740d780fee86,0,0.0
44,0.2206725920322743,0.0,97.9213155572365,0,0.0,0.3108456236035952,0.5217158345940494,0.6354009077155824,0.22395833333333331,6.040498572601702,0.75,0.75,27,36,425.29992980314967,956a9ceb80df2feb4bb3b76f79213a7f0cb93b60e4835d44d36852e549355e78,f000d324411431a807bac72657424c44472cc457a2b2f856442e941850c00046,0.2980332829046899,0.5664160993444276,1.55,1981.6787558562166,10719,1.0,0.1947963765560625,recruitment,1.0,0.07308522093273012,0.3105222516389309,890d117a741c2e5fd19ec1ac,15.089483256999983,storm,7009,24bfb8b9aac5b87f9f268595cf4462964bd3a01da9d8089f51ed740d780fee86,44,0.00832072617246596
33,0.016310514372163385,0.0,26.26355269793242,0,0.0,0.4179069902941043,0.799089132627332,0.0045385779122541605,0.6979166666666666,5.773746265058704,0.9722222222222222,0.9722222222222222,35,36,398.0616053965727,956a9ceb80df2feb4bb3b76f79213a7f0cb93b60e4835d44d36852e549355e78,f000d324411431a807bac72657424c44472cc457a2b2f856442e941850c00046,0.8956127080181543,0.8084735879979827,3.2666666666666666,2065.3598955124207,18753,1.0,0.4015234067840159,economic,0.8908219868885526,0.18108315305211323,0.418226802824004,65990241a2c2de869b896c21,15.707614725999974,sensor_fault,7009,24bfb8b9aac5b87f9f268595cf4462964bd3a01da9d8089f51ed740d780fee86,33,0.0
55,0.045650811242565155,0.0,31.63250295375433,0,0.0,0.501662647128016,0.8092339213697501,0.06959152798789713,0.5486817029856669,8.52873862979481,0.9444444444444444,0.9444444444444444,34,36,465.7905846490644,277879760b7636cf423ed8f2b038495b33a699b960bf9fcac3c05a45a91ae287,f000d324411431a807bac72657424c44472cc457a2b2f856442e941850c00046,0.573373676248109,0.8457489812002253,1.8333333333333333,1556.6616558725714,13888,1.0,0.3232085631414792,greedy_sparse,1.0,0.09737008400542323,0.5043164049510194,1c1137de79c4c05ef0f4cbad,15.79184535000013,moving_front,7015,24bfb8b9aac5b87f9f268595cf4462964bd3a01da9d8089f51ed740d780fee86,55,0.00983358547655068
,0.23929179273827533,0.0,101.62068992687846,0,0.0,0.3280235710714635,0.5059411245587493,0.642965204236006,0.19791666666666669,1.21735341279271,0.7777777777777778,0.75,27,36,363.9407820645069,fb367cc0d79aa8d9c98eb2a529262d3fdb12211bf1a4b9a1df875515bb387ab8,f000d324411431a807bac72657424c44472cc457a2b2f856442e941850c00046,0.2723146747352496,0.5763442385274835,,2494.488064075798,9795,1.0,0.18088825538005462,fixed_ring,1.0,0.055460016890748205,0.32821955370650524,897d0ce867738a80a85232ea,6.6110619429999815,storm,7002,24bfb8b9aac5b87f9f268595cf4462964bd3a01da9d8089f51ed740d780fee86,0,0.030509329299041852
,0.22907211296016136,0.0,103.74633604387292,0,0.0002521432173474533,0.3116220875197521,0.45469301563287934,0.6686838124054463,0.11458333333333333,1.204825608507524,0.8055555555555556,0.75,27,36,363.92384412990754,12c2676d5d2da4bfdacb5c9a6312d12b90a39b080a71ade938e7b16bbaabf086,f000d324411431a807bac72657424c44472cc457a2b2f856442e941850c00046,0.23903177004538578,0.5748865355521936,,2494.421682094902,8172,1.0,0.2366423536559102,fixed_ring,1.0,0.07511751382528024,0.3113889939485627,882f23041a3be4515bb40459,5.27350649899995,storm,7019,24bfb8b9aac5b87f9f268595cf4462964bd3a01da9d8089f51ed740d780fee86,0,0.11875945537065052
,0.1829141452344932,0.0,86.44040752647504,0,0.0,0.36202867621062207,0.5351660993444276,0.6096822995461422,0.21354166666666666,1.2136695262545705,0.8055555555555556,0.75,27,36,363.9346208494508,ac5fa5d877e58450b21b5619aadcad71ab1db9e7cd210fd1cd516ef4a934c028,f000d324411431a807bac72657424c44472cc457a2b2f856442e941850c00046,0.2874432677760968,0.6263946671709529,,2494.7954656940346,9706,1.0,0.3790347984438197,fixed_ring,1.0,0.053645220697096076,0.3620382627332324,f8266b3626ba44aed3ad38bd,13.294558901000073,storm,7014,24bfb8b9aac5b87f9f268595cf4462964bd3a01da9d8089f51ed740d780fee86,0,0.04614220877458396
51,0.024922220993375457,0.0,25.0243068141671,0,0.0,0.5027442650055655,0.8302883366951149,0.06656580937972768,0.5521668385928034,8.071983283984357,0.9714285714285714,0.9714285714285714,34,35,464.32426292299647,0eaaad553c80db6664d9a551f5b55b53a649071324c5a65ea020b06da777986c,f000d324411431a807bac72657424c44472cc457a2b2f856442e941850c00046,0.7034795763993948,0.8505473296339321,1.7,1632.903399704171,16348,1.0,0.36348269173123404,recruitment,1.0,0.08830637666178849,0.5017293165088925,62c39fa5c29f131823f8d73c,15.892118055000083,moving_front,7001,24bfb8b9aac5b87f9f268595cf4462964bd3a01da9d8089f51ed740d780fee86,51,0.007312153303076147
,0.062267428745097456,0.0,35.30448217402082,0,0.0,0.5174448275072567,0.8132705557034801,0.0529500756429652,0.5986214195558861,45.81293980468023,0.9444444444444444,0.9444444444444444,34,36,2293.6758079827428,7fc013544a2434726446cf0cb1c220e784a923ebb4fc53407d1bf1d9ae765b5f,f000d324411431a807bac72657424c44472cc457a2b2f856442e941850c00046,0.6838124054462935,0.8381242800799159,,945.9508794539306,15882,1.0,0.24869070431305287,adaptive,1.0,0.10389614015460642,0.518105993029805,459092483669fdb2d31189b4,10.562564458999987,moving_front,7019,24bfb8b9aac5b87f9f268595cf4462964bd3a01da9d8089f51ed740d780fee86,5,0.004286434694906706
0,0.048647143714922673,0.0,35.82646048713063,0,0.0,0.4603682683990737,0.7845958957413212,0.07261724659606657,0.5395397926915453,2.3442153906961667,0.9444444444444444,0.9166666666666666,33,36,409.26686507145587,5c27fd92e06c33f2542baf1700cf25e04b52092d15caab1ec4dc802b1a93834e,f000d324411431a807bac72657424c44472cc457a2b2f856442e941850c00046,0.6550680786686838,0.8081910007224544,0.0,2246.3470741359006,15758,1.0,0.23909971196577348,static_tuned,1.0,0.08500990456523433,0.46014615061110065,8c2e234b2055f8736c06a85f,5.9052468029999545,moving_front,7010,24bfb8b9aac5b87f9f268595cf4462964bd3a01da9d8089f51ed740d780fee86,0,0.00605143721633888
34,0.2122100353000504,0.0,92.36691565809379,0,0.0,0.31942506603364895,0.5474108043368633,0.6459909228441755,0.265625,10.611364160970938,0.75,0.75,27,36,477.61886059450416,6ef10a6f8528f48913779ce02125f8ae67ac504fa24b04f7d539448adf330dc7,f000d324411431a807bac72657424c44472cc457a2b2f856442e941850c00046,0.3615733736762481,0.5820410993444276,3.316666666666667,1538.7299741854008,12236,1.0,0.3476093918422658,deadline_fusion,1.0,0.07818974258421706,0.3194812153303076,ba3ee53c60611aa85a32bf7c,49.94410577000008,storm,7012,24bfb8b9aac5b87f9f268595cf4462964bd3a01da9d8089f51ed740d780fee86,34,0.0113464447806354
8,0.01327691628845184,0.0,23.845735627836607,0,0.0,0.42393222993350854,0.8072365103378718,0.0,0.6666666666666666,3.6111788970156193,0.9722222222222222,0.9444444444444444,34,36,396.56472104067564,7bba1255199adfdb1a1ba0c529b8275f13780540abed81a608a55c16f4b1390f,f000d324411431a807bac72657424c44472cc457a2b2f856442e941850c00046,0.9334341906202723,0.8146510968229954,0.8,2162.259595100893,19384,1.0,0.4387861910848193,fungal,0.9576399394856279,0.18565541985814102,0.42319875189107414,63088c191235d5d8b6b52852,14.993617966999864,sensor_fault,7003,24bfb8b9aac5b87f9f268595cf4462964bd3a01da9d8089f51ed740d780fee86,8,0.0
0,0.014860690872415531,0.0,28.278019415027735,0,0.0,0.42139811581644687,0.7820694654563791,0.0226928895612708,0.6458333333333333,2.3585461607361085,1.0,1.0,36,36,408.83074233378363,fded3c51bb367e0df8af6f8249b634fefe0cc389845c26618e90a9b29d9c3139,f000d324411431a807bac72657424c44472cc457a2b2f856442e941850c00046,0.7609682299546142,0.7977181038830055,0.0,2246.9511810514196,16285,1.0,0.362329120023661,static_tuned,0.9649520927887039,0.16519447136981544,0.4219222768532526,adec7ef069261fe3a945a264,7.883623452999927,sensor_fault,7017,24bfb8b9aac5b87f9f268595cf4462964bd3a01da9d8089f51ed740d780fee86,0,0.0005042864346949066
15,0.20500031517902165,0.0,92.87577218860312,0,0.0,0.3350147028475112,0.5232050554715078,0.653555219364599,0.23958333333333331,6.05774757005025,0.8611111111111112,0.8611111111111112,31,36,424.9830773518052,20cbee7be12f3041b6f80dfbab6cf06c7cd24e2dceeb098a373acea1952196d8,f000d324411431a807bac72657424c44472cc457a2b2f856442e941850c00046,0.264750378214826,0.5961217221381744,1.5,2077.5634604839906,9364,1.0,0.39550602813252733,fungal,1.0,0.046301122433681584,0.335358358547655,962b8c1d99b620b06ba4089f,14.243531708999853,storm,7018,24bfb8b9aac5b87f9f268595cf4462964bd3a01da9d8089f51ed740d780fee86,15,0.023701462430660614
28,0.2101062153303076,0.0,92.99179746596067,0,0.0,0.337805328969299,0.5260574256177508,0.6550680786686838,0.24479166666666663,8.369028179705396,0.8888888888888888,0.8888888888888888,32,36,444.9464803228451,20cbee7be12f3041b6f80dfbab6cf06c7cd24e2dceeb098a373acea1952196d8,f000d324411431a807bac72657424c44472cc457a2b2f856442e941850c00046,0.2556732223903177,0.6008494074634391,2.783333333333333,1457.9024940878137,9576,1.0,0.3970143415002084,deadline_fusion,1.0,0.04928036110606202,0.33773008068582955,95a1c29660bd74c25092d77a,38.13060352899993,storm,7018,24bfb8b9aac5b87f9f268595cf4462964bd3a01da9d8089f51ed740d780fee86,28,0.027735753908219873
25,0.019722327281896115,0.0,30.605892271810383,0,0.0,0.40715628728577385,0.762780509329299,0.030257186081694403,0.6510416666666665,3.2381146816678483,1.0,1.0,36,36,381.1911724436379,c0265f2f5da1b8f1e6334a7d1da15d24852be86831d4583cf0a020b238d73be2,f000d324411431a807bac72657424c44472cc457a2b2f856442e941850c00046,0.7594553706505295,0.7866868381240545,0.8333333333333334,2185.1454299480324,16170,1.0,0.26198570257462805,greedy_sparse,0.9581442259203227,0.17253586998587592,0.4067700453857791,996bc381ea612591cdf8604c,19.56945930599977,sensor_fault,7010,24bfb8b9aac5b87f9f268595cf4462964bd3a01da9d8089f51ed740d780fee86,25,0.004034291477559253
36,0.042667360060514366,0.0,33.71651222894604,0,0.0,0.4353715157048468,0.783164712556732,0.007564296520423601,0.6718749999999999,5.940537247598516,0.9166666666666666,0.9166666666666666,33,36,400.05799217203383,5f8536aad221b558feae01abd9e48012ffd43f0d986448ef31076303591affbe,f000d324411431a807bac72657424c44472cc457a2b2f856442e941850c00046,0.7851739788199698,0.7965913388804842,3.5166666666666666,2168.5809413576776,16432,0.9989914271306103,0.4906070815117328,economic,0.9583963691376702,0.2010471153669517,0.43363905698436706,b50758339de5aaea47b0f83f,15.711378243000127,sensor_fault,7000,24bfb8b9aac5b87f9f268595cf4462964bd3a01da9d8089f51ed740d780fee86,36,0.0005042864346949066
,0.21106751134644477,0.0,99.51836705748866,0,0.0,0.3459920341807042,0.4627379601613716,0.6611195158850227,0.109375,16.455314478180032,0.7222222222222222,0.6666666666666666,24,36,905.0242964116101,5f8536aad221b558feae01abd9e48012ffd43f0d986448ef31076303591affbe,f000d324411431a807bac72657424c44472cc457a2b2f856442e941850c00046,0.2481089258698941,0.5988795385779122,,1991.130070034787,8147,1.0,0.2805797715283973,adaptive,1.0,0.05562268629440855,0.34647629853756934,f64ecfc73bfdac6166115399,10.712716413999942,storm,7000,24bfb8b9aac5b87f9f268595cf4462964bd3a01da9d8089f51ed740d780fee86,17,0.1517902168431669
50,0.038810145124929384,0.0,28.059710051972793,0,0.0,0.5167082183259754,0.8386679326502304,0.05143721633888049,0.6297524241125912,12.450884587674324,0.9166666666666666,0.9166666666666666,33,36,492.4896647297661,4359898ad5beb32bbf1d8eff13ccc594cdb32a36c3aec06531a94f326fed618b,f000d324411431a807bac72657424c44472cc457a2b2f856442e941850c00046,0.5491679273827534,0.862708451255678,5.0,1394.0246142384337,14210,1.0,0.23114098017036178,deadline_fusion,1.0,0.09959750063817718,0.5159482308604488,a2a215caecb76bd3402b2136,42.07583261500008,moving_front,7007,24bfb8b9aac5b87f9f268595cf4462964bd3a01da9d8089f51ed740d780fee86,50,0.0007564296520423601
,0.2424672213817448,0.0,107.97694465456378,0,0.0002521432173474533,0.31550187093183446,0.4376969868885527,0.6747352496217852,0.10416666666666666,1.2306535819522106,0.6666666666666666,0.6111111111111112,22,36,363.939586983202,c0265f2f5da1b8f1e6334a7d1da15d24852be86831d4583cf0a020b238d73be2,f000d324411431a807bac72657424c44472cc457a2b2f856442e941850c00046,0.24205748865355523,0.5581505295007564,,2494.4356430622547,8319,1.0,0.23817995720987373,fixed_ring,1.0,0.06859369964447286,0.314989914271306,a58b0a52c85836145a7fbf81,4.618899473000056,storm,7010,24bfb8b9aac5b87f9f268595cf4462964bd3a01da9d8089f51ed740d780fee86,0,0.11749873928391324
24,0.013347831568330814,0.0,28.139774016641454,0,0.0,0.4277736015603539,0.7801941502773574,0.018154311649016642,0.6302083333333333,3.1474834894354253,1.0,1.0,36,36,382.4474170161537,fded3c51bb367e0df8af6f8249b634fefe0cc389845c26618e90a9b29d9c3139,f000d324411431a807bac72657424c44472cc457a2b2f856442e941850c00046,0.6777609682299546,0.799798285426122,0.8,2232.225437988068,15308,1.0,0.36243643992431124,recruitment,0.9619263741805344,0.16515166781880025,0.4281155446293495,de1a09a4eeb8bf309f527b55,17.336488761000055,sensor_fault,7017,24bfb8b9aac5b87f9f268595cf4462964bd3a01da9d8089f51ed740d780fee86,24,0.0005042864346949066
24,0.2049845562279374,0.0,92.8087572491175,0,0.0,0.32071205790197793,0.5250173348461927,0.6414523449319214,0.21875,7.61222255056415,0.7777777777777778,0.7777777777777778,28,36,434.31445681048524,61fbc2c3c47ea0b2f394bf19d5d944ff33916305affd279efd1232b2237e443b,f000d324411431a807bac72657424c44472cc457a2b2f856442e941850c00046,0.31316187594553707,0.5870366868381239,2.4,1720.76451267217,10883,1.0,0.325332930164375,fungal,1.0,0.07833419352310192,0.3207892082702975,b5ced4e3a62bfdcab3f71276,14.88995108500012,storm,7008,24bfb8b9aac5b87f9f268595cf4462964bd3a01da9d8089f51ed740d780fee86,24,0.024962178517397883
53,0.030813868738470217,0.0,21.94794158902965,0,0.0,0.5558076988805551,0.8771719408942887,0.019667170953101363,0.6865963763384919,8.929040178026051,0.9722222222222222,0.9722222222222222,35,36,476.86254813746183,358f3d3ac5e4c7943da7c4ded7230c7e4afe2570f3a3d3555871e5543b789f00,f000d324411431a807bac72657424c44472cc457a2b2f856442e941850c00046,0.697428139183056,0.885268864378359,1.7666666666666666,1590.5007795525466,16854,1.0,0.38921651849082595,recruitment,1.0,0.1470632140762104,0.5553201182327919,4525836a3c3336324042b403,17.56692182500001,moving_front,7014,24bfb8b9aac5b87f9f268595cf4462964bd3a01da9d8089f51ed740d780fee86,53,0.0
43,0.20855395864851234,0.0,96.92519225920321,0,0.0002521432173474533,0.3222569469771552,0.48969364599092274,0.6626323751891074,0.13020833333333331,9.289458048279812,0.7777777777777778,0.7222222222222222,26,36,441.45358777282,b9aa9c192ff362205c201c037cc4f3c7c2aba8b7e0c4fd0ef068255fea54f756,f000d324411431a807bac72657424c44472cc457a2b2f856442e941850c00046,0.2753403933434191,0.5807725037821481,4.283333333333333,1787.5422858114707,9320,1.0,0.2283969326637769,economic,1.0,0.0369143317145703,0.32226267019667165,7d9724768544b069e0c357ae,13.358971417999896,storm,7007,24bfb8b9aac5b87f9f268595cf4462964bd3a01da9d8089f51ed740d780fee86,43,0.078416540595058
0,0.04356148308291129,0.0,31.99042553316084,0,0.0,0.4936707973101278,0.8119158553389596,0.06959152798789713,0.5514125141744839,2.341845714895275,0.9444444444444444,0.9444444444444444,34,36,409.2046978641839,a045df01d14234cb96176801d87713dde0c5b1030233001228c3094e00dd4a73,f000d324411431a807bac72657424c44472cc457a2b2f856442e941850c00046,0.7534039334341907,0.8212873886573363,0.0,2245.794445932827,17199,1.0,0.24113412559844974,static_tuned,1.0,0.09761973181673589,0.4952593214181178,f6ad64e9b8adc392a332a076,6.003542499000105,moving_front,7011,24bfb8b9aac5b87f9f268595cf4462964bd3a01da9d8089f51ed740d780fee86,0,0.0
,0.07279121063194066,0.0,38.35817839359446,0,0.0,0.519612015883059,0.81117055830749,0.04084720121028744,0.6018646211240435,41.71603838095005,0.9722222222222222,0.9722222222222222,35,36,2072.3486246712732,33909bb95a53710954872d70bc5591af92a450651324e9fef7a21e0a1cd4da1e,f000d324411431a807bac72657424c44472cc457a2b2f856442e941850c00046,0.7382753403933434,0.8207970580945102,,959.7894553448182,17127,1.0,0.23640673097586012,adaptive,1.0,0.05618343557948818,0.5212176438538458,1c36c88609ab49c3297aeaa9,9.273018262999813,moving_front,7004,24bfb8b9aac5b87f9f268595cf4462964bd3a01da9d8089f51ed740d780fee86,10,0.0
,0.0557202579738048,0.0,33.29418464755126,0,0.0,0.5106676558874453,0.8208366902181092,0.04236006051437216,0.5988954704094156,40.806335890706386,0.9444444444444444,0.9444444444444444,34,36,2073.589002780999,ddbf34503eff23fbcd394039890145ec197c5f33f339d9222c1ea54ac42702a6,f000d324411431a807bac72657424c44472cc457a2b2f856442e941850c00046,0.7881996974281392,0.8290868041493004,,934.0744593799201,17887,1.0,0.23575972418923408,adaptive,1.0,0.09501099554777809,0.5091517438943997,1040f7c978b03ba97907f0b9,11.260482045000117,moving_front,7003,24bfb8b9aac5b87f9f268595cf4462964bd3a01da9d8089f51ed740d780fee86,6,0.0
,0.031478504790721125,0.0,32.82364945789208,0,0.0,0.42624713407481674,0.7703684442763489,0.0,0.65625,0.8742047925325658,0.9444444444444444,0.9444444444444444,34,36,363.4220800284325,61fbc2c3c47ea0b2f394bf19d5d944ff33916305affd279efd1232b2237e443b,f000d324411431a807bac72657424c44472cc457a2b2f856442e941850c00046,0.7549167927382754,0.7864425743822488,,2496.648570104255,16186,1.0,0.48599572347713843,fixed_ring,0.9536056480080685,0.20146327933000177,0.42647661371659096,7b715e4ef1d7aceecc58d9a8,4.759478570999818,sensor_fault,7008,24bfb8b9aac5b87f9f268595cf4462964bd3a01da9d8089f51ed740d780fee86,0,0.0
,0.02155036560766515,0.0,31.442456190115983,0,0.0,0.4155103021310013,0.7716606782652546,0.0015128593040847202,0.6822916666666666,0.9097252225183037,0.9444444444444444,0.9444444444444444,34,36,363.43476179170125,1ffbd60f44c9f81edacbd6236060262a241240e41dabbe8776c51fac2266503a,f000d324411431a807bac72657424c44472cc457a2b2f856442e941850c00046,0.7549167927382754,0.7834483736762481,,2496.7555652072747,16295,1.0,0.29150916083150447,fixed_ring,1.0,0.15262294903198295,0.41547686585980825,07b258ed0c0b4918a0d81c7c,5.905427622999923,sensor_fault,7004,24bfb8b9aac5b87f9f268595cf4462964bd3a01da9d8089f51ed740d780fee86,0,0.0
16,0.03412600857286938,0.0,32.752025025214316,0,0.0,0.42115531727328503,0.7715897629853756,0.0045385779122541605,0.6510416666666666,5.266360680886991,0.9722222222222222,0.9722222222222222,35,36,408.65800254860375,b549dfc41676c63078393edb7074f42e4f0927a271f4a7ecca93c1f6bdaa8078,f000d324411431a807bac72657424c44472cc457a2b2f856442e941850c00046,0.7095310136157338,0.790374432677761,1.6,2126.191789366646,15519,1.0,0.41950148451455566,deadline_fusion,0.9609178013111447,0.16782796661832053,0.42114220877458386,49813e59705ef6c9a65a26d4,45.52824742800021,sensor_fault,7015,24bfb8b9aac5b87f9f268595cf4462964bd3a01da9d8089f51ed740d780fee86,16,0.0012607160867372667
30,0.20244736510337868,0.0,93.41768311901158,0,0.0,0.33537657220749395,0.5172718103883005,0.6459909228441755,0.20312499999999997,9.17682740547078,0.7777777777777778,0.7222222222222222,26,36,450.02231500117114,5f8536aad221b558feae01abd9e48012ffd43f0d986448ef31076303591affbe,f000d324411431a807bac72657424c44472cc457a2b2f856442e941850c00046,0.2632375189107413,0.5933481467473524,2.933333333333333,1586.9389205323087,9484,1.0,0.28121718330937595,deadline_fusion,1.0,0.05210901121645128,0.33475951840645485,da4485b7526ad0de2b88162d,47.06750704499996,storm,7000,24bfb8b9aac5b87f9f268595cf4462964bd3a01da9d8089f51ed740d780fee86,30,0.03530005042864347
31,0.010708207261724658,0.0,23.3477921709531,0,0.0,0.42268717936238426,0.8079456631366615,0.0045385779122541605,0.6875,3.855532630868457,1.0,1.0,35,35,384.0753109723371,9b5a428363b62ad024a6d518c6bdc283191d1cf8739502f5298786104f688bf6,f000d324411431a807bac72657424c44472cc457a2b2f856442e941850c00046,0.8880484114977307,0.8228851487644981,1.0166666666666666,2153.353075086751,18354,1.0,0.4902375357868105,greedy_sparse,0.95940494200706,0.18385087170030676,0.42219805849722636,6ee665e7bbb50386bef9e0bb,18.874828598000022,sensor_fault,7001,24bfb8b9aac5b87f9f268595cf4462964bd3a01da9d8089f51ed740d780fee86,31,0.0020171457387796266
52,0.03407317043740037,0.0,21.87854669288233,0,0.0,0.5650742898219226,0.8864783926848818,0.0045385779122541605,0.7210974740413091,12.744608102240218,1.0,1.0,36,36,509.11465405429874,358f3d3ac5e4c7943da7c4ded7230c7e4afe2570f3a3d3555871e5543b789f00,f000d324411431a807bac72657424c44472cc457a2b2f856442e941850c00046,0.7367624810892587,0.8936191517695387,5.133333333333334,1513.7939004404918,17329,1.0,0.391479529557775,deadline_fusion,1.0,0.1503871569340476,0.5637918763444189,f905405e50ec7e04eeb906fd,47.94505216100015,moving_front,7014,24bfb8b9aac5b87f9f268595cf4462964bd3a01da9d8089f51ed740d780fee86,52,0.0
19,0.014852811396873422,0.0,20.212194276348967,0,0.0,0.4662524714907402,0.8545054841149773,0.0,0.7760416666666666,6.652003015265878,0.9722222222222222,0.9722222222222222,35,36,424.9151511176053,ac5fa5d877e58450b21b5619aadcad71ab1db9e7cd210fd1cd516ef4a934c028,f000d324411431a807bac72657424c44472cc457a2b2f856442e941850c00046,0.9364599092284418,0.8602811396873423,1.9,1995.594193678885,19475,1.0,0.4292441299170179,fungal,1.0,0.20096722714653867,0.4655588124054463,23abc5aaf21400b997c35c78,35.64245080499995,sensor_fault,7014,24bfb8b9aac5b87f9f268595cf4462964bd3a01da9d8089f51ed740d780fee86,19,0.0
45,0.023820179839859974,0.0,23.67435810718441,0,0.0,0.5055409670226717,0.837452204527931,0.04387291981845688,0.5627136120821571,11.542943518288034,0.9428571428571428,0.9428571428571428,33,35,495.07855870841473,0eaaad553c80db6664d9a551f5b55b53a649071324c5a65ea020b06da777986c,f000d324411431a807bac72657424c44472cc457a2b2f856442e941850c00046,0.7307110438729199,0.8559344341552383,4.466666666666667,1502.2548185694322,16681,1.0,0.360136741502461,fungal,1.0,0.08063444348930912,0.505057697112508,7a2d23f1138284a9de0de376,15.568998416999875,moving_front,7001,24bfb8b9aac5b87f9f268595cf4462964bd3a01da9d8089f51ed740d780fee86,45,0.007564296520423601
24,0.010416666666666668,0.0,23.091078857791224,0,0.0,0.42422272412249035,0.8093876071608672,0.0045385779122541605,0.6927083333333333,3.435768095897341,0.9714285714285714,0.9714285714285714,34,35,384.4296201300842,9b5a428363b62ad024a6d518c6bdc283191d1cf8739502f5298786104f688bf6,f000d324411431a807bac72657424c44472cc457a2b2f856442e941850c00046,0.8835098335854765,0.8240591906202721,0.7833333333333333,2118.98937046112,18284,1.0,0.4902229538287009,recruitment,0.9606656580937972,0.18426531945260788,0.4233721003530004,12e25d4daff207d5857e3be0,18.588142150000294,sensor_fault,7001,24bfb8b9aac5b87f9f268595cf4462964bd3a01da9d8089f51ed740d780fee86,24,0.0020171457387796266
,0.21904942007060008,0.0,99.03137607160866,0,0.0,0.3248120062889049,0.4858327029752899,0.653555219364599,0.15104166666666669,1.1739236555669492,0.6666666666666666,0.6666666666666666,24,36,363.9135473067628,61fbc2c3c47ea0b2f394bf19d5d944ff33916305affd279efd1232b2237e443b,f000d324411431a807bac72657424c44472cc457a2b2f856442e941850c00046,0.2783661119515885,0.57681700706001,,2493.5679254390748,9355,1.0,0.3250490654467232,fixed_ring,1.0,0.07768765228695731,0.3242955748865355,47796d9e7c11f7cd4be8ac2f,5.2079470040000615,storm,7008,24bfb8b9aac5b87f9f268595cf4462964bd3a01da9d8089f51ed740d780fee86,0,0.07211296016137164
,0.027223994885752487,0.0,26.700926121307262,0,0.0,0.5177489343177347,0.8326664948341866,0.04236006051437216,0.5949086886283415,0.921727273221914,0.9166666666666666,0.9166666666666666,33,36,363.81338649239086,3112fe2c83524b2f2e2f68f6ce520bfc1f93a616346ad692daac26f7b11e5a4b,f000d324411431a807bac72657424c44472cc457a2b2f856442e941850c00046,0.5658093797276853,0.8544463020818616,,2496.2168253026653,14112,1.0,0.3126402831092042,fixed_ring,1.0,0.11102128111436774,0.5174474771188656,dcaf6ebc11bc4314b7ce1359,5.7410016470000755,moving_front,7005,24bfb8b9aac5b87f9f268595cf4462964bd3a01da9d8089f51ed740d780fee86,0,0.004790721129601613
41,0.21756019919314168,0.0,97.14597516389307,0,0.0,0.3109713460352605,0.511756177508825,0.6384266263237519,0.19270833333333331,10.204534697200481,0.7222222222222222,0.6944444444444444,25,36,455.82445442017354,7566b3dd58ba1b4b73cead9a88da4a0d93430742ea574afa5e3d674dbfd7a1c5,f000d324411431a807bac72657424c44472cc457a2b2f856442e941850c00046,0.3010590015128593,0.5688744957135653,4.1,1903.8790700434224,10633,1.0,0.18951046863243443,economic,1.0,0.0627200204218597,0.31086106908724154,c553bd24bde10d6abf777412,25.784425678999924,storm,7013,24bfb8b9aac5b87f9f268595cf4462964bd3a01da9d8089f51ed740d780fee86,41,0.025214321734745332
23,0.03263678769541099,0.0,34.12041414523449,0,0.0,0.3820681601933726,0.7593608169440241,0.01361573373676248,0.6302083333333333,2.930461978620207,0.9444444444444444,0.9444444444444444,34,36,379.44840948446904,5772c05e39ffe56db9fe4d550c615751b591862ac0732ff00bde5b9c136479f3,f000d324411431a807bac72657424c44472cc457a2b2f856442e941850c00046,0.773071104387292,0.7766326273323247,0.7833333333333333,2240.1540768678265,16283,1.0,0.4944605733647182,recruitment,0.8908219868885526,0.19247856678470607,0.3842426248108925,d5767fb9b0940f5477e64cf1,14.087742872000035,sensor_fault,7006,24bfb8b9aac5b87f9f268595cf4462964bd3a01da9d8089f51ed740d780fee86,23,0.0
,0.06183762093989991,0.0,33.3815647502199,0,0.0,0.5220371169518062,0.8253950508460624,0.025718608169440244,0.6451426217488694,39.6927439308502,1.0,1.0,36,36,2003.597346691166,5e29696557cda66a921641f993e950ae2ed95f14de01a827d8e1fe0231f9c807,f000d324411431a807bac72657424c44472cc457a2b2f856442e941850c00046,0.8214826021180031,0.8354428908250904,,931.3037897836532,18269,1.0,0.20081397148896374,adaptive,1.0,0.07123699295727404,0.5215136963231485,f2a46209fb051bcd782f5fae,8.593649164999988,moving_front,7016,24bfb8b9aac5b87f9f268595cf4462964bd3a01da9d8089f51ed740d780fee86,8,0.0
,0.18457671457387795,0.0,91.97191754916793,0,0.0,0.328601870195441,0.5039554967221381,0.6354009077155824,0.18229166666666666,19.7761789740168,0.7428571428571429,0.7142857142857143,25,35,1032.447630779069,9b5a428363b62ad024a6d518c6bdc283191d1cf8739502f5298786104f688bf6,f000d324411431a807bac72657424c44472cc457a2b2f856442e941850c00046,0.24508320726172467,0.5887544125063036,,1918.892584729827,9049,1.0,0.36899774083014997,adaptive,1.0,0.08249344713389992,0.3280934820978315,5d7740f53d15325d2a970991,9.258212672000013,storm,7001,24bfb8b9aac5b87f9f268595cf4462964bd3a01da9d8089f51ed740d780fee86,19,0.04664649520927886
,0.027326021180030254,0.0,33.3392035426122,0,0.0,0.4210811133122449,0.7557362581946545,0.024205748865355523,0.6354166666666665,1.16557598665155,0.9444444444444444,0.9444444444444444,34,36,363.5782375527266,b9aa9c192ff362205c201c037cc4f3c7c2aba8b7e0c4fd0ef068255fea54f756,f000d324411431a807bac72657424c44472cc457a2b2f856442e941850c00046,0.5385779122541604,0.7834404942007059,,2481.8764150741313,13433,1.0,0.39518032060322594,adaptive,0.953857791225416,0.17673232707263578,0.4203306227937468,05e5ccc3d295fa13de422440,7.0330726389997835,sensor_fault,7007,24bfb8b9aac5b87f9f268595cf4462964bd3a01da9d8089f51ed740d780fee86,17,0.0020171457387796266
53,0.044366663242092125,0.0,29.445106347907483,0,0.0,0.5017860603846382,0.8297378252833189,0.01664145234493192,0.638644882085101,11.799054487728053,0.9444444444444444,0.9444444444444444,34,36,490.86255872213724,5b23548e342cd0e105b412e1f6ff973e8f388f6fbedb3fc9e75b3089b159ddd9,f000d324411431a807bac72657424c44472cc457a2b2f856442e941850c00046,0.7685325264750378,0.8433742881113703,5.25,1562.1901921357417,17359,1.0,0.18651391348503513,economic,1.0,0.08762457287637442,0.5014042962794848,ee76d9f6b61defa7e8171c62,15.320113073999892,moving_front,7002,24bfb8b9aac5b87f9f268595cf4462964bd3a01da9d8089f51ed740d780fee86,53,0.0
49,0.024662007467579787,0.0,21.706329738207167,0,0.0,0.5512749790273366,0.8681598104074809,0.030257186081694403,0.6703519141857313,11.231378732390457,1.0,1.0,36,36,489.90585321696415,3112fe2c83524b2f2e2f68f6ce520bfc1f93a616346ad692daac26f7b11e5a4b,f000d324411431a807bac72657424c44472cc457a2b2f856442e941850c00046,0.680786686838124,0.8850860180461575,4.866666666666666,1430.1788899910593,15728,1.0,0.30724236486871015,economic,1.0,0.06670053195731859,0.5529662193619335,9f22037b3b8d956f76b02fc0,14.535145434000015,moving_front,7005,24bfb8b9aac5b87f9f268595cf4462964bd3a01da9d8089f51ed740d780fee86,49,0.0027735753908219867
,0.015617120524457889,0.0,24.809868255168936,0,0.0,0.4449253783777812,0.8119641956631366,0.0030257186081694403,0.7135416666666665,0.9208168968585132,0.9722222222222222,0.9722222222222222,35,36,363.43993596201733,e5eb0adce92def657b42daaff1168729498af6b7f7eacaec91555308393fbb04,f000d324411431a807bac72657424c44472cc457a2b2f856442e941850c00046,0.6263237518910741,0.8299136409480583,,2496.7146585008295,14705,1.0,0.41879770635159586,fixed_ring,0.8908219868885526,0.20628995738355752,0.44474123802319726,d34686cbf3c9c91318a670b5,4.843977472999995,sensor_fault,7005,24bfb8b9aac5b87f9f268595cf4462964bd3a01da9d8089f51ed740d780fee86,0,0.0002521432173474533
4,0.029398323247604635,0.0,32.75210381996974,0,0.0,0.41106178937616716,0.767240292486132,0.0045385779122541605,0.671875,2.335729660665155,0.9722222222222222,0.9722222222222222,35,36,383.9689880176433,fb367cc0d79aa8d9c98eb2a529262d3fdb12211bf1a4b9a1df875515bb387ab8,f000d324411431a807bac72657424c44472cc457a2b2f856442e941850c00046,0.8880484114977307,0.7774048159354512,0.4,2194.213032686607,18972,1.0,0.35322242126461945,fungal,1.0,0.16828247183313688,0.41122194906707005,84495a1c8443bec45b6e43b2,16.911636712000018,sensor_fault,7002,24bfb8b9aac5b87f9f268595cf4462964bd3a01da9d8089f51ed740d780fee86,4,0.0
55,0.041719633170108635,0.0,28.77419061813868,0,0.0,0.5262219005870863,0.8330983713184514,0.04387291981845688,0.6161508752516841,8.812838022676551,0.9444444444444444,0.9444444444444444,34,36,474.86360142264687,a045df01d14234cb96176801d87713dde0c5b1030233001228c3094e00dd4a73,f000d324411431a807bac72657424c44472cc457a2b2f856442e941850c00046,0.6520423600605144,0.8461777131597149,1.8333333333333333,1440.5225436620465,15718,1.0,0.24163111804828982,recruitment,1.0,0.093119389188321,0.5267625324802787,8d7ff087b7cd4118e1d4dc89,16.30540783499987,moving_front,7011,24bfb8b9aac5b87f9f268595cf4462964bd3a01da9d8089f51ed740d780fee86,55,0.0
,0.051622282282439556,0.0,33.350053249029116,0,0.0,0.5045235781803973,0.8049800411904443,0.059001512859304085,0.556449271342728,35.14591628419008,0.9142857142857143,0.9142857142857143,32,35,1797.9316983162848,0eaaad553c80db6664d9a551f5b55b53a649071324c5a65ea020b06da777986c,f000d324411431a807bac72657424c44472cc457a2b2f856442e941850c00046,0.7760968229954615,0.8246807327490558,,964.4813231698622,17239,1.0,0.35944924045325266,adaptive,1.0,0.07030066594581973,0.5049440757585835,ac827885837a0d7864cfe908,8.539162647000012,moving_front,7001,24bfb8b9aac5b87f9f268595cf4462964bd3a01da9d8089f51ed740d780fee86,5,0.007564296520423601
0,0.03654903322492666,0.0,31.24807207731514,0,0.0,0.46275486076980293,0.8039774779530556,0.06656580937972768,0.5437180446688985,2.3443137446374234,0.9444444444444444,0.9444444444444444,34,36,409.288028215319,ddbf34503eff23fbcd394039890145ec197c5f33f339d9222c1ea54ac42702a6,f000d324411431a807bac72657424c44472cc457a2b2f856442e941850c00046,0.8063540090771558,0.8130052723055968,0.0,2244.962353414611,18064,1.0,0.24784769700498502,static_tuned,1.0,0.08682811788341878,0.4633526615329921,f2920b0af8330f064f005540,6.8076996190000045,moving_front,7003,24bfb8b9aac5b87f9f268595cf4462964bd3a01da9d8089f51ed740d780fee86,0,0.0
27,0.031636094301563285,0.0,32.155785110943015,0,0.0,0.4094771301027562,0.7745366868381239,0.0015128593040847202,0.6770833333333333,3.1968615842834507,0.9166666666666666,0.9166666666666666,33,36,382.2848209642266,7566b3dd58ba1b4b73cead9a88da4a0d93430742ea574afa5e3d674dbfd7a1c5,f000d324411431a807bac72657424c44472cc457a2b2f856442e941850c00046,0.859304084720121,0.7854340015128594,0.9166666666666666,2150.5758880259773,18108,0.9639435199193143,0.4651528058416571,greedy_sparse,0.9531013615733737,0.1905198362565516,0.4071167423096318,f01ad905063ce83dcb768206,18.84066030699978,sensor_fault,7013,24bfb8b9aac5b87f9f268595cf4462964bd3a01da9d8089f51ed740d780fee86,27,0.0
26,0.20730112203731713,0.0,96.58129254916791,0,0.0002521432173474533,0.32127310364525136,0.4885038451840645,0.6641452344931922,0.13020833333333331,8.816248909030064,0.7777777777777778,0.7222222222222222,26,36,465.75627708129036,b9aa9c192ff362205c201c037cc4f3c7c2aba8b7e0c4fd0ef068255fea54f756,f000d324411431a807bac72657424c44472cc457a2b2f856442e941850c00046,0.27987897125567324,0.5840267271810388,2.5833333333333335,1963.6915689922819,9342,1.0,0.22782502920446887,fungal,1.0,0.03519981966385366,0.32193961169944524,289f22f01e750fb11de3d9be,14.583160232000068,storm,7007,24bfb8b9aac5b87f9f268595cf4462964bd3a01da9d8089f51ed740d780fee86,26,0.07513867876954108
56,0.040007796776065155,0.0,30.885507264413175,0,0.0,0.4902997276958801,0.8057638183074044,0.07261724659606657,0.5431858627981601,9.239690200213644,0.8888888888888888,0.8888888888888888,32,36,482.9405298344984,897c3ea0ca4def7c92d6c5bc4c681216da15d36377736736da162a96b99c0650,f000d324411431a807bac72657424c44472cc457a2b2f856442e941850c00046,0.5340393343419062,0.8377851025122427,1.8666666666666667,1530.778358872392,13411,1.0,0.32886654671121907,greedy_sparse,1.0,0.08750559889054355,0.4906349213906238,3f920db6a8776da97c131e39,19.74662032099991,moving_front,7017,24bfb8b9aac5b87f9f268595cf4462964bd3a01da9d8089f51ed740d780fee86,56,0.005042864346949067
,0.04915978210403949,0.0,34.92287379522321,0,0.0,0.4861561467003485,0.7941585748217115,0.06505295007564296,0.527368489261768,0.9028929832245809,0.8611111111111112,0.8611111111111112,31,36,363.8024003142625,6e2d005a512f8f795588b53a08d35435fd833e215d9a9396f9ada02b8104fa48,f000d324411431a807bac72657424c44472cc457a2b2f856442e941850c00046,0.6444780635400907,0.8109418217135717,,2496.444944574938,15599,1.0,0.19662398542547363,fixed_ring,1.0,0.1060757551165909,0.4848527210274753,e8d942bfb400da9c88c7e15a,6.908836055000165,moving_front,7009,24bfb8b9aac5b87f9f268595cf4462964bd3a01da9d8089f51ed740d780fee86,0,0.0007564296520423601
56,0.04857914093525205,0.0,31.101625450281077,0,0.0,0.5146214473053167,0.8162214528041764,0.08774583963691376,0.591434015081642,13.7682060245032,1.0,0.9722222222222222,35,36,515.4580035074874,5c27fd92e06c33f2542baf1700cf25e04b52092d15caab1ec4dc802b1a93834e,f000d324411431a807bac72657424c44472cc457a2b2f856442e941850c00046,0.6021180030257186,0.8493099806843367,5.583333333333333,1507.7659901644256,14777,1.0,0.24319636482676477,fungal,1.0,0.09667429361882958,0.5147688252281091,e226186148d284de989a78b5,17.034916549999934,moving_front,7010,24bfb8b9aac5b87f9f268595cf4462964bd3a01da9d8089f51ed740d780fee86,56,0.010337871911245588
24,0.23798379979828538,0.0,107.53864882753403,0,0.0,0.28164162011838084,0.4496816691880988,0.670196671709531,0.11979166666666666,7.276064582294664,0.6666666666666666,0.5555555555555556,20,36,435.43041678844224,5772c05e39ffe56db9fe4d550c615751b591862ac0732ff00bde5b9c136479f3,f000d324411431a807bac72657424c44472cc457a2b2f856442e941850c00046,0.2783661119515885,0.5302256681795259,2.3666666666666667,1934.9354923811593,9583,1.0,0.2914054954809934,fungal,1.0,0.060409991217658686,0.2821403807362582,e5e5169093ccc2146e35992a,14.666289984999935,storm,7006,24bfb8b9aac5b87f9f268595cf4462964bd3a01da9d8089f51ed740d780fee86,24,0.05471507816439737
57,0.038690504879610475,0.0,26.06135243627507,0,0.0,0.5170372579679315,0.8524146714905237,0.028744326777609682,0.6738863724790847,13.52599645622005,0.9444444444444444,0.9444444444444444,34,36,512.548132771456,760400fc1b0b776e9c52ee32311a1069b16aa52520e6f2d9a36a2dd8b57f7ebd,f000d324411431a807bac72657424c44472cc457a2b2f856442e941850c00046,0.7715582450832073,0.8597674213970342,5.666666666666667,1548.2274641954164,17707,1.0,0.3475567536106514,economic,1.0,0.09577861650877964,0.5160980505882234,59c2972788fb7ff65b2b27ff,18.03626374800001,moving_front,7012,24bfb8b9aac5b87f9f268595cf4462964bd3a01da9d8089f51ed740d780fee86,57,0.0
44,0.21400655572365104,0.0,98.75457009581442,0,0.0,0.32741626133055995,0.48256272062531513,0.6611195158850227,0.140625,10.319193672421616,0.7222222222222222,0.7222222222222222,26,36,444.9175745519357,fded3c51bb367e0df8af6f8249b634fefe0cc389845c26618e90a9b29d9c3139,f000d324411431a807bac72657424c44472cc457a2b2f856442e941850c00046,0.24962178517397882,0.5820568582955118,4.4,1891.2684804355542,8787,1.0,0.3279045095206974,economic,1.0,0.07578158670210228,0.32810136157337366,a31f322f2bea7a4d98fd62d3,15.149981270000126,storm,7017,24bfb8b9aac5b87f9f268595cf4462964bd3a01da9d8089f51ed740d780fee86,44,0.07791225416036308
40,0.19772755925365607,0.0,92.24659606656581,0,0.0,0.32011650387155716,0.5299262481089259,0.6293494704992436,0.22916666666666666,9.255607343059635,0.6857142857142857,0.6857142857142857,24,35,443.047547847247,9b5a428363b62ad024a6d518c6bdc283191d1cf8739502f5298786104f688bf6,f000d324411431a807bac72657424c44472cc457a2b2f856442e941850c00046,0.2586989409984871,0.5810246469994956,4.0,1791.7177947456964,10264,1.0,0.3670206672607228,economic,1.0,0.07656707492217585,0.31922119263741805,e4d1cf79a4e0534e7d762329,17.18157704400005,storm,7001,24bfb8b9aac5b87f9f268595cf4462964bd3a01da9d8089f51ed740d780fee86,40,0.00529500756429652
57,0.04232527502982868,0.0,29.176045483439804,0,0.0,0.49722120165249645,0.8294806295042519,0.049924357034795766,0.5952175832855888,9.51766816831808,0.9444444444444444,0.9444444444444444,34,36,487.59078437671593,760400fc1b0b776e9c52ee32311a1069b16aa52520e6f2d9a36a2dd8b57f7ebd,f000d324411431a807bac72657424c44472cc457a2b2f856442e941850c00046,0.7503782148260212,0.8369913962935304,1.9,1543.8349289627783,17365,1.0,0.34828516981534896,recruitment,1.0,0.08759413848346422,0.49623002165143476,e9e0f473be492fb6a746fb94,18.332937342999912,moving_front,7012,24bfb8b9aac5b87f9f268595cf4462964bd3a01da9d8089f51ed740d780fee86,57,0.0
30,0.02046299798285426,0.0,30.05062563035804,0,0.0,0.4048006691863907,0.7738354135148763,0.02118003025718608,0.6770833333333333,4.493369825169974,0.9444444444444444,0.9444444444444444,34,36,388.00871635486465,12c2676d5d2da4bfdacb5c9a6312d12b90a39b080a71ade938e7b16bbaabf086,f000d324411431a807bac72657424c44472cc457a2b2f856442e941850c00046,0.7776096822995462,0.7966701336359051,2.9833333333333334,2143.194423546206,16640,0.9997478567826527,0.4606535009051001,economic,1.0,0.18346101724670735,0.4053832576903681,71053d5151ee690f5633f3a5,19.5358264460001,sensor_fault,7019,24bfb8b9aac5b87f9f268595cf4462964bd3a01da9d8089f51ed740d780fee86,30,0.0020171457387796266
0,0.023504475542107914,0.0,31.11183339636914,0,0.0,0.4021660785011001,0.7656171205244579,0.025718608169440244,0.65625,2.354569994674785,1.0,1.0,36,36,408.875866059397,c0265f2f5da1b8f1e6334a7d1da15d24852be86831d4583cf0a020b238d73be2,f000d324411431a807bac72657424c44472cc457a2b2f856442e941850c00046,0.8063540090771558,0.7869389813414018,0.0,2247.1095816535017,17073,1.0,0.2622472877391311,static_tuned,0.9619263741805344,0.17087307710956914,0.40282242813918295,558fd1a3ec8fcf7b242b42bd,13.511960594999891,sensor_fault,7010,24bfb8b9aac5b87f9f268595cf4462964bd3a01da9d8089f51ed740d780fee86,0,0.0032778618255168935
40,0.16430282400403426,0.0,80.40492624810892,0,0.0,0.34881015936807686,0.5740119137670197,0.5703479576399395,0.296875,9.607283012144253,0.8055555555555556,0.8055555555555556,29,36,439.7695375134732,ac5fa5d877e58450b21b5619aadcad71ab1db9e7cd210fd1cd516ef4a934c028,f000d324411431a807bac72657424c44472cc457a2b2f856442e941850c00046,0.3237518910741301,0.6242435703479575,4.0,1578.9921035279494,11355,1.0,0.3792539177327668,economic,1.0,0.05360357965487287,0.3492892713061018,5034d7d2922f499e1ea0808d,16.427727774999994,storm,7014,24bfb8b9aac5b87f9f268595cf4462964bd3a01da9d8089f51ed740d780fee86,40,0.00302571860816944
,0.06514448922193952,0.0,34.239779808886006,0,0.0,0.5083650887021183,0.8252751255899634,0.03479576399394856,0.6468927029949075,38.49875471899563,0.9444444444444444,0.9444444444444444,34,36,1934.347665694524,760400fc1b0b776e9c52ee32311a1069b16aa52520e6f2d9a36a2dd8b57f7ebd,f000d324411431a807bac72657424c44472cc457a2b2f856442e941850c00046,0.8366111951588502,0.8337016008605648,,1045.2139886427917,18421,1.0,0.348828383745892,adaptive,1.0,0.06915623010693416,0.5076428684376958,de82b986e51aa6b05d3db728,9.889806358999977,moving_front,7012,24bfb8b9aac5b87f9f268595cf4462964bd3a01da9d8089f51ed740d780fee86,8,0.0
0,0.054949663058207004,0.0,35.64369327349682,0,0.0,0.4751142288704948,0.7999743221581661,0.11497730711043873,0.4892960621911206,2.3210097425473077,0.8611111111111112,0.8611111111111112,31,36,409.2128977458194,a9dc4e7a83ea86ea436568b7b9e6ff3f12c69e20d2897f78617ebd8a5771ceb1,f000d324411431a807bac72657424c44472cc457a2b2f856442e941850c00046,0.7609682299546142,0.8123573400160693,0.0,2245.124135438166,17172,1.0,0.3292668427800344,static_tuned,1.0,0.10425437806807852,0.47548159100799803,ccb0a69a412e9ff1a0768f5b,5.739586947000134,moving_front,7008,24bfb8b9aac5b87f9f268595cf4462964bd3a01da9d8089f51ed740d780fee86,0,0.0
34,0.02691628845184064,0.0,30.549790405950578,0,0.0,0.4118448007188105,0.7815100226928894,0.0030257186081694403,0.6874999999999999,4.009776210100166,0.9444444444444444,0.9444444444444444,34,36,392.77311752894275,1ffbd60f44c9f81edacbd6236060262a241240e41dabbe8776c51fac2266503a,f000d324411431a807bac72657424c44472cc457a2b2f856442e941850c00046,0.9001512859304085,0.7901301689359556,1.1333333333333333,2140.9031021210976,18450,1.0,0.2920892273386599,greedy_sparse,0.961169944528492,0.1565951918769853,0.4117341149773071,a4f7aed41ae4112a102e8784,13.650184057999923,sensor_fault,7004,24bfb8b9aac5b87f9f268595cf4462964bd3a01da9d8089f51ed740d780fee86,34,0.0
25,0.033992057488653554,0.0,32.73260211800302,0,0.0,0.4075837404946224,0.7733232476046393,0.0,0.6770833333333333,3.233820500390934,0.9166666666666666,0.9166666666666666,33,36,381.8783671957385,7566b3dd58ba1b4b73cead9a88da4a0d93430742ea574afa5e3d674dbfd7a1c5,f000d324411431a807bac72657424c44472cc457a2b2f856442e941850c00046,0.8653555219364599,0.7842520801815431,0.8333333333333334,2131.9667115952593,18232,0.9639435199193143,0.46510897836963544,recruitment,0.9525970751386788,0.19053715205003455,0.40532022188603123,592c623fae9d153c6953dbf2,21.229469994999818,sensor_fault,7013,24bfb8b9aac5b87f9f268595cf4462964bd3a01da9d8089f51ed740d780fee86,25,0.0
,0.04118601865859808,0.0,36.72296551941503,0,0.0,0.41928703257553773,0.7532621028744326,0.01664145234493192,0.6302083333333333,0.8990930870305694,0.9722222222222222,0.9722222222222222,35,36,363.43358218768356,b549dfc41676c63078393edb7074f42e4f0927a271f4a7ecca93c1f6bdaa8078,f000d324411431a807bac72657424c44472cc457a2b2f856442e941850c00046,0.4462934947049924,0.7816991301059,,2497.1785382493804,12662,1.0,0.4199900433686579,fixed_ring,0.9523449319213313,0.17600816557796578,0.4198657337367625,7046e8cd8da296c6fabb4ac4,6.229939206999916,sensor_fault,7015,24bfb8b9aac5b87f9f268595cf4462964bd3a01da9d8089f51ed740d780fee86,0,0.00302571860816944
,0.20091086737266764,0.0,95.79925460161371,0,0.0,0.3294848603334184,0.4950674483106404,0.6580937972768532,0.15625,20.285132741118478,0.8333333333333334,0.7777777777777778,28,36,1002.4563924369385,50b7b3fbf7cedf803850a0428d40ee1ccc4080b783db00698cf7730c8a755b36,f000d324411431a807bac72657424c44472cc457a2b2f856442e941850c00046,0.2859304084720121,0.5867136283408975,,1650.8567367595442,9626,1.0,0.24028984776764853,adaptive,1.0,0.06115299274302263,0.33011850731215325,bfe9835ef9f6c2bc297cc808,9.57057229399993,storm,7011,24bfb8b9aac5b87f9f268595cf4462964bd3a01da9d8089f51ed740d780fee86,23,0.07160867372667674
11,0.02829519667170953,0.0,31.08000031517902,0,0.0,0.4022009736165561,0.7765538325769036,0.0030257186081694403,0.6770833333333333,5.267312397822645,0.9166666666666666,0.9166666666666666,33,36,417.60587737431365,7566b3dd58ba1b4b73cead9a88da4a0d93430742ea574afa5e3d674dbfd7a1c5,f000d324411431a807bac72657424c44472cc457a2b2f856442e941850c00046,0.8850226928895613,0.786284984871407,1.1,2105.371458061813,18554,0.9641956631366615,0.46394202768190324,fungal,0.9546142208774584,0.18152085180026165,0.400631933938477,3cd31e3e13ffb19c662e4d7c,36.999114645999725,sensor_fault,7013,24bfb8b9aac5b87f9f268595cf4462964bd3a01da9d8089f51ed740d780fee86,11,0.0
,0.022795322743318202,0.0,29.560837430660612,0,0.0,0.4231143618716797,0.7880263489662126,0.0015128593040847202,0.6927083333333333,1.8993263803661342,0.9166666666666666,0.8888888888888888,32,36,368.75838815820407,6ef10a6f8528f48913779ce02125f8ae67ac504fa24b04f7d539448adf330dc7,f000d324411431a807bac72657424c44472cc457a2b2f856442e941850c00046,0.8456883509833586,0.7971192637418052,,2385.0291131443173,18195,0.9667170953101362,0.5662923990450882,adaptive,0.9531013615733737,0.18319621870113384,0.4247667675239535,18c93279a4bff1106e2ae98e,22.30623829299975,sensor_fault,7012,24bfb8b9aac5b87f9f268595cf4462964bd3a01da9d8089f51ed740d780fee86,7,0.0
23,0.21278523701462426,0.0,99.0613968734241,0,0.0,0.3258926073397559,0.4796236762481089,0.659606656580938,0.13020833333333331,7.513017365121504,0.75,0.75,27,36,443.43374173073147,fded3c51bb367e0df8af6f8249b634fefe0cc389845c26618e90a9b29d9c3139,f000d324411431a807bac72657424c44472cc457a2b2f856442e941850c00046,0.24205748865355523,0.5798900025214321,2.283333333333333,2026.6692871138464,8688,1.0,0.3274663334254785,fungal,1.0,0.07803676294166904,0.32671457387796266,f19e0dcf31c93831d125c042,15.337320742000202,storm,7017,24bfb8b9aac5b87f9f268595cf4462964bd3a01da9d8089f51ed740d780fee86,23,0.07060010085728693
,0.021006681795259705,0.0,23.57212083963691,0,0.0,0.46571940199988693,0.8390301941502772,0.0,0.765625,2.2012255817037705,0.9444444444444444,0.9444444444444444,34,36,373.46622006618344,ac5fa5d877e58450b21b5619aadcad71ab1db9e7cd210fd1cd516ef4a934c028,f000d324411431a807bac72657424c44472cc457a2b2f856442e941850c00046,0.848714069591528,0.8477527735753909,,2411.2078196643947,17421,1.0,0.42900810859001415,adaptive,1.0,0.21270838691295058,0.465472138174483,70ef015994fa29f84747f8ac,22.57875857199997,sensor_fault,7014,24bfb8b9aac5b87f9f268595cf4462964bd3a01da9d8089f51ed740d780fee86,15,0.0
9,0.023354765506807866,0.0,31.192243444276347,0,0.0,0.4035795795853388,0.7646715834594049,0.028744326777609682,0.6510416666666666,4.015187202656111,1.0,1.0,36,36,399.09033056238,c0265f2f5da1b8f1e6334a7d1da15d24852be86831d4583cf0a020b238d73be2,f000d324411431a807bac72657424c44472cc457a2b2f856442e941850c00046,0.783661119515885,0.7866474407463439,0.9,2184.87619195011,16722,1.0,0.2621522309416041,fungal,0.9601613716591023,0.1715595079553873,0.40343702723146746,14d3a44ef3b70e6c3b8fd561,26.14795306699989,sensor_fault,7010,24bfb8b9aac5b87f9f268595cf4462964bd3a01da9d8089f51ed740d780fee86,9,0.0032778618255168935
,0.03285741301059002,0.0,33.41106435955622,0,0.0,0.42558797855294167,0.7696198940998487,0.0,0.6614583333333333,1.3947269819672323,0.9444444444444444,0.9444444444444444,34,36,366.890586566666,61fbc2c3c47ea0b2f394bf19d5d944ff33916305affd279efd1232b2237e443b,f000d324411431a807bac72657424c44472cc457a2b2f856442e941850c00046,0.75642965204236,0.7858122163388803,,2429.630622499134,16157,1.0,0.4860086283717363,adaptive,0.9533535047907211,0.20213858842120472,0.4257201840645486,37ab61c98be1c121b374c3a3,8.733573988999979,sensor_fault,7008,24bfb8b9aac5b87f9f268595cf4462964bd3a01da9d8089f51ed740d780fee86,3,0.0
43,0.19756209026727178,0.0,91.15556448562782,0,0.0,0.3226836908297424,0.5393894982349975,0.632375189107413,0.24479166666666669,9.196056535740242,0.8055555555555556,0.8055555555555556,29,36,428.630319727719,7bba1255199adfdb1a1ba0c529b8275f13780540abed81a608a55c16f4b1390f,f000d324411431a807bac72657424c44472cc457a2b2f856442e941850c00046,0.3267776096822995,0.5796299798285426,4.3,1630.9016043622041,11363,1.0,0.24629920341071943,economic,1.0,0.0913391160812234,0.3240985879979828,9570fe43a0bba1fe47fb2a32,14.800284669999996,storm,7003,24bfb8b9aac5b87f9f268595cf4462964bd3a01da9d8089f51ed740d780fee86,43,0.0027735753908219867
57,0.04198280716270488,0.0,27.57856969146874,0,0.0,0.5204934268803573,0.8457865690481782,0.024205748865355523,0.6764526551405947,12.45091009691305,1.0,1.0,36,36,498.06713371277954,5e29696557cda66a921641f993e950ae2ed95f14de01a827d8e1fe0231f9c807,f000d324411431a807bac72657424c44472cc457a2b2f856442e941850c00046,0.7715582450832073,0.8579871391067037,5.7,1554.9195885906747,17461,1.0,0.2048147756664337,economic,1.0,0.11977625894828704,0.518908798924147,76b5e5d6e15f37e00e45bb95,15.970533444000012,moving_front,7016,24bfb8b9aac5b87f9f268595cf4462964bd3a01da9d8089f51ed740d780fee86,57,0.0002521432173474533
,0.05854498898074776,0.0,37.444512643274635,0,0.0,0.4749007187442769,0.791017644922945,0.10287443267776097,0.4965793803766292,0.8763647616255495,0.8888888888888888,0.8888888888888888,32,36,363.7926382483025,a9dc4e7a83ea86ea436568b7b9e6ff3f12c69e20d2897f78617ebd8a5771ceb1,f000d324411431a807bac72657424c44472cc457a2b2f856442e941850c00046,0.5930408472012103,0.8107260735906126,,2495.12411497383,14752,1.0,0.33085033889723864,fixed_ring,1.0,0.10975101720313017,0.47479770026644336,532b307ecde7e6d44e15b046,5.947053210000149,moving_front,7008,24bfb8b9aac5b87f9f268595cf4462964bd3a01da9d8089f51ed740d780fee86,0,0.0
30,0.015081316187594554,0.0,28.88737865607665,0,0.0,0.42680383469047944,0.7780745713565305,0.01664145234493192,0.6302083333333333,3.5515066733169443,1.0,1.0,36,36,382.9562651194179,fded3c51bb367e0df8af6f8249b634fefe0cc389845c26618e90a9b29d9c3139,f000d324411431a807bac72657424c44472cc457a2b2f856442e941850c00046,0.686838124054463,0.7966386157337367,1.0,2220.5393619627685,15442,1.0,0.36250719442199825,greedy_sparse,0.9614220877458396,0.16545194446450381,0.4273275970751386,91c8daefe19bf0704fa454cc,36.07154564800021,sensor_fault,7017,24bfb8b9aac5b87f9f268595cf4462964bd3a01da9d8089f51ed740d780fee86,30,0.0005042864346949066
,0.06936236151473905,0.0,40.80713840260952,0,0.0,0.4611019644044303,0.7802093936529705,0.10741301059001512,0.48314089036261776,41.79344263031107,0.9444444444444444,0.9166666666666666,33,36,2089.324061688342,ab258b21f7221620284a3215d026dafd75f9efdf5bedb3e529bdff643d2065af,f000d324411431a807bac72657424c44472cc457a2b2f856442e941850c00046,0.659606656580938,0.7981404563923062,,979.3281882108229,15651,1.0,0.2864874374439068,adaptive,1.0,0.07384846689238843,0.4609137144477524,54840adb7bdbb34e95f9ae76,8.824994212000092,moving_front,7006,24bfb8b9aac5b87f9f268595cf4462964bd3a01da9d8089f51ed740d780fee86,13,0.0007564296520423601
0,0.05581125864188926,0.0,37.867054773399516,0,0.0,0.4587618261536676,0.777331514459581,0.14523449319213314,0.45544985132594384,2.341807634168748,0.9722222222222222,0.9722222222222222,35,36,409.3128006075002,7fc013544a2434726446cf0cb1c220e784a923ebb4fc53407d1bf1d9ae765b5f,f000d324411431a807bac72657424c44472cc457a2b2f856442e941850c00046,0.6822995461422088,0.8003678093156703,0.0,2246.0197721105333,15904,1.0,0.23379480552152498,static_tuned,1.0,0.13247646310691097,0.46023939588276963,5960a13517da3a514a61bee5,6.3081048300000475,moving_front,7019,24bfb8b9aac5b87f9f268595cf4462964bd3a01da9d8089f51ed740d780fee86,0,0.0017650025214321732
34,0.025891956631366616,0.0,26.264183055975796,0,0.0,0.44626346054658816,0.8202297655068078,0.0015128593040847202,0.7239583333333333,5.2414265926358805,0.9722222222222222,0.9722222222222222,35,36,396.9755409873304,e5eb0adce92def657b42daaff1168729498af6b7f7eacaec91555308393fbb04,f000d324411431a807bac72657424c44472cc457a2b2f856442e941850c00046,0.8366111951588502,0.830819780635401,3.3333333333333335,2071.1981093053537,17279,1.0,0.4199146646341307,economic,0.8908219868885526,0.2014873690938293,0.4461516641452345,1f603c9382aa263f5256c908,15.436890725000012,sensor_fault,7005,24bfb8b9aac5b87f9f268595cf4462964bd3a01da9d8089f51ed740d780fee86,34,0.0
,0.045546054695200525,0.0,34.35792589456681,0,0.0,0.4688280432617771,0.7925007219683529,0.07261724659606657,0.5464942883374524,0.9232442697155276,0.9444444444444444,0.9444444444444444,34,36,363.81009175296407,0aace0ec30ee371a7c2663e2411d8b6b713bd3c12b78091846cea85ee9e6f3b4,f000d324411431a807bac72657424c44472cc457a2b2f856442e941850c00046,0.6142208774583964,0.8128274286422259,,2496.347804161226,15146,1.0,0.19012034066531988,fixed_ring,1.0,0.11460979264040236,0.4677247467286883,2be456ed992fd748d9ec9534,7.426264399000047,moving_front,7013,24bfb8b9aac5b87f9f268595cf4462964bd3a01da9d8089f51ed740d780fee86,0,0.0005042864346949066
9,0.03836516641452345,0.0,32.309947049924354,0,0.0,0.43427690212073866,0.787025655572365,0.006051437216338881,0.671875,3.630742656132594,0.9166666666666666,0.9166666666666666,33,36,392.4350767729277,5f8536aad221b558feae01abd9e48012ffd43f0d986448ef31076303591affbe,f000d324411431a807bac72657424c44472cc457a2b2f856442e941850c00046,0.8063540090771558,0.7995067448310639,0.9,2182.012653715251,16717,0.9992435703479576,0.49145283603066303,deadline_fusion,0.959909228441755,0.19170186900312644,0.43333175743822483,99d5455b01bc1148a22a01cc,44.886032784000236,sensor_fault,7000,24bfb8b9aac5b87f9f268595cf4462964bd3a01da9d8089f51ed740d780fee86,9,0.0005042864346949066
50,0.03685252952711484,0.0,28.88703318737317,0,0.0,0.49573902973570116,0.8177058810354618,0.06505295007564296,0.5734626064576492,11.817357156557367,0.8888888888888888,0.8888888888888888,32,36,491.95950271207056,897c3ea0ca4def7c92d6c5bc4c681216da15d36377736736da162a96b99c0650,f000d324411431a807bac72657424c44472cc457a2b2f856442e941850c00046,0.5627836611195158,0.8468656338002086,4.95,1527.7297820597278,13879,1.0,0.32762728568224964,deadline_fusion,1.0,0.0872459857575251,0.496630236987368,c864194c01493c88138ab90d,49.49675201199989,moving_front,7017,24bfb8b9aac5b87f9f268595cf4462964bd3a01da9d8089f51ed740d780fee86,50,0.0030257186081694403
0,0.03528516668366981,0.0,31.0029597460299,0,0.0,0.4773145751702647,0.8063137564053282,0.057488653555219364,0.5608157976667649,2.329974667916766,0.9444444444444444,0.9444444444444444,34,36,409.2166113103859,4359898ad5beb32bbf1d8eff13ccc594cdb32a36c3aec06531a94f326fed618b,f000d324411431a807bac72657424c44472cc457a2b2f856442e941850c00046,0.6081694402420574,0.8281542313474209,0.0,2246.547472614929,15046,1.0,0.23429564987274537,static_tuned,1.0,0.1037734273410162,0.47717172576334427,195ddc53fa04779514016785,5.555470821999961,moving_front,7007,24bfb8b9aac5b87f9f268595cf4462964bd3a01da9d8089f51ed740d780fee86,0,0.0005042864346949066
23,0.2087036686838124,0.0,93.59997478567826,0,0.0,0.3200669800644119,0.5246233610690871,0.6414523449319214,0.21354166666666669,7.517179375406138,0.7777777777777778,0.7777777777777778,28,36,432.25492007195476,61fbc2c3c47ea0b2f394bf19d5d944ff33916305affd279efd1232b2237e443b,f000d324411431a807bac72657424c44472cc457a2b2f856442e941850c00046,0.3177004538577912,0.5842394730206757,2.25,1417.5180809028416,10880,1.0,0.32568122875951255,deadline_fusion,1.0,0.07867072721353507,0.3189926878466969,0b0a756a6d4f8c4e9d1214a5,37.627215731000206,storm,7008,24bfb8b9aac5b87f9f268595cf4462964bd3a01da9d8089f51ed740d780fee86,23,0.024205748865355523
49,0.036883535099204015,0.0,27.453721494846373,0,0.0,0.5009166508716429,0.8335380449755875,0.06505295007564296,0.5974930969549218,12.001959331011959,0.9166666666666666,0.9166666666666666,33,36,499.2295785900364,0aace0ec30ee371a7c2663e2411d8b6b713bd3c12b78091846cea85ee9e6f3b4,f000d324411431a807bac72657424c44472cc457a2b2f856442e941850c00046,0.7110438729198184,0.8482259883384198,4.85,1600.3681257088995,16497,1.0,0.1860900212442361,fungal,1.0,0.10948505357852939,0.4999336572728436,4860f317984409bc577c96a9,17.30766871999981,moving_front,7013,24bfb8b9aac5b87f9f268595cf4462964bd3a01da9d8089f51ed740d780fee86,49,0.0002521432173474533
41,0.22630641704488147,0.0,102.95291225416037,0,0.0,0.31070566787217063,0.46320284921835597,0.6838124054462935,0.14583333333333331,6.689666779330853,0.7777777777777778,0.75,27,36,442.2742729773795,b549dfc41676c63078393edb7074f42e4f0927a271f4a7ecca93c1f6bdaa8078,f000d324411431a807bac72657424c44472cc457a2b2f856442e941850c00046,0.23903177004538578,0.5606404437720625,1.5833333333333333,1997.1746404281814,8587,1.0,0.3170055641340845,greedy_sparse,1.0,0.080635798868282,0.31127868129097325,63dc30ff5b7fcaf4a970cf5b,15.302013402000057,storm,7015,24bfb8b9aac5b87f9f268595cf4462964bd3a01da9d8089f51ed740d780fee86,41,0.05143721633888049
0,0.22167328542612202,0.0,100.95885337871913,0,0.0,0.3145919938657427,0.4836028113968734,0.6656580937972768,0.125,2.710919913554718,0.7777777777777778,0.75,27,36,409.2394930724671,fded3c51bb367e0df8af6f8249b634fefe0cc389845c26618e90a9b29d9c3139,f000d324411431a807bac72657424c44472cc457a2b2f856442e941850c00046,0.25416036308623297,0.5666682425617751,0.0,2243.9929588877735,9170,1.0,0.3248030057336297,static_tuned,1.0,0.04636447731849976,0.31462745839636913,2ae19aea90b6f3e31501ce81,5.50300302200003,storm,7017,24bfb8b9aac5b87f9f268595cf4462964bd3a01da9d8089f51ed740d780fee86,0,0.05774079677256681
19,0.0164208270297529,0.0,24.92258415279879,0,0.0,0.4480026270711179,0.8144225920322742,0.0015128593040847202,0.7239583333333333,3.9541023754693656,1.0,1.0,36,36,387.3978806891437,50b7b3fbf7cedf803850a0428d40ee1ccc4080b783db00698cf7730c8a755b36,f000d324411431a807bac72657424c44472cc457a2b2f856442e941850c00046,0.8653555219364599,0.8253750630358041,1.85,2215.7224754686767,18069,1.0,0.3344956366335183,economic,0.961169944528492,0.18139981126495475,0.44896463691376703,b91961c474518bdbf126024a,14.828892160000123,sensor_fault,7011,24bfb8b9aac5b87f9f268595cf4462964bd3a01da9d8089f51ed740d780fee86,19,0.0
30,0.013796961674230964,0.0,28.516846318709025,0,0.0,0.42488988525832544,0.7782557992939989,0.01664145234493192,0.6197916666666666,5.235445132675216,1.0,1.0,36,36,394.21743433688977,fded3c51bb367e0df8af6f8249b634fefe0cc389845c26618e90a9b29d9c3139,f000d324411431a807bac72657424c44472cc457a2b2f856442e941850c00046,0.7049924357034796,0.7965204236006052,2.9833333333333334,2192.997638616,15681,1.0,0.36258585051123843,economic,0.9614220877458396,0.1658495438235149,0.425601991931417,57acf4236f38035599c20aaf,18.666952260000016,sensor_fault,7017,24bfb8b9aac5b87f9f268595cf4462964bd3a01da9d8089f51ed740d780fee86,30,0.0005042864346949066
56,0.039356079922990596,0.0,26.57803304854043,0,0.0,0.5131929020013926,0.8496858192390107,0.02723146747352496,0.6629147960828841,13.46890064393138,0.9444444444444444,0.9444444444444444,34,36,507.5482204146634,760400fc1b0b776e9c52ee32311a1069b16aa52520e6f2d9a36a2dd8b57f7ebd,f000d324411431a807bac72657424c44472cc457a2b2f856442e941850c00046,0.7715582450832073,0.8567972414951389,5.583333333333333,1516.0204839728653,17690,1.0,0.3473177031462291,deadline_fusion,1.0,0.09435941880250305,0.512423276101893,2f6c0e98cce485a05d94f3aa,47.945724603000144,moving_front,7012,24bfb8b9aac5b87f9f268595cf4462964bd3a01da9d8089f51ed740d780fee86,56,0.0
,0.2110438729198184,0.0,95.66936144730207,0,0.0,0.3244847084196301,0.5198720373171961,0.670196671709531,0.22395833333333331,22.882889993931688,0.75,0.75,27,36,1150.3901520671259,6ef10a6f8528f48913779ce02125f8ae67ac504fa24b04f7d539448adf330dc7,f000d324411431a807bac72657424c44472cc457a2b2f856442e941850c00046,0.29652042360060515,0.5794723903177004,,1844.5373634024845,10643,1.0,0.34682682233870266,adaptive,1.0,0.07721161221759228,0.3240197932425617,89c2337ee44389f348189fcd,7.411235490000081,storm,7012,24bfb8b9aac5b87f9f268595cf4462964bd3a01da9d8089f51ed740d780fee86,24,0.022440746343923346
24,0.021053958648512353,0.0,29.710311081694403,0,0.0,0.4180205205155966,0.7763095688350984,0.018154311649016642,0.6666666666666666,4.43644056391667,0.9444444444444444,0.9444444444444444,34,36,388.56070575688886,b9aa9c192ff362205c201c037cc4f3c7c2aba8b7e0c4fd0ef068255fea54f756,f000d324411431a807bac72657424c44472cc457a2b2f856442e941850c00046,0.7428139183055976,0.7958349092284416,2.3666666666666667,2175.792235362492,15922,1.0,0.39458732750291403,economic,0.9626828038325768,0.1779763207614683,0.4174388552697933,cc6f33f31d4aa6ada184c516,14.177441138999711,sensor_fault,7007,24bfb8b9aac5b87f9f268595cf4462964bd3a01da9d8089f51ed740d780fee86,24,0.0005042864346949066
,0.03868034543620776,0.0,36.56703069843671,0,0.0,0.4191933222136312,0.7555235123550176,0.006051437216338881,0.6614583333333333,3.6853144990502402,0.9166666666666666,0.9166666666666666,33,36,393.48421317460947,fb367cc0d79aa8d9c98eb2a529262d3fdb12211bf1a4b9a1df875515bb387ab8,f000d324411431a807bac72657424c44472cc457a2b2f856442e941850c00046,0.8214826021180031,0.768847705496722,,2417.7984621374458,17456,1.0,0.3522091340473243,adaptive,0.9989914271306103,0.17740628464603228,0.4194323625819465,5029326c3f0486c5107ba134,8.397768897999867,sensor_fault,7002,24bfb8b9aac5b87f9f268595cf4462964bd3a01da9d8089f51ed740d780fee86,13,0.0
56,0.04947756089399772,0.0,29.70904612238927,0,0.0,0.5183113937893296,0.8402404719278768,0.025718608169440244,0.6099566211571565,9.346267195909602,0.9444444444444444,0.9444444444444444,34,36,489.699731024299,33909bb95a53710954872d70bc5591af92a450651324e9fef7a21e0a1cd4da1e,f000d324411431a807bac72657424c44472cc457a2b2f856442e941850c00046,0.6732223903177005,0.8513374183317491,1.8666666666666667,1444.3742280288516,16153,1.0,0.24605520023443625,greedy_sparse,1.0,0.06030952180075768,0.5173334366528033,05ca25889f0deb3d03a5de8d,15.185377848000144,moving_front,7004,24bfb8b9aac5b87f9f268595cf4462964bd3a01da9d8089f51ed740d780fee86,56,0.0005042864346949066
50,0.05067738579640007,0.0,34.0074589843315,0,0.0,0.4847934660586644,0.8021901429506019,0.08472012102874432,0.5223643773165227,7.862662389235453,1.0,1.0,36,36,461.37950881064893,7fc013544a2434726446cf0cb1c220e784a923ebb4fc53407d1bf1d9ae765b5f,f000d324411431a807bac72657424c44472cc457a2b2f856442e941850c00046,0.5900151285930408,0.8284704641522571,1.6666666666666667,1576.4040776542604,14539,1.0,0.23586554546391433,recruitment,1.0,0.10729491096264834,0.48596511703244943,533d861f0a5177c455809143,16.01334954799995,moving_front,7019,24bfb8b9aac5b87f9f268595cf4462964bd3a01da9d8089f51ed740d780fee86,50,0.006303580433686333
29,0.036474092284417545,0.0,34.44788514876449,0,0.0,0.41174141405269044,0.7652546646495209,0.0015128593040847202,0.6666666666666665,4.463364187122664,0.9722222222222222,0.9722222222222222,35,36,385.10555298305997,fb367cc0d79aa8d9c98eb2a529262d3fdb12211bf1a4b9a1df875515bb387ab8,f000d324411431a807bac72657424c44472cc457a2b2f856442e941850c00046,0.886535552193646,0.7751276475037819,2.8,2181.961347200163,18910,1.0,0.3536008560154591,economic,0.9488149268784669,0.1839090554324333,0.4118601865859808,e7bffc876dcd22a351a2c6c7,15.182963309000115,sensor_fault,7002,24bfb8b9aac5b87f9f268595cf4462964bd3a01da9d8089f51ed740d780fee86,29,0.0
,0.22306795259707513,0.0,101.91557929904184,0,0.0,0.3073591463009358,0.49502017145738775,0.642965204236006,0.171875,22.5327073031807,0.7777777777777778,0.75,27,36,1177.4099060951685,956a9ceb80df2feb4bb3b76f79213a7f0cb93b60e4835d44d36852e549355e78,f000d324411431a807bac72657424c44472cc457a2b2f856442e941850c00046,0.2783661119515885,0.5566061522945033,,1371.1517695871419,10067,1.0,0.19459675702591908,adaptive,1.0,0.0764821614658871,0.3070158850226929,88af36b0b4155ac4fc38f787,8.263256088000162,storm,7009,24bfb8b9aac5b87f9f268595cf4462964bd3a01da9d8089f51ed740d780fee86,16,0.03530005042864347
,0.01009360816944024,0.0,24.638371469994958,0,0.0,0.42578346444768383,0.7951730332829047,0.01059001512859304,0.6614583333333333,3.9607444543958987,0.9714285714285714,0.9714285714285714,34,35,382.604295337045,9b5a428363b62ad024a6d518c6bdc283191d1cf8739502f5298786104f688bf6,f000d324411431a807bac72657424c44472cc457a2b2f856442e941850c00046,0.7639939485627837,0.8143122793746848,,2447.374959753134,16430,1.0,0.4896117084924196,adaptive,0.9541099344427635,0.1922803086672082,0.4253262102874433,b388dcc60f9a8a8f01e9e35d,9.832032952999725,sensor_fault,7001,24bfb8b9aac5b87f9f268595cf4462964bd3a01da9d8089f51ed740d780fee86,25,0.0020171457387796266
11,0.03390538325769037,0.0,32.6805581820474,0,0.0,0.42150145944353573,0.7715818835098335,0.0045385779122541605,0.6510416666666666,3.796431565262289,0.9722222222222222,0.9722222222222222,35,36,395.1840291129547,b549dfc41676c63078393edb7074f42e4f0927a271f4a7ecca93c1f6bdaa8078,f000d324411431a807bac72657424c44472cc457a2b2f856442e941850c00046,0.7065052950075643,0.7907211296016134,1.0166666666666666,2141.014639924289,15481,1.0,0.41979988048383166,fungal,0.9591527987897126,0.1697294212682864,0.42145738779626823,8254c82dead34e2419d6d66f,19.610834855999656,sensor_fault,7015,24bfb8b9aac5b87f9f268595cf4462964bd3a01da9d8089f51ed740d780fee86,11,0.0012607160867372667
56,0.04195885499408605,0.0,29.697202942626035,0,0.0,0.5074149775475366,0.8277972465299478,0.05143721633888049,0.6113808723980917,8.61842913473357,0.8888888888888888,0.8888888888888888,32,36,465.0812899801533,4359898ad5beb32bbf1d8eff13ccc594cdb32a36c3aec06531a94f326fed618b,f000d324411431a807bac72657424c44472cc457a2b2f856442e941850c00046,0.529500756429652,0.8531113121829982,1.8666666666666667,1397.1248534845217,13843,1.0,0.23026409171142131,recruitment,1.0,0.10554020974655438,0.5054945907514125,aaa4be9ea5c864c74ee71361,13.732138519000046,moving_front,7007,24bfb8b9aac5b87f9f268595cf4462964bd3a01da9d8089f51ed740d780fee86,56,0.0020171457387796266
,0.037025655572365104,0.0,32.69174703731719,0,0.0,0.4438560916859996,0.7833538199697426,0.0045385779122541605,0.6666666666666665,0.8941496102468479,0.9166666666666666,0.9166666666666666,33,36,363.4292087834431,5f8536aad221b558feae01abd9e48012ffd43f0d986448ef31076303591affbe,f000d324411431a807bac72657424c44472cc457a2b2f856442e941850c00046,0.5416036308623298,0.8020360564800806,,2497.134111166141,13774,0.9994957135653052,0.48910320643756866,fixed_ring,1.0,0.18822462285969785,0.443417486132123,b2827e30b910a074090feae4,6.012921719000133,sensor_fault,7000,24bfb8b9aac5b87f9f268595cf4462964bd3a01da9d8089f51ed740d780fee86,0,0.0007564296520423601
